Unnamed: 1,Unnamed: 2,Unnamed: 3,Unnamed: 4,Unnamed: 5,Unnamed: 6,Unnamed: 7,mes_entrevista
,,,,,,,5
,,,,,,,5
,,,,,,,5
,,,,,,,5
,,,,,,,5
,,,,,,,5
,,,,,,,5
,,,,,,,5
,,,,,,24012.308054568697,5
,,,,,,10406.81512875569,5
,,,,,,13605.49292581299,5
,,,,,,24012.308054568697,5
,,,,,,1735.7045546828922,5
,,,,,,2268.6729766715193,5
,,,,,,4296.956701247115,5
,,,,,,12149.556778142394,5
,,,,,,3561.417043824768,5
,,,,,,24012.308054568697,5
,,,,,,20450.891010743915,5
,,,,,,3561.417043824768,5
,,,,,,24012.308054568697,5
,,,,,,9674.587942436572,5
,,,,,,13980.966363750738,5
,,,,,,24012.308054568697,5
,,,,,,7877.641931692336,5
,,,,,,3923.287695213503,5
,,,,,,8360.363563077983,5
,,,,,,3851.014864584881,5
,,,,,,0.9718026143192522,5
,,,,,,1.2225430631862129,5
,,,,,,1.0645023920295928,5
,,,,,,0.9718026143192522,5
,,,,,,2.909366440923389,5
,,,,,,2.294990384351332,5
,,,,,,1.7974475441329356,5
,,,,,,1.0839151841629586,5
,,,,,,1.6549442966397678,5
,,,,,,0.9718026143192522,5
,,,,,,1.0468088541839005,5
,,,,,,1.6549442966397678,5
,,,,,,0.9718026143192522,5
,,,,,,1.4377812445311464,5
,,,,,,1.237369117879694,5
,,,,,,0.9718026143192522,5
,,,,,,1.4973779991738896,5
,,,,,,1.8951233506106242,5
,,,,,,1.3871823987421552,5
,,,,,,2.138133352164543,5
,,,,,,100.0,5
,,,,,,43.339503662479636,5
,,,,,,56.66049633752033,5
,,,,,,100.0,5
,,,,,,7.228395332670447,5
,,,,,,9.447958819768147,5
,,,,,,17.894809159878143,5
,,,,,,50.59720519382045,5
,,,,,,14.831631493862819,5
,,,,,,100.0,5
,,,,,,85.1683685061372,5
,,,,,,14.831631493862819,5
,,,,,,100.0,5
,,,,,,40.290120884884495,5
,,,,,,58.22416708955493,5
,,,,,,100.0,5
,,,,,,32.80668361321268,5
,,,,,,16.33865302034987,5
,,,,,,34.81699278586134,5
,,,,,,16.037670580576165,5
,,,,,,0.0,5
,,,,,,0.6719983317033071,5
,,,,,,0.5140102194754311,5
,,,,,,0.0,5
,,,,,,2.6007858359645026,5
,,,,,,1.9406551432560704,5
,,,,,,1.4438971760565271,5
,,,,,,0.6120582933376372,5
,,,,,,1.506248070381686,5
,,,,,,0.0,5
,,,,,,0.2623053219181167,5
,,,,,,1.506248070381686,5
,,,,,,0.0,5
,,,,,,1.0785894147593362,5
,,,,,,0.7676801405821363,5
,,,,,,0.0,5
,,,,,,1.087550582099782,5
,,,,,,1.6374714196299434,5
,,,,,,0.9904162549875429,5
,,,,,,1.9558282168060164,5
,,,,,,11.387288976350197,5
,,,,,,10.09483682144647,5
,,,,,,12.623518626988186,5
,,,,,,11.387288976350197,5
,,,,,,5.931334263358866,5
,,,,,,7.426965777676356,5
,,,,,,12.59596924115723,5
,,,,,,13.9710182193581,5
,,,,,,11.877983614787137,5
,,,,,,11.387288976350197,5
,,,,,,11.305952315563218,5
,,,,,,11.877983614787137,5
,,,,,,11.387288976350197,5
,,,,,,10.406529104096334,5
,,,,,,12.10740315483933,5
,,,,,,11.387288976350197,5
,,,,,,9.130553477278001,5
,,,,,,11.555255143388546,5
,,,,,,13.292044092377564,5
,,,,,,13.88169536113663,5
,,,,,,0.9718026143192525,5
,,,,,,1.2225430631862126,5
,,,,,,1.064502392029593,5
,,,,,,0.9718026143192525,5
,,,,,,2.9093664409233866,5
,,,,,,2.2949903843513324,5
,,,,,,1.7974475441329347,5
,,,,,,1.0839151841629586,5
,,,,,,1.6549442966397683,5
,,,,,,0.9718026143192525,5
,,,,,,1.0468088541839002,5
,,,,,,1.6549442966397683,5
,,,,,,0.9718026143192525,5
,,,,,,1.3778564532673863,5
,,,,,,1.1756632297950258,5
,,,,,,0.9718026143192525,5
,,,,,,1.4358725499789193,5
,,,,,,1.7712080058119546,5
,,,,,,1.3412652432018972,5
,,,,,,1.8738027042296022,5
,,,,,,3870.4257757339187,5
,,,,,,1619.2297389853456,5
,,,,,,2251.1960367485717,5
,,,,,,3870.4257757339187,5
,,,,,,93.67227423118788,5
,,,,,,380.3003687095516,5
,,,,,,829.1592536962999,5
,,,,,,2134.778464778349,5
,,,,,,432.5154143185288,5
,,,,,,3870.4257757339187,5
,,,,,,3437.910361415388,5
,,,,,,432.5154143185288,5
,,,,,,3870.4257757339187,5
,,,,,,1065.1020805245596,5
,,,,,,2742.524654161197,5
,,,,,,3870.4257757339187,5
,,,,,,1099.655458510471,5
,,,,,,726.4901817568629,5
,,,,,,1567.338177964534,5
,,,,,,476.9419575020509,5
,,,,,,2.310804029828824,5
,,,,,,2.88460214929967,5
,,,,,,2.530426501710458,5
,,,,,,2.310804029828824,5
,,,,,,11.75138005088356,5
,,,,,,5.563166397385584,5
,,,,,,4.081915699744227,5
,,,,,,2.504613532945384,5
,,,,,,4.922411681201396,5
,,,,,,2.310804029828824,5
,,,,,,2.415874766231109,5
,,,,,,4.922411681201396,5
,,,,,,2.310804029828824,5
,,,,,,3.693254987727182,5
,,,,,,2.738784702082425,5
,,,,,,2.310804029828824,5
,,,,,,4.190515062703368,5
,,,,,,4.123029910892854,5
,,,,,,2.979057311761076,5
,,,,,,4.944579795655898,5
,,,,,,100.0,5
,,,,,,43.339503662479636,5
,,,,,,56.66049633752033,5
,,,,,,100.0,5
,,,,,,7.228395332670447,5
,,,,,,9.447958819768147,5
,,,,,,17.894809159878143,5
,,,,,,50.59720519382045,5
,,,,,,14.831631493862819,5
,,,,,,100.0,5
,,,,,,85.1683685061372,5
,,,,,,14.831631493862819,5
,,,,,,100.0,5
,,,,,,40.290120884884495,5
,,,,,,58.22416708955493,5
,,,,,,100.0,5
,,,,,,32.80668361321268,5
,,,,,,16.33865302034987,5
,,,,,,34.81699278586134,5
,,,,,,16.037670580576165,5
,,,,,,0.0,5
,,,,,,0.6719983317033071,5
,,,,,,0.5140102194754311,5
,,,,,,0.0,5
,,,,,,2.6007858359645026,5
,,,,,,1.9406551432560704,5
,,,,,,1.4438971760565271,5
,,,,,,0.6120582933376372,5
,,,,,,1.506248070381686,5
,,,,,,0.0,5
,,,,,,0.2623053219181167,5
,,,,,,1.506248070381686,5
,,,,,,0.0,5
,,,,,,1.0785894147593362,5
,,,,,,0.7676801405821363,5
,,,,,,0.0,5
,,,,,,1.087550582099782,5
,,,,,,1.6374714196299434,5
,,,,,,0.9904162549875429,5
,,,,,,1.9558282168060164,5
,,,,,,1036.7764327234975,5
,,,,,,469.34832596256524,5
,,,,,,567.4281067609318,5
,,,,,,1036.7764327234975,5
,,,,,,30.99989398387627,5
,,,,,,91.76672828578053,5
,,,,,,213.66764522724196,5
,,,,,,583.6133851996366,5
,,,,,,116.72878002696163,5
,,,,,,1036.7764327234975,5
,,,,,,920.0476526965356,5
,,,,,,116.72878002696163,5
,,,,,,1036.7764327234975,5
,,,,,,295.38721182381596,5
,,,,,,725.3817523781461,5
,,,,,,1036.7764327234975,5
,,,,,,258.50070837244374,5
,,,,,,198.9822928935232,5
,,,,,,425.43476094135167,5
,,,,,,153.85867051617836,5
,,,,,,3.9940481493785795,5
,,,,,,5.105323469529877,5
,,,,,,4.736604918981968,5
,,,,,,3.9940481493785795,5
,,,,,,19.91348273075606,5
,,,,,,10.639911473153083,5
,,,,,,7.735464996211057,5
,,,,,,4.664797886072882,5
,,,,,,9.97491441398718,5
,,,,,,3.9940481493785795,5
,,,,,,4.144485897083193,5
,,,,,,9.97491441398718,5
,,,,,,3.9940481493785795,5
,,,,,,6.572954384762343,5
,,,,,,4.624520801376978,5
,,,,,,3.9940481493785795,5
,,,,,,7.11911326812799,5
,,,,,,8.409566534511086,5
,,,,,,5.610367344844789,5
,,,,,,8.495064211080209,5
,,,,,,100.0,5
,,,,,,45.26996478205428,5
,,,,,,54.73003521794582,5
,,,,,,100.0,5
,,,,,,2.990026876135967,5
,,,,,,8.851158783067586,5
,,,,,,20.60884473096681,5
,,,,,,56.29115079965206,5
,,,,,,11.258818810177635,5
,,,,,,100.0,5
,,,,,,88.74118118982238,5
,,,,,,11.258818810177635,5
,,,,,,100.0,5
,,,,,,28.49092653927971,5
,,,,,,69.96510814512337,5
,,,,,,100.0,5
,,,,,,24.933119640209327,5
,,,,,,19.1924012364767,5
,,,,,,41.034378050413636,5
,,,,,,14.840101072900433,5
,,,,,,0.0,5
,,,,,,3.134303616116781,5
,,,,,,2.5925401610439094,5
,,,,,,0.0,5
,,,,,,19.074007668122892,5
,,,,,,9.71304018215772,5
,,,,,,6.686812619102768,5
,,,,,,2.649939339590647,5
,,,,,,9.094164685533825,5
,,,,,,0.0,5
,,,,,,1.1537997472145922,5
,,,,,,9.094164685533825,5
,,,,,,0.0,5
,,,,,,5.373582332400568,5
,,,,,,2.190683719785286,5
,,,,,,0.0,5
,,,,,,5.754414328898743,5
,,,,,,7.237370952003445,5
,,,,,,3.918815819818856,5
,,,,,,7.90438045946869,5
,,,,,,991.4055091714658,5
,,,,,,475.1992628912194,5
,,,,,,516.2062462802461,5
,,,,,,991.4055091714658,5
,,,,,,36.81699483801197,5
,,,,,,88.17974789677639,5
,,,,,,185.11774659869727,5
,,,,,,584.9810845259566,5
,,,,,,96.3099353120233,5
,,,,,,991.4055091714658,5
,,,,,,895.0955738594421,5
,,,,,,96.3099353120233,5
,,,,,,991.4055091714658,5
,,,,,,258.51559045480127,5
,,,,,,711.8178754089404,5
,,,,,,991.4055091714658,5
,,,,,,257.69384504191316,5
,,,,,,178.35087069328227,5
,,,,,,404.40593343281705,5
,,,,,,150.95486000345292,5
,,,,,,4.2136155766649175,5
,,,,,,5.188660251856462,5
,,,,,,4.938536440202827,5
,,,,,,4.2136155766649175,5
,,,,,,19.52034541098114,5
,,,,,,10.910315257107937,5
,,,,,,7.69461848343,5
,,,,,,4.57533816969374,5
,,,,,,10.585420303358514,5
,,,,,,4.2136155766649175,5
,,,,,,4.338598333417081,5
,,,,,,10.585420303358514,5
,,,,,,4.2136155766649175,5
,,,,,,7.248545471666891,5
,,,,,,4.7053539889938945,5
,,,,,,4.2136155766649175,5
,,,,,,7.586694654379711,5
,,,,,,8.043495519001938,5
,,,,,,5.538305904010981,5
,,,,,,9.03186817065695,5
,,,,,,100.0,5
,,,,,,47.931876360900176,5
,,,,,,52.06812363909985,5
,,,,,,100.0,5
,,,,,,3.71361612351545,5
,,,,,,8.894417781727862,5
,,,,,,18.67225316847425,5
,,,,,,59.00522834645484,5
,,,,,,9.714484579827607,5
,,,,,,100.0,5
,,,,,,90.28551542017237,5
,,,,,,9.714484579827607,5
,,,,,,100.0,5
,,,,,,26.07566611878597,5
,,,,,,71.79886220360221,5
,,,,,,100.0,5
,,,,,,25.992779206691356,5
,,,,,,17.989699375620095,5
,,,,,,40.791172702962506,5
,,,,,,15.226348714726083,5
,,,,,,0.0,5
,,,,,,2.9199359615949905,5
,,,,,,2.687978742291717,5
,,,,,,0.0,5
,,,,,,18.38448706721711,5
,,,,,,9.510243371945483,5
,,,,,,6.676785029239161,5
,,,,,,2.333848803932055,5
,,,,,,9.700781546913143,5
,,,,,,0.0,5
,,,,,,1.0437786427999771,5
,,,,,,9.700781546913143,5
,,,,,,0.0,5
,,,,,,5.925309314029759,5
,,,,,,2.183490367935396,5
,,,,,,0.0,5
,,,,,,5.7295321795954095,5
,,,,,,6.861460991645299,5
,,,,,,4.00783862709686,5
,,,,,,8.194101421163266,5
,,,,,,4244.894266372117,5
,,,,,,1808.3036490648328,5
,,,,,,2436.590617307289,5
,,,,,,4244.894266372117,5
,,,,,,117.43536096702556,5
,,,,,,417.9136161604929,5
,,,,,,894.0474883201335,5
,,,,,,2344.016979538862,5
,,,,,,471.48082138560505,5
,,,,,,4244.894266372117,5
,,,,,,3773.413444986515,5
,,,,,,471.48082138560505,5
,,,,,,4244.894266372117,5
,,,,,,1202.3524771738248,5
,,,,,,2971.6407952047216,5
,,,,,,4244.894266372117,5
,,,,,,1202.230167749165,5
,,,,,,815.0503555933643,5
,,,,,,1697.108020035815,5
,,,,,,530.5057229937775,5
,,,,,,2.2031491114339024,5
,,,,,,2.745649550268826,5
,,,,,,2.4273814258726834,5
,,,,,,2.2031491114339024,5
,,,,,,10.419486385019749,5
,,,,,,5.210754610683228,5
,,,,,,3.9944402300821436,5
,,,,,,2.405974210750116,5
,,,,,,4.655282313819589,5
,,,,,,2.2031491114339024,5
,,,,,,2.3130464411521374,5
,,,,,,4.655282313819589,5
,,,,,,2.2031491114339024,5
,,,,,,3.470900624132304,5
,,,,,,2.636206213808334,5
,,,,,,2.2031491114339024,5
,,,,,,3.9628349627800667,5
,,,,,,4.0275390136504825,5
,,,,,,2.915669275665348,5
,,,,,,4.731040617326031,5
,,,,,,100.0,5
,,,,,,42.59949802260426,5
,,,,,,57.40050197739571,5
,,,,,,100.0,5
,,,,,,2.7665085064036496,5
,,,,,,9.845088945352245,5
,,,,,,21.061713960763203,5
,,,,,,55.2196788058555,5
,,,,,,11.107009781625342,5
,,,,,,100.0,5
,,,,,,88.8929902183746,5
,,,,,,11.107009781625342,5
,,,,,,100.0,5
,,,,,,28.3246743434533,5
,,,,,,70.00506040270395,5
,,,,,,100.0,5
,,,,,,28.321793013154263,5
,,,,,,19.200722195842634,5
,,,,,,39.97998332915462,5
,,,,,,12.49750146184846,5
,,,,,,0.0,5
,,,,,,1.531052060209552,5
,,,,,,1.136262697442705,5
,,,,,,0.0,5
,,,,,,9.858400803384145,5
,,,,,,4.44119196684967,5
,,,,,,3.15783998039224,5
,,,,,,1.3479534489264822,5
,,,,,,4.298934103699719,5
,,,,,,0.0,5
,,,,,,0.537143626545322,5
,,,,,,4.298934103699719,5
,,,,,,0.0,5
,,,,,,2.9628241604538896,5
,,,,,,1.2172168868190085,5
,,,,,,0.0,5
,,,,,,2.9283293107149193,5
,,,,,,3.3928483481298275,5
,,,,,,2.0637360814772756,5
,,,,,,4.528366024397315,5
,,,,,,1.835461075613297,5
,,,,,,1.5706880336832545,5
,,,,,,2.0887163190524,5
,,,,,,1.835461075613297,5
,,,,,,0.3201014643737563,5
,,,,,,1.244991170030803,5
,,,,,,2.4305724217673115,5
,,,,,,2.454824432720725,5
,,,,,,1.442518789908709,5
,,,,,,1.835461075613297,5
,,,,,,1.9005944822122047,5
,,,,,,1.442518789908709,5
,,,,,,1.835461075613297,5
,,,,,,1.145683502570016,5
,,,,,,2.3750040437911397,5
,,,,,,1.835461075613297,5
,,,,,,1.2745518338574127,5
,,,,,,2.1397307721299885,5
,,,,,,2.4918926087349824,5
,,,,,,1.7192255007567527,5
,,,,,,2.310804029828822,5
,,,,,,2.8846021492996687,5
,,,,,,2.53042650171046,5
,,,,,,2.310804029828822,5
,,,,,,11.751380050883556,5
,,,,,,5.563166397385583,5
,,,,,,4.08191569974423,5
,,,,,,2.5046135329453834,5
,,,,,,4.922411681201401,5
,,,,,,2.310804029828822,5
,,,,,,2.4158747662311075,5
,,,,,,4.922411681201401,5
,,,,,,2.310804029828822,5
,,,,,,3.7021157586397546,5
,,,,,,2.72217560145617,5
,,,,,,2.310804029828822,5
,,,,,,4.154663753176577,5
,,,,,,4.073101329446176,5
,,,,,,2.962985839773021,5
,,,,,,4.907433817152312,5
,,,,,,0.4916675571736917,5
,,,,,,0.45527807541418985,5
,,,,,,0.5264740729520643,5
,,,,,,0.4916675571736917,5
,,,,,,0.10593434974343904,5
,,,,,,0.3004171855159792,5
,,,,,,0.6263388891798042,5
,,,,,,0.6711086985785527,5
,,,,,,0.3893120405369078,5
,,,,,,0.4916675571736917,5
,,,,,,0.5086338235320977,5
,,,,,,0.3893120405369078,5
,,,,,,0.4916675571736917,5
,,,,,,0.31773504309561557,5
,,,,,,0.6281746975643203,5
,,,,,,0.4916675571736917,5
,,,,,,0.299614346802609,5
,,,,,,0.5860623390444494,5
,,,,,,0.6763937427119053,5
,,,,,,0.5546120354965992,5
,,,,,,3.9940481493785858,5
,,,,,,5.105323469529875,5
,,,,,,4.736604918981966,5
,,,,,,3.9940481493785858,5
,,,,,,19.913482730756073,5
,,,,,,10.6399114731531,5
,,,,,,7.73546499621106,5
,,,,,,4.664797886072881,5
,,,,,,9.974914413987177,5
,,,,,,3.9940481493785858,5
,,,,,,4.144485897083201,5
,,,,,,9.974914413987177,5
,,,,,,3.9940481493785858,5
,,,,,,6.591726196185569,5
,,,,,,4.618686561141959,5
,,,,,,3.9940481493785858,5
,,,,,,7.108403100854275,5
,,,,,,8.384120728450867,5
,,,,,,5.586987514312196,5
,,,,,,8.510271744037205,5
,,,,,,0.47015143234151124,5
,,,,,,0.46095361137947616,5
,,,,,,0.4789491421456127,5
,,,,,,0.47015143234151124,5
,,,,,,0.12581283051164374,5
,,,,,,0.2886744703391912,5
,,,,,,0.5426485776486373,5
,,,,,,0.672681443375383,5
,,,,,,0.32121142216718973,5
,,,,,,0.47015143234151124,5
,,,,,,0.4948394605697141,5
,,,,,,0.32121142216718973,5
,,,,,,0.47015143234151124,5
,,,,,,0.2780738602964198,5
,,,,,,0.6164284904327016,5
,,,,,,0.47015143234151124,5
,,,,,,0.298679154666162,5
,,,,,,0.5252966328267761,5
,,,,,,0.6429602561959745,5
,,,,,,0.5441447134161724,5
,,,,,,4.213615576664918,5
,,,,,,5.188660251856455,5
,,,,,,4.938536440202826,5
,,,,,,4.213615576664918,5
,,,,,,19.52034541098114,5
,,,,,,10.910315257107934,5
,,,,,,7.694618483430007,5
,,,,,,4.575338169693741,5
,,,,,,10.58542030335851,5
,,,,,,4.213615576664918,5
,,,,,,4.3385983334170835,5
,,,,,,10.58542030335851,5
,,,,,,4.213615576664918,5
,,,,,,7.247889613421749,5
,,,,,,4.70989044568682,5
,,,,,,4.213615576664918,5
,,,,,,7.574275134753368,5
,,,,,,8.030339802333394,5
,,,,,,5.515020610230174,5
,,,,,,9.028680623791141,5
,,,,,,2.0130442094688368,5
,,,,,,1.7540938351538038,5
,,,,,,2.260730075098343,5
,,,,,,2.0130442094688368,5
,,,,,,0.40130584341347875,5
,,,,,,1.3681258414788073,5
,,,,,,2.620783835160793,5
,,,,,,2.695431983703131,5
,,,,,,1.5724756191682177,5
,,,,,,2.0130442094688368,5
,,,,,,2.086072066664971,5
,,,,,,1.5724756191682177,5
,,,,,,2.0130442094688368,5
,,,,,,1.2933177228363126,5
,,,,,,2.5734167583862697,5
,,,,,,2.0130442094688368,5
,,,,,,1.3934406937778252,5
,,,,,,2.4005669594613677,5
,,,,,,2.69821216046956,5
,,,,,,1.9123060005983594,5
,,,,,,2.203149111433901,5
,,,,,,2.7456495502688223,5
,,,,,,2.4273814258726882,5
,,,,,,2.203149111433901,5
,,,,,,10.419486385019763,5
,,,,,,5.2107546106832245,5
,,,,,,3.9944402300821427,5
,,,,,,2.4059742107501174,5
,,,,,,4.655282313819593,5
,,,,,,2.203149111433901,5
,,,,,,2.313046441152139,5
,,,,,,4.655282313819593,5
,,,,,,2.203149111433901,5
,,,,,,3.4858439064268,5
,,,,,,2.6166766319598156,5
,,,,,,2.203149111433901,5
,,,,,,3.927110754363202,5
,,,,,,3.9698107476813944,5
,,,,,,2.8955839897931783,5
,,,,,,4.695768390195962,5
,,,,,,24012.308054568697,5
,,,,,,3768.1372352974104,5
,,,,,,20235.517723922512,5
,,,,,,10406.81512875569,5
,,,,,,1670.8734760564407,5
,,,,,,8734.262811563847,5
,,,,,,13605.49292581299,5
,,,,,,2097.2637592409696,5
,,,,,,11501.254912358676,5
,,,,,,24012.308054568697,5
,,,,,,3768.1372352974104,5
,,,,,,20235.517723922512,5
,,,,,,9674.587942436572,5
,,,,,,1353.7092258321002,5
,,,,,,8317.36123173865,5
,,,,,,13980.966363750738,5
,,,,,,2358.862278946422,5
,,,,,,11616.968474321386,5
,,,,,,24012.308054568697,5
,,,,,,3768.1372352974104,5
,,,,,,20235.517723922512,5
,,,,,,20450.891010743915,5
,,,,,,3223.554442973148,5
,,,,,,17220.802207599823,5
,,,,,,3561.417043824768,5
,,,,,,544.5827923242613,5
,,,,,,3014.715516322702,5
,,,,,,0.9718026143192522,5
,,,,,,2.0342579671050967,5
,,,,,,1.056299802101902,5
,,,,,,1.2225430631862129,5
,,,,,,2.7972001912757793,5
,,,,,,1.3265825923766683,5
,,,,,,1.0645023920295928,5
,,,,,,2.4282367424130222,5
,,,,,,1.1592784156198868,5
,,,,,,0.9718026143192522,5
,,,,,,2.0342579671050967,5
,,,,,,1.056299802101902,5
,,,,,,1.4377812445311464,5
,,,,,,3.2711014123462676,5
,,,,,,1.5438351156123773,5
,,,,,,1.237369117879694,5
,,,,,,2.423093439016223,5
,,,,,,1.3446599495516847,5
,,,,,,0.9718026143192522,5
,,,,,,2.0342579671050967,5
,,,,,,1.056299802101902,5
,,,,,,1.0468088541839005,5
,,,,,,2.2042401756922425,5
,,,,,,1.1403310315371928,5
,,,,,,1.6549442966397678,5
,,,,,,4.329079063685212,5
,,,,,,1.80898935513826,5
,,,,,,100.0,5
,,,,,,15.698181138243916,5
,,,,,,84.30181886175617,5
,,,,,,100.0,5
,,,,,,16.05816041106923,5
,,,,,,83.94183958893076,5
,,,,,,100.0,5
,,,,,,15.422736916345764,5
,,,,,,84.57726308365432,5
,,,,,,100.0,5
,,,,,,15.698181138243916,5
,,,,,,84.30181886175617,5
,,,,,,100.0,5
,,,,,,13.997511772570967,5
,,,,,,86.00248822742905,5
,,,,,,100.0,5
,,,,,,16.878154297875135,5
,,,,,,83.12184570212493,5
,,,,,,100.0,5
,,,,,,15.698181138243916,5
,,,,,,84.30181886175617,5
,,,,,,100.0,5
,,,,,,15.737481840924932,5
,,,,,,84.26251815907504,5
,,,,,,100.0,5
,,,,,,11.954948956644186,5
,,,,,,88.0450510433558,5
,,,,,,0.0,5
,,,,,,1.860847303587027,5
,,,,,,0.3465158692510014,5
,,,,,,0.0,5
,,,,,,2.5446428913699752,5
,,,,,,0.486792807241438,5
,,,,,,0.0,5
,,,,,,2.2356089713056604,5
,,,,,,0.4076652253238157,5
,,,,,,0.0,5
,,,,,,1.860847303587027,5
,,,,,,0.3465158692510014,5
,,,,,,0.0,5
,,,,,,3.013495470236234,5
,,,,,,0.49046765030419087,5
,,,,,,0.0,5
,,,,,,2.17652091045065,5
,,,,,,0.4419494712711682,5
,,,,,,0.0,5
,,,,,,1.860847303587027,5
,,,,,,0.3465158692510014,5
,,,,,,0.0,5
,,,,,,6.409431824677553,5
,,,,,,1.1970721876728754,5
,,,,,,0.0,5
,,,,,,5.8779223560431655,5
,,,,,,0.7981171105575345,5
,,,,,,4244.894266372117,5
,,,,,,1326.8442237900035,5
,,,,,,2915.8486942924696,5
,,,,,,1808.3036490648328,5
,,,,,,609.0212038463998,5
,,,,,,1198.8869689787866,5
,,,,,,2436.590617307289,5
,,,,,,717.8230199436047,5
,,,,,,1716.9617253136796,5
,,,,,,4244.894266372117,5
,,,,,,1326.8442237900035,5
,,,,,,2915.8486942924696,5
,,,,,,1202.3524771738248,5
,,,,,,397.3238212596901,5
,,,,,,805.0286559141347,5
,,,,,,2971.6407952047216,5
,,,,,,905.5088801179267,5
,,,,,,2063.9305667971475,5
,,,,,,4244.894266372117,5
,,,,,,1326.8442237900035,5
,,,,,,2915.8486942924696,5
,,,,,,3773.413444986515,5
,,,,,,1174.7357711336042,5
,,,,,,2596.8367789616073,5
,,,,,,471.48082138560505,5
,,,,,,152.1084526563993,5
,,,,,,319.01191533086046,5
,,,,,,2.2031491114339024,5
,,,,,,3.479210311907662,5
,,,,,,2.6346376030362233,5
,,,,,,2.745649550268826,5
,,,,,,4.793840545357641,5
,,,,,,3.2985332500560496,5
,,,,,,2.4273814258726834,5
,,,,,,4.067440210200794,5
,,,,,,2.878342239693433,5
,,,,,,2.2031491114339024,5
,,,,,,3.479210311907662,5
,,,,,,2.6346376030362233,5
,,,,,,3.470900624132304,5
,,,,,,6.139453739326601,5
,,,,,,4.078402508740481,5
,,,,,,2.636206213808334,5
,,,,,,3.91243669311345,5
,,,,,,3.174062795133908,5
,,,,,,2.2031491114339024,5
,,,,,,3.479210311907662,5
,,,,,,2.6346376030362233,5
,,,,,,2.3130464411521374,5
,,,,,,3.655834361967389,5
,,,,,,2.7674799641166787,5
,,,,,,4.655282313819589,5
,,,,,,8.260928707607164,5
,,,,,,5.475486747102511,5
,,,,,,100.0,5
,,,,,,31.273633265677987,5
,,,,,,68.72636673432197,5
,,,,,,100.0,5
,,,,,,33.68651201430725,5
,,,,,,66.31348798569272,5
,,,,,,100.0,5
,,,,,,29.48199101961073,5
,,,,,,70.51800898038928,5
,,,,,,100.0,5
,,,,,,31.273633265677987,5
,,,,,,68.72636673432197,5
,,,,,,100.0,5
,,,,,,33.0455360472675,5
,,,,,,66.95446395273254,5
,,,,,,100.0,5
,,,,,,30.494269922178503,5
,,,,,,69.50573007782153,5
,,,,,,100.0,5
,,,,,,31.273633265677987,5
,,,,,,68.72636673432197,5
,,,,,,100.0,5
,,,,,,31.147107884851632,5
,,,,,,68.85289211514835,5
,,,,,,100.0,5
,,,,,,32.286537155301446,5
,,,,,,67.71346284469863,5
,,,,,,0.0,5
,,,,,,2.850682638587925,5
,,,,,,1.2971906945214942,5
,,,,,,0.0,5
,,,,,,3.8205247314199484,5
,,,,,,1.9407839366510686,5
,,,,,,0.0,5
,,,,,,3.397119438715855,5
,,,,,,1.4202591115784082,5
,,,,,,0.0,5
,,,,,,2.850682638587925,5
,,,,,,1.2971906945214942,5
,,,,,,0.0,5
,,,,,,4.836584494675489,5
,,,,,,2.387107861505492,5
,,,,,,0.0,5
,,,,,,3.2777043964176014,5
,,,,,,1.438028238500048,5
,,,,,,0.0,5
,,,,,,2.850682638587925,5
,,,,,,1.2971906945214942,5
,,,,,,0.0,5
,,,,,,3.0038441523163746,5
,,,,,,1.358854435990996,5
,,,,,,0.0,5
,,,,,,6.578342640864229,5
,,,,,,3.136627417529795,5
,,,,,,2819.794311027456,5
,,,,,,1678.986309584049,5
,,,,,,888.9480743046809,5
,,,,,,671.1984627360181,5
,,,,,,1439.1751187646198,5
,,,,,,941.3482141495944,5
,,,,,,385.91602355327785,5
,,,,,,599.477139496472,5
,,,,,,459.5216730880003,5
,,,,,,1117.7475904943421,5
,,,,,,1229.1638374277109,5
,,,,,,709.2975154714529,5
,,,,,,396.57509425362224,5
,,,,,,319.4260625315772,5
,,,,,,655.7723266919177,5
,,,,,,432.543389492573,5
,,,,,,169.4686131347363,5
,,,,,,282.3392831604637,5
,,,,,,218.44132538161506,5
,,,,,,532.0066564616166,5
,,,,,,1590.6304735997473,5
,,,,,,969.6887941125962,5
,,,,,,492.37298005105805,5
,,,,,,351.7724002044409,5
,,,,,,783.4027920727018,5
,,,,,,508.8048246570211,5
,,,,,,216.4474104185414,5
,,,,,,317.13785633600895,5
,,,,,,241.08034770638534,5
,,,,,,585.7409340327263,5
,,,,,,2819.794311027456,5
,,,,,,1678.986309584049,5
,,,,,,888.9480743046809,5
,,,,,,671.1984627360181,5
,,,,,,1439.1751187646198,5
,,,,,,941.3482141495944,5
,,,,,,385.91602355327785,5
,,,,,,599.477139496472,5
,,,,,,459.5216730880003,5
,,,,,,1117.7475904943421,5
,,,,,,923.8070968606681,5
,,,,,,532.7404487444587,5
,,,,,,305.7717137653966,5
,,,,,,215.01720955112654,5
,,,,,,477.33716528707146,5
,,,,,,432.6855419298755,5
,,,,,,188.60190375968895,5
,,,,,,264.1613155204718,5
,,,,,,203.38434339663877,5
,,,,,,415.5705622846933,5
,,,,,,1857.7925109304822,5
,,,,,,1121.377416729854,5
,,,,,,571.4591256280384,5
,,,,,,446.674921146976,5
,,,,,,942.0315733517698,5
,,,,,,497.5165101134502,5
,,,,,,192.90700721515933,5
,,,,,,327.28987489922434,5
,,,,,,249.3839952667742,5
,,,,,,685.9173617471467,5
,,,,,,2819.794311027456,5
,,,,,,1678.986309584049,5
,,,,,,888.9480743046809,5
,,,,,,671.1984627360181,5
,,,,,,1439.1751187646198,5
,,,,,,941.3482141495944,5
,,,,,,385.91602355327785,5
,,,,,,599.477139496472,5
,,,,,,459.5216730880003,5
,,,,,,1117.7475904943421,5
,,,,,,2409.1630117041827,5
,,,,,,1428.351911025973,5
,,,,,,764.5505486701296,5
,,,,,,564.4735347312925,5
,,,,,,1230.4915618080206,5
,,,,,,807.3303888787292,5
,,,,,,328.3129352995689,5
,,,,,,518.2699873363061,5
,,,,,,395.90427529185826,5
,,,,,,948.8128088318276,5
,,,,,,410.63129932327365,5
,,,,,,250.63439855807584,5
,,,,,,124.397525634551,5
,,,,,,106.72492800472588,5
,,,,,,208.68355695659875,5
,,,,,,134.01782527086533,5
,,,,,,57.60308825370886,5
,,,,,,81.20715216016617,5
,,,,,,63.617397796142015,5
,,,,,,168.93478166251546,5
,,,,,,2.305079664220693,5
,,,,,,2.9585294653893603,5
,,,,,,4.299542982859843,5
,,,,,,4.401070178870354,5
,,,,,,3.2208249806080747,5
,,,,,,4.205055276662736,5
,,,,,,6.564563529397535,5
,,,,,,5.320958829423299,5
,,,,,,5.940617843285477,5
,,,,,,3.641866910310411,5
,,,,,,3.1816815307996835,5
,,,,,,4.206803883497403,5
,,,,,,5.57734346542774,5
,,,,,,6.250982809760838,5
,,,,,,4.379005600983729,5
,,,,,,5.6631140383571,5
,,,,,,8.620683461962102,5
,,,,,,7.250242005957895,5
,,,,,,8.253902895829997,5
,,,,,,4.989842915440011,5
,,,,,,2.734960369580877,5
,,,,,,3.373484242078516,5
,,,,,,5.33787128195173,5
,,,,,,5.271642981191924,5
,,,,,,4.015444104322374,5
,,,,,,5.220054180916804,5
,,,,,,8.120721646948567,5
,,,,,,6.648143220017418,5
,,,,,,6.971556166814659,5
,,,,,,4.460594437122778,5
,,,,,,2.305079664220693,5
,,,,,,2.9585294653893603,5
,,,,,,4.299542982859843,5
,,,,,,4.401070178870354,5
,,,,,,3.2208249806080747,5
,,,,,,4.205055276662736,5
,,,,,,6.564563529397535,5
,,,,,,5.320958829423299,5
,,,,,,5.940617843285477,5
,,,,,,3.641866910310411,5
,,,,,,3.859247359778524,5
,,,,,,5.0531323400076555,5
,,,,,,7.321799945933731,5
,,,,,,7.085701555193602,5
,,,,,,5.402895275460173,5
,,,,,,5.837330383331853,5
,,,,,,8.75485225698748,5
,,,,,,7.6276685867891905,5
,,,,,,8.938559706108613,5
,,,,,,5.656118327511747,5
,,,,,,2.697878514956211,5
,,,,,,3.4108182008362973,5
,,,,,,4.935090916803966,5
,,,,,,5.289005564974417,5
,,,,,,3.776539251532021,5
,,,,,,5.528001067920476,5
,,,,,,9.245574272786056,5
,,,,,,6.651011772939046,5
,,,,,,7.295888294796874,5
,,,,,,4.338068171463975,5
,,,,,,2.305079664220693,5
,,,,,,2.9585294653893603,5
,,,,,,4.299542982859843,5
,,,,,,4.401070178870354,5
,,,,,,3.2208249806080747,5
,,,,,,4.205055276662736,5
,,,,,,6.564563529397535,5
,,,,,,5.320958829423299,5
,,,,,,5.940617843285477,5
,,,,,,3.641866910310411,5
,,,,,,2.5045779425343393,5
,,,,,,3.25455413045087,5
,,,,,,4.655200989390862,5
,,,,,,4.788000993760266,5
,,,,,,3.498047489060199,5
,,,,,,4.547629337266745,5
,,,,,,7.251297539372674,5
,,,,,,5.689201716357708,5
,,,,,,6.579569122228665,5
,,,,,,3.9366310460426734,5
,,,,,,5.024038390280226,5
,,,,,,6.30963782628175,5
,,,,,,9.501725095504208,5
,,,,,,9.890093775501287,5
,,,,,,7.002480248079533,5
,,,,,,8.317465408863752,5
,,,,,,11.521492116555212,5
,,,,,,11.394422177366684,5
,,,,,,10.955719979328212,5
,,,,,,7.459202644659197,5
,,,,,,74.83257999771061,5
,,,,,,44.5574618104781,5
,,,,,,23.59118096808165,5
,,,,,,17.812473931381152,5
,,,,,,38.19327770982916,5
,,,,,,24.981792205752715,5
,,,,,,10.241559674055184,5
,,,,,,15.909111108825018,5
,,,,,,12.194929334937862,5
,,,,,,29.663133816465702,5
,,,,,,73.5641480364364,5
,,,,,,42.45070172192339,5
,,,,,,23.734597498645446,5
,,,,,,19.117310024304174,5
,,,,,,39.24727611570312,5
,,,,,,25.887261704186745,5
,,,,,,10.142516208630743,5
,,,,,,16.897705733341034,5
,,,,,,13.073480937478022,5
,,,,,,31.840032419285716,5
,,,,,,75.84312972515298,5
,,,,,,46.23590093711159,5
,,,,,,23.476922150662404,5
,,,,,,16.77292131971767,5
,,,,,,37.35356550271136,5
,,,,,,24.26041180634168,5
,,,,,,10.320466820867443,5
,,,,,,15.121505577857594,5
,,,,,,11.494994210629756,5
,,,,,,27.928815889362195,5
,,,,,,74.83257999771061,5
,,,,,,44.5574618104781,5
,,,,,,23.59118096808165,5
,,,,,,17.812473931381152,5
,,,,,,38.19327770982916,5
,,,,,,24.981792205752715,5
,,,,,,10.241559674055184,5
,,,,,,15.909111108825018,5
,,,,,,12.194929334937862,5
,,,,,,29.663133816465702,5
,,,,,,68.24265353534996,5
,,,,,,39.354127059080454,5
,,,,,,22.58769519557972,5
,,,,,,15.883559441575004,5
,,,,,,35.261425140518014,5
,,,,,,31.96296026304406,5
,,,,,,13.932231542838075,5
,,,,,,19.513888985878534,5
,,,,,,15.024226733154025,5
,,,,,,30.698657758592887,5
,,,,,,78.75798971020282,5
,,,,,,47.53891003889863,5
,,,,,,24.22604874936904,5
,,,,,,18.936032219162954,5
,,,,,,39.93584457048185,5
,,,,,,21.091375895656956,5
,,,,,,8.177968206830641,5
,,,,,,13.874903923827524,5
,,,,,,10.572215151880796,5
,,,,,,29.078313213500053,5
,,,,,,74.83257999771061,5
,,,,,,44.5574618104781,5
,,,,,,23.59118096808165,5
,,,,,,17.812473931381152,5
,,,,,,38.19327770982916,5
,,,,,,24.981792205752715,5
,,,,,,10.241559674055184,5
,,,,,,15.909111108825018,5
,,,,,,12.194929334937862,5
,,,,,,29.663133816465702,5
,,,,,,74.73622841878134,5
,,,,,,44.309842948040234,5
,,,,,,23.71762482053726,5
,,,,,,17.510904336105057,5
,,,,,,38.17188707609093,5
,,,,,,25.044726346675667,5
,,,,,,10.184811241989125,5
,,,,,,16.07759374022845,5
,,,,,,12.28160660214284,5
,,,,,,29.433745438985657,5
,,,,,,75.40291487557161,5
,,,,,,46.02319465298869,5
,,,,,,22.84272059049581,5
,,,,,,19.597557893672604,5
,,,,,,38.319895504950566,5
,,,,,,24.609265507432166,5
,,,,,,10.57747124323573,5
,,,,,,14.911810160871372,5
,,,,,,11.681859708534882,5
,,,,,,31.02095476456527,5
,,,,,,1.1764265436079884,5
,,,,,,2.22798826915215,5
,,,,,,3.6778695032072233,5
,,,,,,4.063558316513148,5
,,,,,,2.5224685636586983,5
,,,,,,3.5755701821676533,5
,,,,,,6.162696525169128,5
,,,,,,4.807759679946386,5
,,,,,,5.475462489763032,5
,,,,,,3.0839504021610353,5
,,,,,,1.6901426899061656,5
,,,,,,3.261583785461893,5
,,,,,,4.916282456564687,5
,,,,,,5.6759287163246155,5
,,,,,,3.469406325610401,5
,,,,,,4.782211912430879,5
,,,,,,8.222884051735333,5
,,,,,,6.464388905652265,5
,,,,,,7.539698163371554,5
,,,,,,4.0438165446513405,5
,,,,,,1.3439550708074988,5
,,,,,,2.582132664815136,5
,,,,,,4.47773009811214,5
,,,,,,4.82210254896697,5
,,,,,,3.0765181362322136,5
,,,,,,4.432743174627063,5
,,,,,,7.547937716257082,5
,,,,,,6.045736805704634,5
,,,,,,6.504760474511909,5
,,,,,,3.825655258264254,5
,,,,,,1.1764265436079884,5
,,,,,,2.22798826915215,5
,,,,,,3.6778695032072233,5
,,,,,,4.063558316513148,5
,,,,,,2.5224685636586983,5
,,,,,,3.5755701821676533,5
,,,,,,6.162696525169128,5
,,,,,,4.807759679946386,5
,,,,,,5.475462489763032,5
,,,,,,3.0839504021610353,5
,,,,,,2.2419167427073132,5
,,,,,,3.899117813198546,5
,,,,,,6.395798061334045,5
,,,,,,6.781574766324322,5
,,,,,,4.464889399725217,5
,,,,,,4.665389391497599,5
,,,,,,8.11334673835149,5
,,,,,,6.6635541330055075,5
,,,,,,8.021487855111722,5
,,,,,,4.716914618745807,5
,,,,,,1.2854522608827863,5
,,,,,,2.5457766522447525,5
,,,,,,4.231943308621067,5
,,,,,,4.796524056914274,5
,,,,,,2.8992596544924063,5
,,,,,,4.87017934147862,5
,,,,,,8.81365984885857,5
,,,,,,6.147795532623021,5
,,,,,,6.907187497417961,5
,,,,,,3.7068795558587624,5
,,,,,,1.1764265436079884,5
,,,,,,2.22798826915215,5
,,,,,,3.6778695032072233,5
,,,,,,4.063558316513148,5
,,,,,,2.5224685636586983,5
,,,,,,3.5755701821676533,5
,,,,,,6.162696525169128,5
,,,,,,4.807759679946386,5
,,,,,,5.475462489763032,5
,,,,,,3.0839504021610353,5
,,,,,,1.3046986535831375,5
,,,,,,2.429250892248434,5
,,,,,,4.044237339792852,5
,,,,,,4.463224040007267,5
,,,,,,2.7958122958838247,5
,,,,,,3.866570396535639,5
,,,,,,6.841064187260044,5
,,,,,,5.136849705175474,5
,,,,,,6.077065432459617,5
,,,,,,3.35177170681639,5
,,,,,,2.2930388200035816,5
,,,,,,4.594003383070764,5
,,,,,,8.108642353093275,5
,,,,,,8.891414794524634,5
,,,,,,5.403170193203234,5
,,,,,,7.301146556500291,5
,,,,,,11.118280864594103,5
,,,,,,10.470940626148119,5
,,,,,,10.481526643277293,5
,,,,,,6.316202000012673,5
,,,,,,1038.133114064166,5
,,,,,,604.5683837242939,5
,,,,,,384.5922855975404,5
,,,,,,275.42002256543566,5
,,,,,,589.2711421369178,5
,,,,,,323.4107372443488,5
,,,,,,109.97105537288657,5
,,,,,,240.17678962187557,5
,,,,,,188.28039196919065,5
,,,,,,453.6549738776189,5
,,,,,,468.15115744483,5
,,,,,,271.75677176690186,5
,,,,,,170.40208558293736,5
,,,,,,134.0741051896524,5
,,,,,,271.7441599713187,5
,,,,,,152.37333326192382,5
,,,,,,53.312651461330354,5
,,,,,,114.02840146320506,5
,,,,,,92.16538641512017,5
,,,,,,222.79845259358683,5
,,,,,,569.9819566193362,5
,,,,,,332.8116119573915,5
,,,,,,214.19020001460285,5
,,,,,,141.34591737578322,5
,,,,,,317.52698216559867,5
,,,,,,171.0374039824251,5
,,,,,,56.65840391155624,5
,,,,,,126.14838815867043,5
,,,,,,96.11500555407052,5
,,,,,,230.8565212840321,5
,,,,,,1038.133114064166,5
,,,,,,604.5683837242939,5
,,,,,,384.5922855975404,5
,,,,,,275.42002256543566,5
,,,,,,589.2711421369178,5
,,,,,,323.4107372443488,5
,,,,,,109.97105537288657,5
,,,,,,240.17678962187557,5
,,,,,,188.28039196919065,5
,,,,,,453.6549738776189,5
,,,,,,291.0922526322552,5
,,,,,,169.99277542757318,5
,,,,,,106.77925625487401,5
,,,,,,74.97035650424891,5
,,,,,,162.11089420627047,5
,,,,,,122.46886153310899,5
,,,,,,45.86897455290633,5
,,,,,,88.4102524166878,5
,,,,,,68.46074271646614,5
,,,,,,142.31207874744663,5
,,,,,,728.5312089488393,5
,,,,,,420.50120266300274,5
,,,,,,270.9334637428881,5
,,,,,,197.01789146006425,5
,,,,,,417.3878268022523,5
,,,,,,196.10917993350145,5
,,,,,,63.475127178811846,5
,,,,,,147.34307180011834,5
,,,,,,115.39618384765514,5
,,,,,,303.4876551239805,5
,,,,,,1038.133114064166,5
,,,,,,604.5683837242939,5
,,,,,,384.5922855975404,5
,,,,,,275.42002256543566,5
,,,,,,589.2711421369178,5
,,,,,,323.4107372443488,5
,,,,,,109.97105537288657,5
,,,,,,240.17678962187557,5
,,,,,,188.28039196919065,5
,,,,,,453.6549738776189,5
,,,,,,911.6526356608799,5
,,,,,,541.7664647590269,5
,,,,,,333.85880215929325,5
,,,,,,229.02768732736908,5
,,,,,,505.03291140411386,5
,,,,,,286.83519206590245,5
,,,,,,101.6276470631733,5
,,,,,,211.0499337456555,5
,,,,,,170.13656270862947,5
,,,,,,390.0755385816159,5
,,,,,,126.48047840328631,5
,,,,,,62.801918965267035,5
,,,,,,50.733483438247134,5
,,,,,,46.392335238066494,5
,,,,,,84.23823073280373,5
,,,,,,36.57554517844639,5
,,,,,,8.343408309713256,5
,,,,,,29.126855876220098,5
,,,,,,18.143829260561187,5
,,,,,,63.579435296002984,5
,,,,,,3.95351273018901,5
,,,,,,5.121193149815755,5
,,,,,,6.414664091614035,5
,,,,,,7.384907924629057,5
,,,,,,5.0851591728577965,5
,,,,,,7.434141056699451,5
,,,,,,11.617481398287627,5
,,,,,,9.133604733544253,5
,,,,,,9.95292129898528,5
,,,,,,6.148707333471047,5
,,,,,,5.572388506467264,5
,,,,,,7.144231873193705,5
,,,,,,9.036304541077,5
,,,,,,10.831667088077538,5
,,,,,,7.470330954821723,5
,,,,,,9.241456253360505,5
,,,,,,14.700952436666315,5
,,,,,,11.204569566465485,5
,,,,,,12.732281058440895,5
,,,,,,8.203832118991796,5
,,,,,,4.386197615147258,5
,,,,,,5.642529437569782,5
,,,,,,7.344966871783319,5
,,,,,,8.537551249951626,5
,,,,,,5.792726112972975,5
,,,,,,9.76576115487681,5
,,,,,,15.90589107879783,5
,,,,,,12.042639190478578,5
,,,,,,11.927247980539137,5
,,,,,,7.774076648748385,5
,,,,,,3.95351273018901,5
,,,,,,5.121193149815755,5
,,,,,,6.414664091614035,5
,,,,,,7.384907924629057,5
,,,,,,5.0851591728577965,5
,,,,,,7.434141056699451,5
,,,,,,11.617481398287627,5
,,,,,,9.133604733544253,5
,,,,,,9.95292129898528,5
,,,,,,6.148707333471047,5
,,,,,,7.357209817058958,5
,,,,,,9.906419907284224,5
,,,,,,12.725552821199065,5
,,,,,,12.287316534581977,5
,,,,,,9.692312972725299,5
,,,,,,10.674850084337697,5
,,,,,,19.15447867716908,5
,,,,,,12.873230334570723,5
,,,,,,15.198555321118059,5
,,,,,,9.74796751841648,5
,,,,,,4.383622801944177,5
,,,,,,5.591111032268714,5
,,,,,,7.18637994594226,5
,,,,,,8.433346882681489,5
,,,,,,5.732369706519773,5
,,,,,,8.749360558351963,5
,,,,,,14.476814892852662,5
,,,,,,10.43603214993234,5
,,,,,,11.594069695353452,5
,,,,,,6.770001211783034,5
,,,,,,3.95351273018901,5
,,,,,,5.121193149815755,5
,,,,,,6.414664091614035,5
,,,,,,7.384907924629057,5
,,,,,,5.0851591728577965,5
,,,,,,7.434141056699451,5
,,,,,,11.617481398287627,5
,,,,,,9.133604733544253,5
,,,,,,9.95292129898528,5
,,,,,,6.148707333471047,5
,,,,,,4.209773405193174,5
,,,,,,5.483768203135887,5
,,,,,,6.813662172123487,5
,,,,,,8.132165402791136,5
,,,,,,5.518403882591663,5
,,,,,,7.550780928802412,5
,,,,,,12.140196366885508,5
,,,,,,9.245442055850031,5
,,,,,,10.711359387832037,5
,,,,,,6.483918243036658,5
,,,,,,9.274890719127486,5
,,,,,,12.371658144963968,5
,,,,,,15.591795937708019,5
,,,,,,15.684587529707498,5
,,,,,,10.996857996877923,5
,,,,,,19.386336719485982,5
,,,,,,33.80246552813564,5
,,,,,,22.43784671535032,5
,,,,,,18.54447300570603,5
,,,,,,12.65627361088027,5
,,,,,,78.24076824171851,5
,,,,,,45.56438298366336,5
,,,,,,28.985488929438038,5
,,,,,,20.757525082991627,5
,,,,,,44.41147887381385,5
,,,,,,24.374431560666306,5
,,,,,,8.288166267081806,5
,,,,,,18.10135548058786,5
,,,,,,14.190090184919045,5
,,,,,,34.19052257557382,5
,,,,,,76.86943483874197,5
,,,,,,44.621890018043025,5
,,,,,,27.979663845318985,5
,,,,,,22.014685916168386,5
,,,,,,44.61981918774949,5
,,,,,,25.019380655316844,5
,,,,,,8.753825174661126,5
,,,,,,18.723223550023402,5
,,,,,,15.133362489356788,5
,,,,,,36.58303704147855,5
,,,,,,79.40424600260341,5
,,,,,,46.36402047729522,5
,,,,,,29.83885917052795,5
,,,,,,19.69091453585425,5
,,,,,,44.23471710207134,5
,,,,,,23.82723864105982,5
,,,,,,7.893088175969555,5
,,,,,,17.573745150800722,5
,,,,,,13.389791478353782,5
,,,,,,32.16064613004043,5
,,,,,,78.24076824171851,5
,,,,,,45.56438298366336,5
,,,,,,28.985488929438038,5
,,,,,,20.757525082991627,5
,,,,,,44.41147887381385,5
,,,,,,24.374431560666306,5
,,,,,,8.288166267081806,5
,,,,,,18.10135548058786,5
,,,,,,14.190090184919045,5
,,,,,,34.19052257557382,5
,,,,,,73.26322688364519,5
,,,,,,42.78444088467237,5
,,,,,,26.874617262145843,5
,,,,,,18.868830030517717,5
,,,,,,40.80069845606244,5
,,,,,,30.82343795668463,5
,,,,,,11.544481377301194,5
,,,,,,22.25143514838571,5
,,,,,,17.23046519068899,5
,,,,,,35.81765580937365,5
,,,,,,80.45544609722228,5
,,,,,,46.438109210838405,5
,,,,,,29.920575014968747,5
,,,,,,21.757698437414113,5
,,,,,,46.094283111601754,5
,,,,,,21.657344752705406,5
,,,,,,7.009884560220465,5
,,,,,,16.27185277088939,5
,,,,,,12.743793725427276,5
,,,,,,33.515701699629524,5
,,,,,,78.24076824171851,5
,,,,,,45.56438298366336,5
,,,,,,28.985488929438038,5
,,,,,,20.757525082991627,5
,,,,,,44.41147887381385,5
,,,,,,24.374431560666306,5
,,,,,,8.288166267081806,5
,,,,,,18.10135548058786,5
,,,,,,14.190090184919045,5
,,,,,,34.19052257557382,5
,,,,,,77.60490980717708,5
,,,,,,46.11815508403463,5
,,,,,,28.419906021685485,5
,,,,,,19.496102268713617,5
,,,,,,42.99119204625589,5
,,,,,,24.416996495229743,5
,,,,,,8.651106875302174,5
,,,,,,17.965736545333495,5
,,,,,,14.482964330306372,5
,,,,,,33.20538525912071,5
,,,,,,83.15151209183325,5
,,,,,,41.28759307487761,5
,,,,,,33.353493873775676,5
,,,,,,30.49951164966684,5
,,,,,,55.38037450363859,5
,,,,,,24.04570195784423,5
,,,,,,5.485170721288144,5
,,,,,,19.14874247127824,5
,,,,,,11.928218940959598,5
,,,,,,41.79875226238989,5
,,,,,,1.8422528497380648,5
,,,,,,3.870134104151717,5
,,,,,,5.360705942527109,5
,,,,,,6.58202768389457,5
,,,,,,3.811664434671854,5
,,,,,,6.452725377916059,5
,,,,,,10.922349103736153,5
,,,,,,8.183408344915744,5
,,,,,,9.117027174474426,5
,,,,,,5.007706859721123,5
,,,,,,2.6025313554643623,5
,,,,,,5.487981356486481,5
,,,,,,7.786861509373179,5
,,,,,,9.402839772312541,5
,,,,,,5.503484834535181,5
,,,,,,8.208437624471165,5
,,,,,,14.037681346982723,5
,,,,,,10.231101835259885,5
,,,,,,11.797630721671185,5
,,,,,,6.444579090297021,5
,,,,,,2.0011761624900575,5
,,,,,,4.399236916073916,5
,,,,,,5.872353356213412,5
,,,,,,7.5123583032620695,5
,,,,,,4.21415008285328,5
,,,,,,8.120456494545863,5
,,,,,,14.680977383953595,5
,,,,,,10.496689301994802,5
,,,,,,10.6673169783271,5
,,,,,,6.254623588562472,5
,,,,,,1.8422528497380648,5
,,,,,,3.870134104151717,5
,,,,,,5.360705942527109,5
,,,,,,6.58202768389457,5
,,,,,,3.811664434671854,5
,,,,,,6.452725377916059,5
,,,,,,10.922349103736153,5
,,,,,,8.183408344915744,5
,,,,,,9.117027174474426,5
,,,,,,5.007706859721123,5
,,,,,,3.6460274233484884,5
,,,,,,7.359047805291233,5
,,,,,,10.772298856596631,5
,,,,,,11.554020522382032,5
,,,,,,7.5735398385551225,5
,,,,,,8.973136613479126,5
,,,,,,17.91617860444473,5
,,,,,,11.279245374377538,5
,,,,,,13.604499396675237,5
,,,,,,8.022729749818962,5
,,,,,,1.9606669191453256,5
,,,,,,4.232159736846142,5
,,,,,,5.961843177620978,5
,,,,,,7.448046611647165,5
,,,,,,4.167782482879912,5
,,,,,,7.750250895128043,5
,,,,,,13.847738673543583,5
,,,,,,9.57874399880645,5
,,,,,,10.922605587741705,5
,,,,,,5.572814379191314,5
,,,,,,1.8422528497380648,5
,,,,,,3.870134104151717,5
,,,,,,5.360705942527109,5
,,,,,,6.58202768389457,5
,,,,,,3.811664434671854,5
,,,,,,6.452725377916059,5
,,,,,,10.922349103736153,5
,,,,,,8.183408344915744,5
,,,,,,9.117027174474426,5
,,,,,,5.007706859721123,5
,,,,,,2.047175631252281,5
,,,,,,4.1091917157749265,5
,,,,,,5.862223391098925,5
,,,,,,7.39168667039484,5
,,,,,,4.27925922987666,5
,,,,,,6.640807803177445,5
,,,,,,11.538751640511249,5
,,,,,,8.380939480794828,5
,,,,,,9.88503848798144,5
,,,,,,5.364524521585939,5
,,,,,,3.273570117500788,5
,,,,,,9.50787916226293,5
,,,,,,12.179744303313338,5
,,,,,,12.694303606759307,5
,,,,,,7.214158091619552,5
,,,,,,16.23489333460611,5
,,,,,,32.93999416658234,5
,,,,,,19.476303394716656,5
,,,,,,17.956959273970636,5
,,,,,,9.59170412344228,5
,,,,,,1117.7475904943421,5
,,,,,,532.0066564616166,5
,,,,,,585.7409340327263,5
,,,,,,1117.7475904943421,5
,,,,,,415.5705622846933,5
,,,,,,685.9173617471467,5
,,,,,,1117.7475904943421,5
,,,,,,948.8128088318276,5
,,,,,,168.93478166251546,5
,,,,,,3.641866910310411,5
,,,,,,4.989842915440011,5
,,,,,,4.460594437122778,5
,,,,,,3.641866910310411,5
,,,,,,5.656118327511747,5
,,,,,,4.338068171463975,5
,,,,,,3.641866910310411,5
,,,,,,3.9366310460426734,5
,,,,,,7.459202644659197,5
,,,,,,100.0,5
,,,,,,47.59631431872093,5
,,,,,,52.40368568127918,5
,,,,,,100.0,5
,,,,,,37.17928500305697,5
,,,,,,61.36603358221403,5
,,,,,,100.0,5
,,,,,,84.88614217564087,5
,,,,,,15.11385782435919,5
,,,,,,0.0,5
,,,,,,3.150360443989368,5
,,,,,,2.8613549592934473,5
,,,,,,0.0,5
,,,,,,4.194290884490651,5
,,,,,,2.5458838766824483,5
,,,,,,0.0,5
,,,,,,1.215720429960788,5
,,,,,,6.828026203684244,5
,,,,,,29.663133816465702,5
,,,,,,31.840032419285716,5
,,,,,,27.928815889362195,5
,,,,,,29.663133816465702,5
,,,,,,30.698657758592887,5
,,,,,,29.078313213500053,5
,,,,,,29.663133816465702,5
,,,,,,29.433745438985657,5
,,,,,,31.02095476456527,5
,,,,,,3.0839504021610353,5
,,,,,,4.0438165446513405,5
,,,,,,3.825655258264254,5
,,,,,,3.0839504021610353,5
,,,,,,4.716914618745807,5
,,,,,,3.7068795558587624,5
,,,,,,3.0839504021610353,5
,,,,,,3.35177170681639,5
,,,,,,6.316202000012673,5
,,,,,,453.6549738776189,5
,,,,,,222.79845259358683,5
,,,,,,230.8565212840321,5
,,,,,,453.6549738776189,5
,,,,,,142.31207874744663,5
,,,,,,303.4876551239805,5
,,,,,,453.6549738776189,5
,,,,,,390.0755385816159,5
,,,,,,63.579435296002984,5
,,,,,,6.148707333471047,5
,,,,,,8.203832118991796,5
,,,,,,7.774076648748385,5
,,,,,,6.148707333471047,5
,,,,,,9.74796751841648,5
,,,,,,6.770001211783034,5
,,,,,,6.148707333471047,5
,,,,,,6.483918243036658,5
,,,,,,12.65627361088027,5
,,,,,,100.0,5
,,,,,,49.111872551339104,5
,,,,,,50.88812744866094,5
,,,,,,100.0,5
,,,,,,31.37011317897238,5
,,,,,,66.89834182350471,5
,,,,,,100.0,5
,,,,,,85.98506817801268,5
,,,,,,14.014931821987386,5
,,,,,,0.0,5
,,,,,,5.190607462919531,5
,,,,,,5.009428818934495,5
,,,,,,0.0,5
,,,,,,7.227668272704042,5
,,,,,,3.4363396524152905,5
,,,,,,0.0,5
,,,,,,1.8409011736430492,5
,,,,,,11.294383371622772,5
,,,,,,34.19052257557382,5
,,,,,,36.58303704147855,5
,,,,,,32.16064613004043,5
,,,,,,34.19052257557382,5
,,,,,,35.81765580937365,5
,,,,,,33.515701699629524,5
,,,,,,34.19052257557382,5
,,,,,,33.20538525912071,5
,,,,,,41.79875226238989,5
,,,,,,5.007706859721123,5
,,,,,,6.444579090297021,5
,,,,,,6.254623588562472,5
,,,,,,5.007706859721123,5
,,,,,,8.022729749818962,5
,,,,,,5.572814379191314,5
,,,,,,5.007706859721123,5
,,,,,,5.364524521585939,5
,,,,,,9.59170412344228,5
,,,,,,112.83037820647459,5
,,,,,,67.00714715939071,5
,,,,,,45.82323104708392,5
,,,,,,112.83037820647459,5
,,,,,,48.0138696882753,5
,,,,,,63.49401695165115,5
,,,,,,112.83037820647459,5
,,,,,,66.40312869260882,5
,,,,,,46.427249513865824,5
,,,,,,9.179378775222233,5
,,,,,,12.073381210820369,5
,,,,,,12.80538327726114,5
,,,,,,9.179378775222233,5
,,,,,,14.170354308187266,5
,,,,,,11.682246038497198,5
,,,,,,9.179378775222233,5
,,,,,,12.491099868206623,5
,,,,,,12.698227183365294,5
,,,,,,100.0,5
,,,,,,59.3875055853935,5
,,,,,,40.61249441460654,5
,,,,,,100.0,5
,,,,,,42.55402707275523,5
,,,,,,56.27386698594581,5
,,,,,,100.0,5
,,,,,,58.852172391990045,5
,,,,,,41.147827608009976,5
,,,,,,0.0,5
,,,,,,6.8643111313052785,5
,,,,,,10.03765765994554,5
,,,,,,0.0,5
,,,,,,10.247184065328101,5
,,,,,,7.762261165494082,5
,,,,,,0.0,5
,,,,,,7.188758201518171,5
,,,,,,10.281807365152922,5
,,,,,,10.094441640135724,5
,,,,,,12.595170820804409,5
,,,,,,7.823122541837535,5
,,,,,,10.094441640135724,5
,,,,,,11.553722531333355,5
,,,,,,9.256802713073373,5
,,,,,,10.094441640135724,5
,,,,,,6.998548931307529,5
,,,,,,27.48235091493149,5
,,,,,,8.8968634001694,5
,,,,,,11.500975325734696,5
,,,,,,12.549566801906472,5
,,,,,,8.8968634001694,5
,,,,,,13.655256131599424,5
,,,,,,11.219672117734314,5
,,,,,,8.8968634001694,5
,,,,,,12.254425328485699,5
,,,,,,11.163557186340247,5
,,,,,,30.74314602229151,5
,,,,,,21.055395905711848,5
,,,,,,9.687750116579668,5
,,,,,,30.74314602229151,5
,,,,,,13.867116606829462,5
,,,,,,16.876029415462053,5
,,,,,,30.74314602229151,5
,,,,,,19.19525620454563,5
,,,,,,11.547889817745887,5
,,,,,,19.727232550054865,5
,,,,,,23.60975444353386,5
,,,,,,27.2622378910596,5
,,,,,,19.727232550054865,5
,,,,,,29.698974190088652,5
,,,,,,22.76972078727393,5
,,,,,,19.727232550054865,5
,,,,,,26.722422347988704,5
,,,,,,23.407630757180222,5
,,,,,,100.0,5
,,,,,,68.48809777127174,5
,,,,,,31.511902228728278,5
,,,,,,100.0,5
,,,,,,45.10636808859631,5
,,,,,,54.89363191140371,5
,,,,,,100.0,5
,,,,,,62.437514334503575,5
,,,,,,37.56248566549644,5
,,,,,,0.0,5
,,,,,,10.215501573427547,5
,,,,,,22.202413090303665,5
,,,,,,0.0,5
,,,,,,18.89252858967448,5
,,,,,,15.524083924079987,5
,,,,,,0.0,5
,,,,,,12.566786497618768,5
,,,,,,20.888897477955226,5
,,,,,,27.247224117278865,5
,,,,,,31.422612062004568,5
,,,,,,21.14156923291897,5
,,,,,,27.247224117278865,5
,,,,,,28.881480907204892,5
,,,,,,26.57892857576277,5
,,,,,,27.247224117278865,5
,,,,,,28.90715630795603,5
,,,,,,24.873086255727966,5
,,,,,,16.074584103017113,5
,,,,,,18.861267482299247,5
,,,,,,24.111473955821996,5
,,,,,,16.074584103017113,5
,,,,,,23.79703513633494,5
,,,,,,19.283411647284236,5
,,,,,,16.074584103017113,5
,,,,,,21.464691598462238,5
,,,,,,20.4335331850621,5
,,,,,,61.42946876594152,5
,,,,,,38.28639874165759,5
,,,,,,23.143070024283936,5
,,,,,,61.42946876594152,5
,,,,,,23.75414370460537,5
,,,,,,37.67532506133614,5
,,,,,,61.42946876594152,5
,,,,,,36.44327209529078,5
,,,,,,24.98619667065074,5
,,,,,,12.708842838497212,5
,,,,,,16.018443035300344,5
,,,,,,17.171001026853148,5
,,,,,,12.708842838497212,5
,,,,,,20.514585842118006,5
,,,,,,15.045952949275598,5
,,,,,,12.708842838497212,5
,,,,,,17.08461046591393,5
,,,,,,17.22040267548757,5
,,,,,,100.0,5
,,,,,,62.325785182249206,5
,,,,,,37.67421481775079,5
,,,,,,100.0,5
,,,,,,38.66897139402813,5
,,,,,,61.33102860597186,5
,,,,,,100.0,5
,,,,,,59.32539028482713,5
,,,,,,40.674609715172885,5
,,,,,,0.0,5
,,,,,,8.135233346954196,5
,,,,,,13.458404068738286,5
,,,,,,0.0,5
,,,,,,14.904692473500988,5
,,,,,,9.397349759082244,5
,,,,,,0.0,5
,,,,,,9.522746302747564,5
,,,,,,13.889270111008676,5
,,,,,,13.541010746751594,5
,,,,,,17.184319862174682,5
,,,,,,10.024871680280617,5
,,,,,,13.541010746751594,5
,,,,,,16.691586486316837,5
,,,,,,12.414121110114039,5
,,,,,,13.541010746751594,5
,,,,,,9.342619182890836,5
,,,,,,39.29917992244504,5
,,,,,,12.3695984601654,5
,,,,,,15.338267152851248,5
,,,,,,17.039496426455635,5
,,,,,,12.3695984601654,5
,,,,,,19.186968179430337,5
,,,,,,14.539982959951706,5
,,,,,,12.3695984601654,5
,,,,,,16.613037738132014,5
,,,,,,14.8209794203737,5
,,,,,,22.149670836965623,5
,,,,,,25.11130919854045,5
,,,,,,36.05707697287807,5
,,,,,,18.085946976808852,5
,,,,,,210869.40100000007,5
,,,,,,61541.39324164641,5
,,,,,,148760.99690701743,5
,,,,,,103090.47399999996,5
,,,,,,29234.922995275767,5
,,,,,,73605.4888509991,5
,,,,,,107778.92700000008,5
,,,,,,32306.470246370638,5
,,,,,,75155.50805601839,5
,,,,,,210869.40100000007,5
,,,,,,61541.39324164641,5
,,,,,,148760.99690701743,5
,,,,,,92966.51982290966,5
,,,,,,36504.4313655143,5
,,,,,,56195.62967357981,5
,,,,,,115474.5256678972,5
,,,,,,24227.173706953956,5
,,,,,,90977.45676666006,5
,,,,,,210869.40100000007,5
,,,,,,61541.39324164641,5
,,,,,,148760.99690701743,5
,,,,,,180886.05400000003,5
,,,,,,51283.02801668769,5
,,,,,,129129.97080200857,5
,,,,,,29983.346999999994,5
,,,,,,10258.365224958718,5
,,,,,,19631.026105008958,5
,,,,,,0.0,5
,,,,,,0.8627255588506794,5
,,,,,,0.3554302705650103,5
,,,,,,0.0,5
,,,,,,0.9413400337190507,5
,,,,,,0.3721144292881888,5
,,,,,,0.0,5
,,,,,,0.8801564025438805,5
,,,,,,0.3779374551968801,5
,,,,,,0.0,5
,,,,,,0.8627255588506794,5
,,,,,,0.3554302705650103,5
,,,,,,0.4918286120901391,5
,,,,,,1.2636378096700343,5
,,,,,,0.6468085571658246,5
,,,,,,0.39763649516712807,5
,,,,,,1.113461334148845,5
,,,,,,0.5010836570052677,5
,,,,,,0.0,5
,,,,,,0.8627255588506794,5
,,,,,,0.3554302705650103,5
,,,,,,0.0,5
,,,,,,0.93112728139443,5
,,,,,,0.368469187120151,5
,,,,,,0.0,5
,,,,,,1.1109407695425744,5
,,,,,,0.5806187691797202,5
,,,,,,100.0,5
,,,,,,29.26328759180646,5
,,,,,,70.73671240819344,5
,,,,,,100.0,5
,,,,,,28.42746588663601,5
,,,,,,71.57253411336403,5
,,,,,,100.0,5
,,,,,,30.063163508364738,5
,,,,,,69.93683649163522,5
,,,,,,100.0,5
,,,,,,29.26328759180646,5
,,,,,,70.73671240819344,5
,,,,,,100.0,5
,,,,,,39.379080182179585,5
,,,,,,60.62091981782037,5
,,,,,,100.0,5
,,,,,,21.02968744168913,5
,,,,,,78.97031255831091,5
,,,,,,100.0,5
,,,,,,29.26328759180646,5
,,,,,,70.73671240819344,5
,,,,,,100.0,5
,,,,,,28.425350918435722,5
,,,,,,71.57464908156429,5
,,,,,,100.0,5
,,,,,,34.32109109118417,5
,,,,,,65.67890890881577,5
,,,,,,0.0,5
,,,,,,0.8606687242178083,5
,,,,,,0.35605268524101763,5
,,,,,,0.0,5
,,,,,,0.939266307334101,5
,,,,,,0.37306155553909787,5
,,,,,,0.0,5
,,,,,,0.8784537415321916,5
,,,,,,0.3776135694867427,5
,,,,,,0.0,5
,,,,,,0.8606687242178083,5
,,,,,,0.35605268524101763,5
,,,,,,0.0,5
,,,,,,0.9914821874428718,5
,,,,,,0.644062423926438,5
,,,,,,0.0,5
,,,,,,1.062867182345176,5
,,,,,,0.28304009332929425,5
,,,,,,0.0,5
,,,,,,0.8606687242178083,5
,,,,,,0.35605268524101763,5
,,,,,,0.0,5
,,,,,,0.9290525505139275,5
,,,,,,0.36896645822086593,5
,,,,,,0.0,5
,,,,,,1.1094278983102348,5
,,,,,,0.5797412988371936,5
,,,,,,68024.22888377227,5
,,,,,,2778.7752063304174,5
,,,,,,65245.4536774419,5
,,,,,,22189.066042218303,5
,,,,,,681.1204248548324,5
,,,,,,21507.945617363475,5
,,,,,,45835.162841553996,5
,,,,,,2097.6547814755827,5
,,,,,,43737.50806007841,5
,,,,,,0.21082637359087433,5
,,,,,,1.9195760174191445,5
,,,,,,0.22803766576211565,5
,,,,,,0.24851380814986593,5
,,,,,,3.5214415944405517,5
,,,,,,0.2704741010678131,5
,,,,,,0.3179166548624507,5
,,,,,,2.243425807421886,5
,,,,,,0.33995051041961777,5
,,,,,,100.0,5
,,,,,,100.0,5
,,,,,,100.0,5
,,,,,,32.61935696490001,5
,,,,,,24.511533833436804,5
,,,,,,32.96466558987187,5
,,,,,,67.38064303509995,5
,,,,,,75.48846616656323,5
,,,,,,67.03533441012807,5
,,,,,,0.0,5
,,,,,,0.0,5
,,,,,,0.0,5
,,,,,,0.30079229698557264,5
,,,,,,3.116682599880551,5
,,,,,,0.31754255153005967,5
,,,,,,0.14561528156615436,5
,,,,,,1.0120045468468406,5
,,,,,,0.1561517386890453,5
,,,,,,3348.4834865007037,5
,,,,,,1521.5965409374091,5
,,,,,,1826.886945563295,5
,,,,,,3348.4834865007037,5
,,,,,,3041.571235758737,5
,,,,,,306.9122507419668,5
,,,,,,3348.4834865007037,5
,,,,,,628.9250101032651,5
,,,,,,2645.4127288303257,5
,,,,,,3348.4834865007037,5
,,,,,,1170.200308249211,5
,,,,,,589.0588854893683,5
,,,,,,1200.1109914830681,5
,,,,,,389.1133012790569,5
,,,,,,2.642837745676792,5
,,,,,,3.3283399986317552,5
,,,,,,2.600272933677121,5
,,,,,,2.642837745676792,5
,,,,,,2.7323439921863875,5
,,,,,,4.619117808074862,5
,,,,,,2.642837745676792,5
,,,,,,4.262052781503005,5
,,,,,,3.028763960748034,5
,,,,,,2.642837745676792,5
,,,,,,4.454494643524319,5
,,,,,,4.673407126933303,5
,,,,,,3.2646047528955586,5
,,,,,,5.385223368194555,5
,,,,,,100.0,5
,,,,,,45.4413631445899,5
,,,,,,54.55863685541016,5
,,,,,,100.0,5
,,,,,,90.83429104610275,5
,,,,,,9.165708953897278,5
,,,,,,100.0,5
,,,,,,18.782383507004123,5
,,,,,,79.003308198927,5
,,,,,,100.0,5
,,,,,,34.94717274153609,5
,,,,,,17.591810975450205,5
,,,,,,35.84043332814019,5
,,,,,,11.62058295487356,5
,,,,,,0.0,5
,,,,,,1.4446575106014052,5
,,,,,,1.2032413260759103,5
,,,,,,0.0,5
,,,,,,0.42051400175993303,5
,,,,,,4.167390805986878,5
,,,,,,0.0,5
,,,,,,4.042192165452985,5
,,,,,,1.0305568229969102,5
,,,,,,0.0,5
,,,,,,2.856566918662796,5
,,,,,,3.8268743808745134,5
,,,,,,2.5179627744228195,5
,,,,,,5.313968314497473,5
,,,,,,18.287062512575037,5
,,,,,,16.53837916926203,5
,,,,,,20.053045019548208,5
,,,,,,18.287062512575037,5
,,,,,,18.211396191657435,5
,,,,,,19.07238521709689,5
,,,,,,18.287062512575037,5
,,,,,,16.866100094712298,5
,,,,,,18.5406246407632,5
,,,,,,18.287062512575037,5
,,,,,,13.788734127871928,5
,,,,,,20.242730558368045,5
,,,,,,22.90356307170858,5
,,,,,,23.24164921446752,5
,,,,,,2.6428377456767924,5
,,,,,,3.3283399986317552,5
,,,,,,2.600272933677121,5
,,,,,,2.6428377456767924,5
,,,,,,2.732343992186387,5
,,,,,,4.619117808074864,5
,,,,,,2.6428377456767924,5
,,,,,,3.712945604574857,5
,,,,,,2.9527241597954053,5
,,,,,,2.6428377456767924,5
,,,,,,4.183767076950147,5
,,,,,,4.195433250593226,5
,,,,,,3.0626326433522624,5
,,,,,,4.438105335790544,5
,,,,,,1339.021344057477,5
,,,,,,601.1500123163943,5
,,,,,,737.8713317410836,5
,,,,,,1339.021344057477,5
,,,,,,1234.4064286183605,5
,,,,,,104.61491543911718,5
,,,,,,1339.021344057477,5
,,,,,,212.28337178784966,5
,,,,,,1094.0500668399372,5
,,,,,,1339.021344057477,5
,,,,,,442.6441221955636,5
,,,,,,238.22430211324775,5
,,,,,,523.9154242745508,5
,,,,,,134.23749547411586,5
,,,,,,4.519824828720044,5
,,,,,,5.054390041494225,5
,,,,,,4.8917364011726905,5
,,,,,,4.519824828720044,5
,,,,,,4.587907920007701,5
,,,,,,9.98408502592309,5
,,,,,,4.519824828720044,5
,,,,,,8.001451669478092,5
,,,,,,4.957116337876947,5
,,,,,,4.519824828720044,5
,,,,,,8.148226463699572,5
,,,,,,7.437037451277989,5
,,,,,,5.41620670049928,5
,,,,,,9.254318404863827,5
,,,,,,100.0,5
,,,,,,45.4413631445899,5
,,,,,,54.55863685541016,5
,,,,,,100.0,5
,,,,,,90.83429104610275,5
,,,,,,9.165708953897278,5
,,,,,,100.0,5
,,,,,,18.782383507004123,5
,,,,,,79.003308198927,5
,,,,,,100.0,5
,,,,,,34.94717274153609,5
,,,,,,17.591810975450205,5
,,,,,,35.84043332814019,5
,,,,,,11.62058295487356,5
,,,,,,0.0,5
,,,,,,1.4446575106014052,5
,,,,,,1.2032413260759103,5
,,,,,,0.0,5
,,,,,,0.42051400175993303,5
,,,,,,4.167390805986878,5
,,,,,,0.0,5
,,,,,,4.042192165452985,5
,,,,,,1.0305568229969102,5
,,,,,,0.0,5
,,,,,,2.856566918662796,5
,,,,,,3.8268743808745134,5
,,,,,,2.5179627744228195,5
,,,,,,5.313968314497473,5
,,,,,,427.9475005228509,5
,,,,,,194.5205812605856,5
,,,,,,233.42691926226505,5
,,,,,,427.9475005228509,5
,,,,,,397.31149596680217,5
,,,,,,30.636004556048718,5
,,,,,,427.9475005228509,5
,,,,,,67.14524111854153,5
,,,,,,351.282811776805,5
,,,,,,427.9475005228509,5
,,,,,,117.87527368118423,5
,,,,,,71.58610281047211,5
,,,,,,180.19228082024827,5
,,,,,,58.29384321094616,5
,,,,,,6.057385263446315,5
,,,,,,7.0890281513086215,5
,,,,,,6.9387625639921815,5
,,,,,,6.057385263446315,5
,,,,,,6.165890242411606,5
,,,,,,15.54893896336775,5
,,,,,,6.057385263446315,5
,,,,,,12.878018790472279,5
,,,,,,6.531520660779268,5
,,,,,,6.057385263446315,5
,,,,,,11.717882555301625,5
,,,,,,11.337628574649292,5
,,,,,,7.811269798204598,5
,,,,,,14.100429336358017,5
,,,,,,100.0,5
,,,,,,45.454309470887786,5
,,,,,,54.54569052911228,5
,,,,,,100.0,5
,,,,,,92.84117689234809,5
,,,,,,7.158823107651939,5
,,,,,,100.0,5
,,,,,,15.690065028188254,5
,,,,,,82.0854921100417,5
,,,,,,100.0,5
,,,,,,27.54433044641423,5
,,,,,,16.72777682379518,5
,,,,,,42.10616503194808,5
,,,,,,13.621727697842584,5
,,,,,,0.0,5
,,,,,,3.859443989743801,5
,,,,,,3.216172713071485,5
,,,,,,0.0,5
,,,,,,1.107693103895969,5
,,,,,,14.365424295973513,5
,,,,,,0.0,5
,,,,,,11.751780217689495,5
,,,,,,2.286508498978823,5
,,,,,,0.0,5
,,,,,,8.608061899581843,5
,,,,,,10.417909132617801,5
,,,,,,5.599016971247271,5
,,,,,,13.173847839604564,5
,,,,,,475.18021870808235,5
,,,,,,229.77356610732897,5
,,,,,,245.40665260075318,5
,,,,,,475.18021870808235,5
,,,,,,439.9646941578768,5
,,,,,,35.21552455020548,5
,,,,,,475.18021870808235,5
,,,,,,71.60559175392123,5
,,,,,,393.02378141136836,5
,,,,,,475.18021870808235,5
,,,,,,141.98155505014614,5
,,,,,,74.30206746620095,5
,,,,,,198.69877255353586,5
,,,,,,60.197823638199296,5
,,,,,,6.1618090092055295,5
,,,,,,7.347461068356,5
,,,,,,6.691639942124211,5
,,,,,,6.1618090092055295,5
,,,,,,6.354929099024109,5
,,,,,,14.25378225484609,5
,,,,,,6.1618090092055295,5
,,,,,,13.678014653903208,5
,,,,,,6.467086649321092,5
,,,,,,6.1618090092055295,5
,,,,,,11.32591667947041,5
,,,,,,11.365787652094458,5
,,,,,,7.826294008374224,5
,,,,,,14.08747455207855,5
,,,,,,100.0,5
,,,,,,48.35503606022076,5
,,,,,,51.64496393977927,5
,,,,,,100.0,5
,,,,,,92.58901714260134,5
,,,,,,7.410982857398671,5
,,,,,,100.0,5
,,,,,,15.069144070980522,5
,,,,,,82.71046772105113,5
,,,,,,100.0,5
,,,,,,29.87951717269816,5
,,,,,,15.636607868108035,5
,,,,,,41.81545542736547,5
,,,,,,12.66841953182834,5
,,,,,,0.0,5
,,,,,,3.4682157469287316,5
,,,,,,3.2472807552526897,5
,,,,,,0.0,5
,,,,,,1.0766156260948119,5
,,,,,,13.450683206070005,5
,,,,,,0.0,5
,,,,,,12.128521806605043,5
,,,,,,2.2850176055064604,5
,,,,,,0.0,5
,,,,,,7.925167062467617,5
,,,,,,10.205275725961071,5
,,,,,,5.903246745261794,5
,,,,,,13.084771767980532,5
,,,,,,1432.9184150457288,5
,,,,,,648.9686682763081,5
,,,,,,783.9497467694212,5
,,,,,,1432.9184150457288,5
,,,,,,1318.7946390056886,5
,,,,,,114.12377604004043,5
,,,,,,1432.9184150457288,5
,,,,,,231.16549144747265,5
,,,,,,1167.0193212959066,5
,,,,,,1432.9184150457288,5
,,,,,,472.28831797988255,5
,,,,,,259.81709289526754,5
,,,,,,556.3693800175364,5
,,,,,,144.44362415304263,5
,,,,,,4.326884039695042,5
,,,,,,4.763511313079303,5
,,,,,,4.739437783214478,5
,,,,,,4.326884039695042,5
,,,,,,4.403741736906004,5
,,,,,,9.363715148021623,5
,,,,,,4.326884039695042,5
,,,,,,7.576073041735655,5
,,,,,,4.799827564941458,5
,,,,,,4.326884039695042,5
,,,,,,7.852576857696319,5
,,,,,,7.267927852781372,5
,,,,,,5.128076235040211,5
,,,,,,8.867413413349542,5
,,,,,,100.0,5
,,,,,,45.28999428453836,5
,,,,,,54.71000571546164,5
,,,,,,100.0,5
,,,,,,92.03557056412049,5
,,,,,,7.964429435879526,5
,,,,,,100.0,5
,,,,,,16.1324949850753,5
,,,,,,81.44352874819205,5
,,,,,,100.0,5
,,,,,,32.95988892464686,5
,,,,,,18.132022742339863,5
,,,,,,38.827708135761576,5
,,,,,,10.0803801972517,5
,,,,,,0.0,5
,,,,,,2.154871505797571,5
,,,,,,1.7838440501918171,5
,,,,,,0.0,5
,,,,,,0.7271210334677388,5
,,,,,,8.402485039656343,5
,,,,,,0.0,5
,,,,,,7.100992408960634,5
,,,,,,1.498111381480929,5
,,,,,,0.0,5
,,,,,,5.344465599633548,5
,,,,,,6.036285929706434,5
,,,,,,3.8215756203809397,5
,,,,,,8.697311026508105,5
,,,,,,7.312793126550845,5
,,,,,,6.533957309846456,5
,,,,,,8.099333716282931,5
,,,,,,7.312793126550845,5
,,,,,,7.391003790674016,5
,,,,,,6.501063290518015,5
,,,,,,7.312793126550845,5
,,,,,,5.6928767969157805,5
,,,,,,7.667753090630182,5
,,,,,,7.312793126550845,5
,,,,,,5.215775513981536,5
,,,,,,8.186465697954024,5
,,,,,,9.998683496169301,5
,,,,,,8.017975152693644,5
,,,,,,4.519824828720039,5
,,,,,,5.054390041494224,5
,,,,,,4.89173640117269,5
,,,,,,4.519824828720039,5
,,,,,,4.587907920007698,5
,,,,,,9.984085025923086,5
,,,,,,4.519824828720039,5
,,,,,,7.410686041629483,5
,,,,,,4.875825882405469,5
,,,,,,4.519824828720039,5
,,,,,,7.850818165337054,5
,,,,,,7.1364208810416345,5
,,,,,,5.366199587136904,5
,,,,,,8.311610233930288,5
,,,,,,2.337148361552764,5
,,,,,,2.114262909096048,5
,,,,,,2.5622387483300724,5
,,,,,,2.337148361552764,5
,,,,,,2.378901069120143,5
,,,,,,1.9038069643461129,5
,,,,,,2.337148361552764,5
,,,,,,1.800657215719516,5
,,,,,,2.461998721381123,5
,,,,,,2.337148361552764,5
,,,,,,1.3889509322312075,5
,,,,,,2.4600226337510613,5
,,,,,,3.4388863180908595,5
,,,,,,3.48187803094487,5
,,,,,,6.057385263446321,5
,,,,,,7.08902815130862,5
,,,,,,6.938762563992179,5
,,,,,,6.057385263446321,5
,,,,,,6.165890242411611,5
,,,,,,15.548938963367743,5
,,,,,,6.057385263446321,5
,,,,,,12.453506279827158,5
,,,,,,6.541809696246954,5
,,,,,,6.057385263446321,5
,,,,,,11.546360900228349,5
,,,,,,11.298171752982519,5
,,,,,,7.704979465495061,5
,,,,,,13.585007959162699,5
,,,,,,2.5951002593519736,5
,,,,,,2.4974309924596607,5
,,,,,,2.6937357369873602,5
,,,,,,2.5951002593519736,5
,,,,,,2.634286930863795,5
,,,,,,2.1883911385744237,5
,,,,,,2.5951002593519736,5
,,,,,,1.9202719854700083,5
,,,,,,2.7545442443166372,5
,,,,,,2.5951002593519736,5
,,,,,,1.6730006818895362,5
,,,,,,2.553355477183675,5
,,,,,,3.7920741512641913,5
,,,,,,3.5956023499439107,5
,,,,,,6.161809009205532,5
,,,,,,7.347461068356,5
,,,,,,6.69163994212421,5
,,,,,,6.161809009205532,5
,,,,,,6.354929099024111,5
,,,,,,14.253782254846092,5
,,,,,,6.161809009205532,5
,,,,,,13.195003545538075,5
,,,,,,6.474779728637997,5
,,,,,,6.161809009205532,5
,,,,,,11.121065724399248,5
,,,,,,11.232453238500582,5
,,,,,,7.742779768876826,5
,,,,,,13.46915618238329,5
,,,,,,7.825592910044561,5
,,,,,,7.0537028812594516,5
,,,,,,8.605118999404414,5
,,,,,,7.825592910044561,5
,,,,,,7.896277879013822,5
,,,,,,7.091970469746117,5
,,,,,,7.825592910044561,5
,,,,,,6.199245147774091,5
,,,,,,8.17916499337046,5
,,,,,,7.825592910044561,5
,,,,,,5.565079758069555,5
,,,,,,8.928491761172673,5
,,,,,,10.618052227529175,5
,,,,,,8.627584903410485,5
,,,,,,4.326884039695039,5
,,,,,,4.7635113130793005,5
,,,,,,4.73943778321448,5
,,,,,,4.326884039695039,5
,,,,,,4.403741736906001,5
,,,,,,9.36371514802162,5
,,,,,,4.326884039695039,5
,,,,,,6.9940790281495895,5
,,,,,,4.715322766282748,5
,,,,,,4.326884039695039,5
,,,,,,7.5579046409442965,5
,,,,,,6.949196145490716,5
,,,,,,5.0582563335546205,5
,,,,,,7.918349586107605,5
,,,,,,3348.4834865007037,5
,,,,,,685.687443120842,5
,,,,,,2661.688545134074,5
,,,,,,1521.5965409374091,5
,,,,,,342.4187588774085,5
,,,,,,1178.8235164404007,5
,,,,,,1826.886945563295,5
,,,,,,343.26868424343354,5
,,,,,,1482.8650286936752,5
,,,,,,3348.4834865007037,5
,,,,,,685.687443120842,5
,,,,,,2661.688545134074,5
,,,,,,628.9250101032651,5
,,,,,,118.36741775458707,5
,,,,,,510.5575923486782,5
,,,,,,2645.4127288303257,5
,,,,,,551.0312899203961,5
,,,,,,2093.2739406641435,5
,,,,,,3348.4834865007037,5
,,,,,,685.687443120842,5
,,,,,,2661.688545134074,5
,,,,,,3041.571235758737,5
,,,,,,616.7626426284365,5
,,,,,,2423.9871952614135,5
,,,,,,306.9122507419668,5
,,,,,,68.92480049240545,5
,,,,,,237.7013498726608,5
,,,,,,2.642837745676792,5
,,,,,,5.2401469139735015,5
,,,,,,2.952881386960615,5
,,,,,,3.3283399986317552,5
,,,,,,6.264877880455115,5
,,,,,,3.6895361541642546,5
,,,,,,2.600272933677121,5
,,,,,,5.737699458396597,5
,,,,,,2.954209554522937,5
,,,,,,2.642837745676792,5
,,,,,,5.2401469139735015,5
,,,,,,2.952881386960615,5
,,,,,,4.262052781503005,5
,,,,,,10.580560360345181,5
,,,,,,4.6389569549618495,5
,,,,,,3.028763960748034,5
,,,,,,5.611193827164662,5
,,,,,,3.3885425570994423,5
,,,,,,2.642837745676792,5
,,,,,,5.2401469139735015,5
,,,,,,2.952881386960615,5
,,,,,,2.7323439921863875,5
,,,,,,5.504284026127256,5
,,,,,,3.062784861674603,5
,,,,,,4.619117808074862,5
,,,,,,10.274714721530282,5
,,,,,,5.138052232781408,5
,,,,,,100.0,5
,,,,,,20.484326993046007,5
,,,,,,79.51567300695402,5
,,,,,,100.0,5
,,,,,,22.509153501264105,5
,,,,,,77.4908464987359,5
,,,,,,100.0,5
,,,,,,18.79756568818438,5
,,,,,,81.20243431181557,5
,,,,,,100.0,5
,,,,,,20.484326993046007,5
,,,,,,79.51567300695402,5
,,,,,,100.0,5
,,,,,,18.820593211128944,5
,,,,,,81.17940678887115,5
,,,,,,100.0,5
,,,,,,20.838414701414287,5
,,,,,,79.16158529858566,5
,,,,,,100.0,5
,,,,,,20.484326993046007,5
,,,,,,79.51567300695402,5
,,,,,,100.0,5
,,,,,,15.972489258808507,5
,,,,,,84.02751074119152,5
,,,,,,100.0,5
,,,,,,10.309646114448508,5
,,,,,,89.69035388555152,5
,,,,,,0.0,5
,,,,,,4.649811044506965,5
,,,,,,1.197855042781661,5
,,,,,,0.0,5
,,,,,,5.345709996257352,5
,,,,,,1.5527951018184005,5
,,,,,,0.0,5
,,,,,,5.303466425683892,5
,,,,,,1.2277003683049366,5
,,,,,,0.0,5
,,,,,,4.649811044506965,5
,,,,,,1.197855042781661,5
,,,,,,0.0,5
,,,,,,9.374415271575984,5
,,,,,,2.17335976447063,5
,,,,,,0.0,5
,,,,,,4.9579283633614155,5
,,,,,,1.3051199885138642,5
,,,,,,0.0,5
,,,,,,4.649811044506965,5
,,,,,,1.197855042781661,5
,,,,,,0.0,5
,,,,,,18.80389632279714,5
,,,,,,3.5743654594826952,5
,,,,,,0.0,5
,,,,,,14.292412042500596,5
,,,,,,1.6428713222392624,5
,,,,,,1432.9184150457288,5
,,,,,,431.8685804193229,5
,,,,,,1001.0498346264066,5
,,,,,,648.9686682763081,5
,,,,,,220.4721141215648,5
,,,,,,428.4965541547435,5
,,,,,,783.9497467694212,5
,,,,,,211.39646629775808,5
,,,,,,572.5532804716631,5
,,,,,,1432.9184150457288,5
,,,,,,431.8685804193229,5
,,,,,,1001.0498346264066,5
,,,,,,231.16549144747265,5
,,,,,,70.22570932465716,5
,,,,,,160.93978212281556,5
,,,,,,1167.0193212959066,5
,,,,,,349.91419026606144,5
,,,,,,817.1051310298458,5
,,,,,,1432.9184150457288,5
,,,,,,431.8685804193229,5
,,,,,,1001.0498346264066,5
,,,,,,1318.7946390056886,5
,,,,,,393.17466346328007,5
,,,,,,925.619975542409,5
,,,,,,114.12377604004043,5
,,,,,,38.693916956042806,5
,,,,,,75.42985908399766,5
,,,,,,4.326884039695042,5
,,,,,,6.540006576647804,5
,,,,,,5.168182785651959,5
,,,,,,4.763511313079303,5
,,,,,,7.744542646127732,5
,,,,,,5.870008096659643,5
,,,,,,4.739437783214478,5
,,,,,,7.143645091428115,5
,,,,,,5.660641023748539,5
,,,,,,4.326884039695042,5
,,,,,,6.540006576647804,5
,,,,,,5.168182785651959,5
,,,,,,7.576073041735655,5
,,,,,,14.024487862413077,5
,,,,,,9.00697850364796,5
,,,,,,4.799827564941458,5
,,,,,,6.840554323111506,5
,,,,,,5.776419031181448,5
,,,,,,4.326884039695042,5
,,,,,,6.540006576647804,5
,,,,,,5.168182785651959,5
,,,,,,4.403741736906004,5
,,,,,,6.779207710668855,5
,,,,,,5.243073100642213,5
,,,,,,9.363715148021623,5
,,,,,,14.47308617558086,5
,,,,,,11.402880724171457,5
,,,,,,100.0,5
,,,,,,30.13909067569212,5
,,,,,,69.86090932430787,5
,,,,,,100.0,5
,,,,,,33.972690038665384,5
,,,,,,66.0273099613346,5
,,,,,,100.0,5
,,,,,,26.96556343935334,5
,,,,,,73.03443656064668,5
,,,,,,100.0,5
,,,,,,30.13909067569212,5
,,,,,,69.86090932430787,5
,,,,,,100.0,5
,,,,,,30.378976068153506,5
,,,,,,69.6210239318465,5
,,,,,,100.0,5
,,,,,,29.983581580937507,5
,,,,,,70.0164184190625,5
,,,,,,100.0,5
,,,,,,30.13909067569212,5
,,,,,,69.86090932430787,5
,,,,,,100.0,5
,,,,,,29.813183329264646,5
,,,,,,70.18681667073533,5
,,,,,,100.0,5
,,,,,,33.90521966471475,5
,,,,,,66.09478033528526,5
,,,,,,0.0,5
,,,,,,5.453162548227104,5
,,,,,,2.3525797488169644,5
,,,,,,0.0,5
,,,,,,6.302254189160905,5
,,,,,,3.2426662276355476,5
,,,,,,0.0,5
,,,,,,6.310051546933365,5
,,,,,,2.329778982454776,5
,,,,,,0.0,5
,,,,,,5.453162548227104,5
,,,,,,2.3525797488169644,5
,,,,,,0.0,5
,,,,,,11.611843319587178,5
,,,,,,5.066801526191389,5
,,,,,,0.0,5
,,,,,,5.789612133599819,5
,,,,,,2.479322873826316,5
,,,,,,0.0,5
,,,,,,5.453162548227104,5
,,,,,,2.3525797488169644,5
,,,,,,0.0,5
,,,,,,5.658959271771531,5
,,,,,,2.40375042244239,5
,,,,,,0.0,5
,,,,,,11.621486251697187,5
,,,,,,5.961575818777627,5
,,,,,,549.4562949318068,5
,,,,,,374.0805675811734,5
,,,,,,138.68972133738657,5
,,,,,,122.44038473996005,5
,,,,,,240.73634083691113,5
,,,,,,140.3599445327648,5
,,,,,,79.17057710381907,5
,,,,,,63.724089544951276,5
,,,,,,185.4007771486406,5
,,,,,,266.7755098365154,5
,,,,,,176.953207389902,5
,,,,,,66.13979393264906,5
,,,,,,65.89904796440935,5
,,,,,,121.56562510581058,5
,,,,,,76.43688913755027,5
,,,,,,43.917096952406176,5
,,,,,,35.488027944611936,5
,,,,,,101.38707590902129,5
,,,,,,282.68078509529136,5
,,,,,,197.1273601912714,5
,,,,,,72.54992740473753,5
,,,,,,56.54133677555074,5
,,,,,,119.17071573110051,5
,,,,,,63.923055395214504,5
,,,,,,35.253480151412894,5
,,,,,,28.236061600339358,5
,,,,,,84.0137012396194,5
,,,,,,549.4562949318068,5
,,,,,,374.0805675811734,5
,,,,,,138.68972133738657,5
,,,,,,122.44038473996005,5
,,,,,,240.73634083691113,5
,,,,,,140.3599445327648,5
,,,,,,79.17057710381907,5
,,,,,,63.724089544951276,5
,,,,,,185.4007771486406,5
,,,,,,87.01447662774997,5
,,,,,,56.849535135721304,5
,,,,,,21.11754837293974,5
,,,,,,16.64473628350756,5
,,,,,,35.06220249052203,5
,,,,,,30.65418234786922,5
,,,,,,18.283140217196923,5
,,,,,,13.220385975024218,5
,,,,,,29.86512225853178,5
,,,,,,447.58654577098486,5
,,,,,,306.279021702885,5
,,,,,,114.78216232940278,5
,,,,,,101.32081370591656,5
,,,,,,199.09591971366845,5
,,,,,,108.81545804709445,5
,,,,,,60.51912919265755,5
,,,,,,50.13539587596245,5
,,,,,,150.69251244560832,5
,,,,,,549.4562949318068,5
,,,,,,374.0805675811734,5
,,,,,,138.68972133738657,5
,,,,,,122.44038473996005,5
,,,,,,240.73634083691113,5
,,,,,,140.3599445327648,5
,,,,,,79.17057710381907,5
,,,,,,63.724089544951276,5
,,,,,,185.4007771486406,5
,,,,,,494.4192533795923,5
,,,,,,335.7646488842649,5
,,,,,,122.1983867455276,5
,,,,,,107.89669096537453,5
,,,,,,213.35394062277481,5
,,,,,,126.37738750836462,5
,,,,,,68.63680718101568,5
,,,,,,55.96235848357265,5
,,,,,,163.1573625078142,5
,,,,,,55.037041552214546,5
,,,,,,38.31591869690854,5
,,,,,,16.49133459185895,5
,,,,,,14.543693774585522,5
,,,,,,27.38240021413631,5
,,,,,,13.98255702440017,5
,,,,,,10.533769922803376,5
,,,,,,7.761731061378626,5
,,,,,,22.243414640826412,5
,,,,,,5.848131066808172,5
,,,,,,7.410794753481175,5
,,,,,,10.063028133749,5
,,,,,,10.192687649104265,5
,,,,,,7.308580021159668,5
,,,,,,13.23699406756266,5
,,,,,,15.770086397898577,5
,,,,,,18.6167497751417,5
,,,,,,9.59954963107514,5
,,,,,,7.132786921388094,5
,,,,,,9.44743974304692,5
,,,,,,12.767055021701982,5
,,,,,,13.310282194322816,5
,,,,,,9.530532038059256,5
,,,,,,14.964408512354874,5
,,,,,,19.0991429578139,5
,,,,,,22.55555135425963,5
,,,,,,11.198698703997866,5
,,,,,,6.18921584340812,5
,,,,,,7.409897283040154,5
,,,,,,11.15942516138553,5
,,,,,,12.14827223646317,5
,,,,,,8.359528152816548,5
,,,,,,14.857724888308532,5
,,,,,,15.897212102293368,5
,,,,,,17.806253079032558,5
,,,,,,10.77123810568842,5
,,,,,,5.848131066808172,5
,,,,,,7.410794753481175,5
,,,,,,10.063028133749,5
,,,,,,10.192687649104265,5
,,,,,,7.308580021159668,5
,,,,,,13.23699406756266,5
,,,,,,15.770086397898577,5
,,,,,,18.6167497751417,5
,,,,,,9.59954963107514,5
,,,,,,12.863632178342613,5
,,,,,,17.62321665154104,5
,,,,,,17.808149451914026,5
,,,,,,24.742647301437867,5
,,,,,,15.441597890402464,5
,,,,,,18.665462733288468,5
,,,,,,22.98437866631406,5
,,,,,,28.94940077503246,5
,,,,,,18.615287858137062,5
,,,,,,6.068469236865588,5
,,,,,,7.5661956329683,5
,,,,,,10.705428172709327,5
,,,,,,10.764730243828522,5
,,,,,,7.770486107530733,5
,,,,,,14.85617563954715,5
,,,,,,16.307283427692976,5
,,,,,,18.487990617524154,5
,,,,,,9.79151019621393,5
,,,,,,5.848131066808172,5
,,,,,,7.410794753481175,5
,,,,,,10.063028133749,5
,,,,,,10.192687649104265,5
,,,,,,7.308580021159668,5
,,,,,,13.23699406756266,5
,,,,,,15.770086397898577,5
,,,,,,18.6167497751417,5
,,,,,,9.59954963107514,5
,,,,,,6.158313867248826,5
,,,,,,7.994307297506978,5
,,,,,,10.719516393636292,5
,,,,,,11.169242458901852,5
,,,,,,7.850081795229208,5
,,,,,,13.95307833731775,5
,,,,,,17.616345585420348,5
,,,,,,20.55798321703746,5
,,,,,,10.613175210420158,5
,,,,,,11.127067109436606,5
,,,,,,12.970083819899008,5
,,,,,,17.229361974617667,5
,,,,,,18.202450791859828,5
,,,,,,13.486527046632698,5
,,,,,,22.631558819216245,5
,,,,,,26.11455472058418,5
,,,,,,26.971706369288466,5
,,,,,,15.64643073590709,5
,,,,,,80.13217982102869,5
,,,,,,54.55555170714238,5
,,,,,,20.226376132272943,5
,,,,,,17.856588445412413,5
,,,,,,35.108757386779935,5
,,,,,,20.469959883460845,5
,,,,,,11.54616114063306,5
,,,,,,9.293460188641797,5
,,,,,,27.0386717751176,5
,,,,,,77.90913988214804,5
,,,,,,51.67742794525286,5
,,,,,,19.315470375946376,5
,,,,,,19.245162905342553,5
,,,,,,35.50203426481466,5
,,,,,,22.322634831147184,5
,,,,,,12.8255522846893,5
,,,,,,10.363926340062823,5
,,,,,,29.60908924540537,5
,,,,,,82.34971556415688,5
,,,,,,57.42654930080249,5
,,,,,,21.13502650690029,5
,,,,,,16.47145206390388,5
,,,,,,34.71645425324874,5
,,,,,,18.621872116328163,5
,,,,,,10.269937739619856,5
,,,,,,8.225644486787898,5
,,,,,,24.47461859935931,5
,,,,,,80.13217982102869,5
,,,,,,54.55555170714238,5
,,,,,,20.226376132272943,5
,,,,,,17.856588445412413,5
,,,,,,35.108757386779935,5
,,,,,,20.469959883460845,5
,,,,,,11.54616114063306,5
,,,,,,9.293460188641797,5
,,,,,,27.0386717751176,5
,,,,,,73.51218627423162,5
,,,,,,48.028026811895415,5
,,,,,,17.84067674494942,5
,,,,,,14.06192396459754,5
,,,,,,29.621498175466705,5
,,,,,,25.897483386369885,5
,,,,,,15.446091977019917,5
,,,,,,11.168940089944554,5
,,,,,,25.230864054542092,5
,,,,,,81.22706531522824,5
,,,,,,55.58287293397281,5
,,,,,,20.830425500153485,5
,,,,,,18.387488253263033,5
,,,,,,36.13150892800128,5
,,,,,,19.747600551470374,5
,,,,,,10.982884329744756,5
,,,,,,9.098466238315655,5
,,,,,,27.34736034089424,5
,,,,,,80.13217982102869,5
,,,,,,54.55555170714238,5
,,,,,,20.226376132272943,5
,,,,,,17.856588445412413,5
,,,,,,35.108757386779935,5
,,,,,,20.469959883460845,5
,,,,,,11.54616114063306,5
,,,,,,9.293460188641797,5
,,,,,,27.0386717751176,5
,,,,,,80.16361874197543,5
,,,,,,54.43984860259177,5
,,,,,,19.812870997627048,5
,,,,,,17.494037982838083,5
,,,,,,34.59255244668055,5
,,,,,,20.49044134219712,5
,,,,,,11.128561043922595,5
,,,,,,9.07356487174382,5
,,,,,,26.45383348973472,5
,,,,,,79.85085362456557,5
,,,,,,55.59090258248973,5
,,,,,,23.92656122911238,5
,,,,,,21.100813742925563,5
,,,,,,39.727935399905085,5
,,,,,,20.286684799241236,5
,,,,,,15.282989355861897,5
,,,,,,11.261158546601608,5
,,,,,,32.272004390172036,5
,,,,,,3.0274034459080754,5
,,,,,,4.917132425275153,5
,,,,,,9.370164705820162,5
,,,,,,10.046938284863865,5
,,,,,,6.570674408309965,5
,,,,,,11.859994995633071,5
,,,,,,15.1611937421155,5
,,,,,,17.900144353861315,5
,,,,,,9.043136545440571,5
,,,,,,3.7937474206635615,5
,,,,,,6.821447709113492,5
,,,,,,12.034903043375461,5
,,,,,,12.623675628620937,5
,,,,,,8.446400147060155,5
,,,,,,13.42032680308459,5
,,,,,,18.30944039359936,5
,,,,,,21.593052222206122,5
,,,,,,10.047632983645801,5
,,,,,,3.021183116380581,5
,,,,,,4.737229065250876,5
,,,,,,10.057202925946417,5
,,,,,,11.884633342505905,5
,,,,,,7.206740606027405,5
,,,,,,13.119149287230524,5
,,,,,,15.365169651422075,5
,,,,,,17.461790485342576,5
,,,,,,10.357547562922251,5
,,,,,,3.0274034459080754,5
,,,,,,4.917132425275153,5
,,,,,,9.370164705820162,5
,,,,,,10.046938284863865,5
,,,,,,6.570674408309965,5
,,,,,,11.859994995633071,5
,,,,,,15.1611937421155,5
,,,,,,17.900144353861315,5
,,,,,,9.043136545440571,5
,,,,,,6.161917523278835,5
,,,,,,11.472468837266588,5
,,,,,,18.192275144310322,5
,,,,,,23.786701889306592,5
,,,,,,14.90385951136311,5
,,,,,,16.96037792310891,5
,,,,,,21.912370109719138,5
,,,,,,27.600232540207,5
,,,,,,16.90521251210661,5
,,,,,,3.1721484293105258,5
,,,,,,5.127379455214958,5
,,,,,,9.793026771925321,5
,,,,,,10.45451042593851,5
,,,,,,6.759432812633348,5
,,,,,,13.130263391522956,5
,,,,,,15.737863825278556,5
,,,,,,17.882902768085223,5
,,,,,,9.228081699501004,5
,,,,,,3.0274034459080754,5
,,,,,,4.917132425275153,5
,,,,,,9.370164705820162,5
,,,,,,10.046938284863865,5
,,,,,,6.570674408309965,5
,,,,,,11.859994995633071,5
,,,,,,15.1611937421155,5
,,,,,,17.900144353861315,5
,,,,,,9.043136545440571,5
,,,,,,3.194978047707448,5
,,,,,,5.342607294100004,5
,,,,,,10.233159965003273,5
,,,,,,10.880397382436243,5
,,,,,,7.190407895470869,5
,,,,,,12.493269468881872,5
,,,,,,16.918102721954252,5
,,,,,,19.743179913646145,5
,,,,,,9.878917299597346,5
,,,,,,4.919803747542816,5
,,,,,,7.557343560645482,5
,,,,,,15.971387480096636,5
,,,,,,16.525179450998042,5
,,,,,,11.125734558536795,5
,,,,,,20.24390274692915,5
,,,,,,23.68600056739487,5
,,,,,,25.00869859352161,5
,,,,,,13.050312805405733,5
,,,,,,358.73858500614506,5
,,,,,,239.6221884379391,5
,,,,,,106.30596760699673,5
,,,,,,81.12644766435767,5
,,,,,,171.40005430868658,5
,,,,,,82.54011044019605,5
,,,,,,120.91430200101998,5
,,,,,,7.326783899574776,5
,,,,,,9.23618489641407,5
,,,,,,11.682975477021165,5
,,,,,,12.654621457892024,5
,,,,,,8.923312564423377,5
,,,,,,15.57986317264613,5
,,,,,,11.845287585883657,5
,,,,,,83.06660898040504,5
,,,,,,55.48497837126237,5
,,,,,,24.615351157006828,5
,,,,,,18.78498491036045,5
,,,,,,39.68801206660267,5
,,,,,,19.112321243664855,5
,,,,,,27.99793906831986,5
,,,,,,3.311258755216028,5
,,,,,,5.909121577782443,5
,,,,,,10.55688352874181,5
,,,,,,12.332807951869071,5
,,,,,,7.7165821995136055,5
,,,,,,14.32672105893014,5
,,,,,,10.760275906623349,5
,,,,,,185.4007771486406,5
,,,,,,101.38707590902129,5
,,,,,,84.0137012396194,5
,,,,,,185.4007771486406,5
,,,,,,29.86512225853178,5
,,,,,,150.69251244560832,5
,,,,,,185.4007771486406,5
,,,,,,163.1573625078142,5
,,,,,,22.243414640826412,5
,,,,,,9.59954963107514,5
,,,,,,11.198698703997866,5
,,,,,,10.77123810568842,5
,,,,,,9.59954963107514,5
,,,,,,18.615287858137062,5
,,,,,,9.79151019621393,5
,,,,,,9.59954963107514,5
,,,,,,10.613175210420158,5
,,,,,,15.64643073590709,5
,,,,,,100.0,5
,,,,,,54.68535648463686,5
,,,,,,45.314643515363166,5
,,,,,,100.0,5
,,,,,,16.10841266031379,5
,,,,,,81.27933159891462,5
,,,,,,100.0,5
,,,,,,88.00252351531768,5
,,,,,,11.997476484682313,5
,,,,,,0.0,5
,,,,,,4.902434058267097,5
,,,,,,5.916218981792705,5
,,,,,,0.0,5
,,,,,,14.782928265472709,5
,,,,,,3.016473052451679,5
,,,,,,0.0,5
,,,,,,2.225983067749328,5
,,,,,,16.327777555089437,5
,,,,,,27.0386717751176,5
,,,,,,29.60908924540537,5
,,,,,,24.47461859935931,5
,,,,,,27.0386717751176,5
,,,,,,25.230864054542092,5
,,,,,,27.34736034089424,5
,,,,,,27.0386717751176,5
,,,,,,26.45383348973472,5
,,,,,,32.272004390172036,5
,,,,,,9.043136545440571,5
,,,,,,10.047632983645801,5
,,,,,,10.357547562922251,5
,,,,,,9.043136545440571,5
,,,,,,16.90521251210661,5
,,,,,,9.228081699501004,5
,,,,,,9.043136545440571,5
,,,,,,9.878917299597346,5
,,,,,,13.050312805405733,5
,,,,,,120.91430200101998,5
,,,,,,68.54178043730953,5
,,,,,,52.37252156371046,5
,,,,,,120.91430200101998,5
,,,,,,17.870065089986863,5
,,,,,,99.73562227014592,5
,,,,,,120.91430200101998,5
,,,,,,104.65733965440751,5
,,,,,,16.25696234661248,5
,,,,,,11.845287585883657,5
,,,,,,15.110517432033156,5
,,,,,,12.309982860428173,5
,,,,,,11.845287585883657,5
,,,,,,23.257437870899892,5
,,,,,,12.089803885139801,5
,,,,,,11.845287585883657,5
,,,,,,13.227649437776634,5
,,,,,,18.9264372368259,5
,,,,,,100.0,5
,,,,,,56.686247452126324,5
,,,,,,43.313752547873676,5
,,,,,,100.0,5
,,,,,,14.779116113026989,5
,,,,,,82.48455362154313,5
,,,,,,100.0,5
,,,,,,86.55497151488719,5
,,,,,,13.445028485112823,5
,,,,,,0.0,5
,,,,,,6.468259525235262,5
,,,,,,8.465241140831587,5
,,,,,,0.0,5
,,,,,,18.240460471871227,5
,,,,,,3.489419447469324,5
,,,,,,0.0,5
,,,,,,3.0349336518746415,5
,,,,,,19.53797242441304,5
,,,,,,27.99793906831986,5
,,,,,,31.08863935486948,5
,,,,,,24.774549206485908,5
,,,,,,27.99793906831986,5
,,,,,,25.446613870958,5
,,,,,,28.502880147361488,5
,,,,,,27.99793906831986,5
,,,,,,26.61853608076703,5
,,,,,,42.014258636779445,5
,,,,,,10.760275906623349,5
,,,,,,12.566829719802342,5
,,,,,,12.012824420329563,5
,,,,,,10.760275906623349,5
,,,,,,21.867158417273302,5
,,,,,,10.809696997785958,5
,,,,,,10.760275906623349,5
,,,,,,11.944798068374675,5
,,,,,,14.334613566482918,5
,,,,,,18.044519170404016,5
,,,,,,18.57205779809437,5
,,,,,,9.732709564608381,5
,,,,,,19.301866310466394,5
,,,,,,14.965532181217716,5
,,,,,,21.412537428620755,5
,,,,,,12.376974380658021,5
,,,,,,22.18078013473338,5
,,,,,,18310.669000000013,5
,,,,,,2611.347620284306,5
,,,,,,15654.71631314244,5
,,,,,,9200.39700000001,5
,,,,,,1294.7314973088562,5
,,,,,,7884.426701683212,5
,,,,,,9110.272000000012,5
,,,,,,1316.616122975449,5
,,,,,,7770.289611459231,5
,,,,,,18310.669000000013,5
,,,,,,2611.347620284306,5
,,,,,,15654.71631314244,5
,,,,,,3728.9296670333392,5
,,,,,,819.8984369757807,5
,,,,,,2903.841444932806,5
,,,,,,14268.196353072999,5
,,,,,,1761.0154185453507,5
,,,,,,12470.189777536723,5
,,,,,,18310.669000000013,5
,,,,,,2611.347620284306,5
,,,,,,15654.71631314244,5
,,,,,,16701.472000000023,5
,,,,,,2329.1271341222687,5
,,,,,,14330.310190496826,5
,,,,,,1609.1970000000008,5
,,,,,,282.2204861620372,5
,,,,,,1324.4061226456163,5
,,,,,,0.0,5
,,,,,,3.6074950038743525,5
,,,,,,0.6191572183673882,5
,,,,,,0.0,5
,,,,,,4.121596372770377,5
,,,,,,0.6905680400492219,5
,,,,,,0.0,5
,,,,,,3.622789124762503,5
,,,,,,0.633650395755371,5
,,,,,,0.0,5
,,,,,,3.6074950038743525,5
,,,,,,0.6191572183673882,5
,,,,,,2.0600356788660252,5
,,,,,,5.726417115773028,5
,,,,,,2.1667700560937626,5
,,,,,,0.5557040654693064,5
,,,,,,3.607903003004757,5
,,,,,,0.8660724708870015,5
,,,,,,0.0,5
,,,,,,3.6074950038743525,5
,,,,,,0.6191572183673882,5
,,,,,,0.0,5
,,,,,,3.8207553161171095,5
,,,,,,0.639983199523604,5
,,,,,,0.0,5
,,,,,,5.175027648004595,5
,,,,,,1.1044195339531415,5
,,,,,,100.0,5
,,,,,,14.296170372564834,5
,,,,,,85.70382962743518,5
,,,,,,100.0,5
,,,,,,14.105122378771373,5
,,,,,,85.89487762122862,5
,,,,,,100.0,5
,,,,,,14.489157931793601,5
,,,,,,85.5108420682064,5
,,,,,,100.0,5
,,,,,,14.296170372564834,5
,,,,,,85.70382962743518,5
,,,,,,100.0,5
,,,,,,22.018144740967927,5
,,,,,,77.98185525903216,5
,,,,,,100.0,5
,,,,,,12.374323848764183,5
,,,,,,87.62567615123584,5
,,,,,,100.0,5
,,,,,,14.296170372564834,5
,,,,,,85.70382962743518,5
,,,,,,100.0,5
,,,,,,13.980827135621897,5
,,,,,,86.0191728643781,5
,,,,,,100.0,5
,,,,,,17.566028386115498,5
,,,,,,82.43397161388448,5
,,,,,,0.0,5
,,,,,,3.6144893201946804,5
,,,,,,0.6029293598191525,5
,,,,,,0.0,5
,,,,,,4.127541992009402,5
,,,,,,0.6777992650218487,5
,,,,,,0.0,5
,,,,,,3.6299079754752386,5
,,,,,,0.615060133457543,5
,,,,,,0.0,5
,,,,,,3.6144893201946804,5
,,,,,,0.6029293598191525,5
,,,,,,0.0,5
,,,,,,4.8522255382721,5
,,,,,,1.3700238839229444,5
,,,,,,0.0,5
,,,,,,3.7176666396740146,5
,,,,,,0.525001494786461,5
,,,,,,0.0,5
,,,,,,3.6144893201946804,5
,,,,,,0.6029293598191525,5
,,,,,,0.0,5
,,,,,,3.8280517278612063,5
,,,,,,0.6221790757954317,5
,,,,,,0.0,5
,,,,,,5.174846940204718,5
,,,,,,1.1027190182127329,5
,,,,,,4925.3390608008385,5
,,,,,,743.1926299294527,5
,,,,,,4182.146430871384,5
,,,,,,1235.3605904447786,5
,,,,,,160.81305828188871,5
,,,,,,1074.5475321628896,5
,,,,,,3689.978470356059,5
,,,,,,582.379571647564,5
,,,,,,3107.5988987084947,5
,,,,,,0.7305089401292467,5
,,,,,,3.5481079989974873,5
,,,,,,0.957755550895374,5
,,,,,,0.8639078492560583,5
,,,,,,6.4433575839669075,5
,,,,,,1.2759834884304515,5
,,,,,,0.9904499286429941,5
,,,,,,4.087925800990555,5
,,,,,,1.2087171023018868,5
,,,,,,100.0,5
,,,,,,100.0,5
,,,,,,100.0,5
,,,,,,25.081737017388495,5
,,,,,,21.63813953552714,5
,,,,,,25.693685047249748,5
,,,,,,74.9182629826115,5
,,,,,,78.36186046447288,5
,,,,,,74.30631495275027,5
,,,,,,0.0,5
,,,,,,0.0,5
,,,,,,0.0,5
,,,,,,1.0772246827954368,5
,,,,,,5.862266018382149,5
,,,,,,1.3025287908542533,5
,,,,,,0.3606419199653083,5
,,,,,,1.6187534260706034,5
,,,,,,0.45038923728709984,5
,,,,,,6960.53652455379,5
,,,,,,2981.066154656801,5
,,,,,,3979.4703698969893,5
,,,,,,6960.53652455379,5
,,,,,,6048.885500876733,5
,,,,,,911.6510236770574,5
,,,,,,6960.53652455379,5
,,,,,,1699.2412676862714,5
,,,,,,5177.340251709949,5
,,,,,,6960.53652455379,5
,,,,,,2633.754490417057,5
,,,,,,1055.8199980391882,5
,,,,,,2456.0822436070534,5
,,,,,,814.8797924904928,5
,,,,,,1.5581293425299385,5
,,,,,,1.932863051145649,5
,,,,,,1.7661808241198964,5
,,,,,,1.5581293425299385,5
,,,,,,1.621127757701539,5
,,,,,,3.0712866126444744,5
,,,,,,1.5581293425299385,5
,,,,,,2.7925988455720168,5
,,,,,,1.7993770014082686,5
,,,,,,1.5581293425299385,5
,,,,,,2.371597250278881,5
,,,,,,3.0055150234105885,5
,,,,,,2.2499425907153086,5
,,,,,,4.033688218482941,5
,,,,,,100.0,5
,,,,,,42.82810878358121,5
,,,,,,57.17189121641876,5
,,,,,,100.0,5
,,,,,,86.902575391119,5
,,,,,,13.097424608880978,5
,,,,,,100.0,5
,,,,,,24.41250414665703,5
,,,,,,74.38133875810446,5
,,,,,,100.0,5
,,,,,,37.83838330746913,5
,,,,,,15.168658253781267,5
,,,,,,35.28581790991325,5
,,,,,,11.70714052883633,5
,,,,,,0.0,5
,,,,,,1.1294981328022922,5
,,,,,,0.8461197954671854,5
,,,,,,0.0,5
,,,,,,0.4055976192124491,5
,,,,,,2.6911762223977957,5
,,,,,,0.0,5
,,,,,,2.40977825949682,5
,,,,,,0.801845738536668,5
,,,,,,0.0,5
,,,,,,1.6868424782797238,5
,,,,,,2.5737467203356488,5
,,,,,,1.627334040349189,5
,,,,,,3.8616578894711,5
,,,,,,12.170826634524513,5
,,,,,,10.753206455491759,5
,,,,,,13.504490704677307,5
,,,,,,12.170826634524513,5
,,,,,,12.100970740436654,5
,,,,,,12.65556932821869,5
,,,,,,12.170826634524513,5
,,,,,,11.763535810913185,5
,,,,,,12.284729976180397,5
,,,,,,12.170826634524513,5
,,,,,,9.626502686841595,5
,,,,,,12.01600808409057,5
,,,,,,15.471356434089369,5
,,,,,,15.764391896471864,5
,,,,,,1.5581293425299392,5
,,,,,,1.932863051145649,5
,,,,,,1.766180824119897,5
,,,,,,1.5581293425299392,5
,,,,,,1.6211277577015393,5
,,,,,,3.0712866126444753,5
,,,,,,1.5581293425299392,5
,,,,,,2.5360776916128183,5
,,,,,,1.7510555762675881,5
,,,,,,1.5581293425299392,5
,,,,,,2.2368064172607056,5
,,,,,,2.8947433011053696,5
,,,,,,2.151075708199331,5
,,,,,,3.3574019815400917,5
,,,,,,1434.8256305998793,5
,,,,,,577.7639606725477,5
,,,,,,857.0616699273314,5
,,,,,,1434.8256305998793,5
,,,,,,1292.6062220782362,5
,,,,,,142.21940852164323,5
,,,,,,1434.8256305998793,5
,,,,,,317.7296555061392,5
,,,,,,1100.7020189552707,5
,,,,,,1434.8256305998793,5
,,,,,,414.4169652861269,5
,,,,,,266.7577347948356,5
,,,,,,598.1886656325526,5
,,,,,,155.46226488636427,5
,,,,,,3.491937552178449,5
,,,,,,4.419144169983954,5
,,,,,,3.7806368199089135,5
,,,,,,3.491937552178449,5
,,,,,,3.5887959297839633,5
,,,,,,7.99770722101852,5
,,,,,,3.491937552178449,5
,,,,,,6.330073105771537,5
,,,,,,3.8513301791199384,5
,,,,,,3.491937552178449,5
,,,,,,5.578646232615232,5
,,,,,,5.895449564094258,5
,,,,,,4.475683447913207,5
,,,,,,7.991131788181213,5
,,,,,,100.0,5
,,,,,,42.82810878358121,5
,,,,,,57.17189121641876,5
,,,,,,100.0,5
,,,,,,86.902575391119,5
,,,,,,13.097424608880978,5
,,,,,,100.0,5
,,,,,,24.41250414665703,5
,,,,,,74.38133875810446,5
,,,,,,100.0,5
,,,,,,37.83838330746913,5
,,,,,,15.168658253781267,5
,,,,,,35.28581790991325,5
,,,,,,11.70714052883633,5
,,,,,,0.0,5
,,,,,,1.1294981328022922,5
,,,,,,0.8461197954671854,5
,,,,,,0.0,5
,,,,,,0.4055976192124491,5
,,,,,,2.6911762223977957,5
,,,,,,0.0,5
,,,,,,2.40977825949682,5
,,,,,,0.801845738536668,5
,,,,,,0.0,5
,,,,,,1.6868424782797238,5
,,,,,,2.5737467203356488,5
,,,,,,1.627334040349189,5
,,,,,,3.8616578894711,5
,,,,,,258.52368079658635,5
,,,,,,116.21877302021929,5
,,,,,,142.30490777636717,5
,,,,,,258.52368079658635,5
,,,,,,232.12665758088178,5
,,,,,,26.397023215704625,5
,,,,,,258.52368079658635,5
,,,,,,52.95744851874058,5
,,,,,,202.01817632228628,5
,,,,,,258.52368079658635,5
,,,,,,71.85310016007223,5
,,,,,,53.22450586542253,5
,,,,,,95.47248276180343,5
,,,,,,37.97359200928827,5
,,,,,,6.970902012622157,5
,,,,,,8.61658241229227,5
,,,,,,8.1353874553005,5
,,,,,,6.970902012622157,5
,,,,,,7.222490903656786,5
,,,,,,15.835532099935437,5
,,,,,,6.970902012622157,5
,,,,,,11.99638634460607,5
,,,,,,8.019675778313317,5
,,,,,,6.970902012622157,5
,,,,,,10.935184207722418,5
,,,,,,12.398607999659388,5
,,,,,,10.236149880634542,5
,,,,,,15.475407640154431,5
,,,,,,100.0,5
,,,,,,44.95478815020565,5
,,,,,,55.04521184979437,5
,,,,,,100.0,5
,,,,,,89.78932098817111,5
,,,,,,10.210679011828914,5
,,,,,,100.0,5
,,,,,,20.48456387266471,5
,,,,,,78.14300635818338,5
,,,,,,100.0,5
,,,,,,27.79362414254356,5
,,,,,,20.587864794986054,5
,,,,,,36.9298790995181,5
,,,,,,14.688631962952336,5
,,,,,,0.0,5
,,,,,,5.096730960593514,5
,,,,,,4.162441253152002,5
,,,,,,0.0,5
,,,,,,1.646844474090432,5
,,,,,,14.481803504977254,5
,,,,,,0.0,5
,,,,,,10.899241494247752,5
,,,,,,2.9925179748939232,5
,,,,,,0.0,5
,,,,,,8.23423384969769,5
,,,,,,10.614452801979256,5
,,,,,,7.39207164455753,5
,,,,,,13.792522481789199,5
,,,,,,236.2809166777723,5
,,,,,,111.58392072037212,5
,,,,,,124.69699595740026,5
,,,,,,236.2809166777723,5
,,,,,,217.33492840182836,5
,,,,,,18.94598827594398,5
,,,,,,236.2809166777723,5
,,,,,,51.41353570507132,5
,,,,,,177.39776855895389,5
,,,,,,236.2809166777723,5
,,,,,,67.26105417041079,5
,,,,,,46.8182137710706,5
,,,,,,88.2471069504357,5
,,,,,,33.95454178585526,5
,,,,,,7.69749713214061,5
,,,,,,9.215613633646992,5
,,,,,,9.143244546086608,5
,,,,,,7.69749713214061,5
,,,,,,7.8357387151367375,5
,,,,,,17.96750479975337,5
,,,,,,7.69749713214061,5
,,,,,,12.45775428908988,5
,,,,,,8.589739238781577,5
,,,,,,7.69749713214061,5
,,,,,,12.134569958833055,5
,,,,,,12.793427910666333,5
,,,,,,10.32562576692051,5
,,,,,,17.197879673150943,5
,,,,,,100.0,5
,,,,,,47.22510911558063,5
,,,,,,52.774890884419435,5
,,,,,,100.0,5
,,,,,,91.98158338712496,5
,,,,,,8.018416612875066,5
,,,,,,100.0,5
,,,,,,21.759495615630463,5
,,,,,,75.07917738480748,5
,,,,,,100.0,5
,,,,,,28.466562224378855,5
,,,,,,19.81464031431657,5
,,,,,,37.3483852150373,5
,,,,,,14.370412246267323,5
,,,,,,0.0,5
,,,,,,5.282981003645184,5
,,,,,,4.727425299638837,5
,,,,,,0.0,5
,,,,,,1.41936664548989,5
,,,,,,16.281966597919187,5
,,,,,,0.0,5
,,,,,,11.087049225770551,5
,,,,,,3.626597581474237,5
,,,,,,0.0,5
,,,,,,8.412230691496639,5
,,,,,,10.911578545231249,5
,,,,,,7.583406118882344,5
,,,,,,14.97005691295926,5
,,,,,,1536.6790532721477,5
,,,,,,629.3051704611829,5
,,,,,,907.373882810964,5
,,,,,,1536.6790532721477,5
,,,,,,1386.472018504194,5
,,,,,,150.20703476795322,5
,,,,,,1536.6790532721477,5
,,,,,,341.1665812425315,5
,,,,,,1174.6871924695015,5
,,,,,,1536.6790532721477,5
,,,,,,445.43360850731204,5
,,,,,,291.28589688325326,5
,,,,,,632.0637963056326,5
,,,,,,167.89575157594902,5
,,,,,,3.366238012379954,5
,,,,,,4.210846794301739,5
,,,,,,3.6702957938844047,5
,,,,,,3.366238012379954,5
,,,,,,3.4707735533177337,5
,,,,,,7.702183137630611,5
,,,,,,3.366238012379954,5
,,,,,,6.0589833947264315,5
,,,,,,3.70108624489595,5
,,,,,,3.366238012379954,5
,,,,,,5.36143359852459,5
,,,,,,5.690703685407192,5
,,,,,,4.442014534878017,5
,,,,,,7.7562845347451335,5
,,,,,,100.0,5
,,,,,,40.95228402581291,5
,,,,,,59.04771597418703,5
,,,,,,100.0,5
,,,,,,90.22521752684086,5
,,,,,,9.77478247315911,5
,,,,,,100.0,5
,,,,,,22.2015508388732,5
,,,,,,76.44323581870691,5
,,,,,,100.0,5
,,,,,,28.986769069235514,5
,,,,,,18.955545483814603,5
,,,,,,41.131802698796434,5
,,,,,,10.925882748153434,5
,,,,,,0.0,5
,,,,,,2.36652028480983,5
,,,,,,1.6412897477481827,5
,,,,,,0.0,5
,,,,,,0.7603197074962698,5
,,,,,,7.018060114091125,5
,,,,,,0.0,5
,,,,,,5.058574783537287,5
,,,,,,1.5170866399690046,5
,,,,,,0.0,5
,,,,,,3.7691907461296927,5
,,,,,,4.767714296749768,5
,,,,,,2.8586944825594087,5
,,,,,,7.4351251160871445,5
,,,,,,2.5088603355792176,5
,,,,,,2.084091673695106,5
,,,,,,2.908472806437422,5
,,,,,,2.5088603355792176,5
,,,,,,2.5858962068314817,5
,,,,,,1.9742944806931915,5
,,,,,,2.5088603355792176,5
,,,,,,2.1995841625390935,5
,,,,,,2.61173236250721,5
,,,,,,2.5088603355792176,5
,,,,,,1.514714467242512,5
,,,,,,3.0358992098475674,5
,,,,,,3.768110813439919,5
,,,,,,3.007520975936286,5
,,,,,,3.4919375521784515,5
,,,,,,4.419144169983955,5
,,,,,,3.780636819908915,5
,,,,,,3.4919375521784515,5
,,,,,,3.5887959297839673,5
,,,,,,7.99770722101852,5
,,,,,,3.4919375521784515,5
,,,,,,6.372498127152339,5
,,,,,,3.81241082762678,5
,,,,,,3.4919375521784515,5
,,,,,,5.529826919615042,5
,,,,,,5.806421173745072,5
,,,,,,4.421788299702385,5
,,,,,,7.894143406857146,5
,,,,,,0.45204085759698104,5
,,,,,,0.4192206396822581,5
,,,,,,0.48291735473976083,5
,,,,,,0.45204085759698104,5
,,,,,,0.46437610549157776,5
,,,,,,0.3664443396525912,5
,,,,,,0.45204085759698104,5
,,,,,,0.3666147085475642,5
,,,,,,0.4793462715880088,5
,,,,,,0.45204085759698104,5
,,,,,,0.2626266283609846,5
,,,,,,0.6057340208921723,5
,,,,,,0.601400386448798,5
,,,,,,0.7346244092292137,5
,,,,,,6.9709020126221555,5
,,,,,,8.616582412292265,5
,,,,,,8.135387455300505,5
,,,,,,6.9709020126221555,5
,,,,,,7.222490903656782,5
,,,,,,15.83553209993544,5
,,,,,,6.9709020126221555,5
,,,,,,12.022059710257448,5
,,,,,,8.003711056544178,5
,,,,,,6.9709020126221555,5
,,,,,,10.943829625148464,5
,,,,,,12.355134447892516,5
,,,,,,10.209768390522662,5
,,,,,,15.481534338934145,5
,,,,,,0.41314833472783874,5
,,,,,,0.4025019487558215,5
,,,,,,0.42316420686190126,5
,,,,,,0.41314833472783874,5
,,,,,,0.43478482260645024,5
,,,,,,0.26300882891649596,5
,,,,,,0.41314833472783874,5
,,,,,,0.3559264831507931,5
,,,,,,0.42092726751036474,5
,,,,,,0.41314833472783874,5
,,,,,,0.24584247356659578,5
,,,,,,0.5328257053291617,5
,,,,,,0.555886289826469,5
,,,,,,0.6568732079383318,5
,,,,,,7.697497132140612,5
,,,,,,9.215613633646992,5
,,,,,,9.143244546086606,5
,,,,,,7.697497132140612,5
,,,,,,7.835738715136739,5
,,,,,,17.967504799753364,5
,,,,,,7.697497132140612,5
,,,,,,12.469069618521821,5
,,,,,,8.573132346768006,5
,,,,,,7.697497132140612,5
,,,,,,12.15353423283468,5
,,,,,,12.713973804115453,5
,,,,,,10.294905091199267,5
,,,,,,17.154182122886365,5
,,,,,,2.68695585236937,5
,,,,,,2.2700094766117647,5
,,,,,,3.079209298498889,5
,,,,,,2.68695585236937,5
,,,,,,2.7736774528004577,5
,,,,,,2.085178969497193,5
,,,,,,2.68695585236937,5
,,,,,,2.3618337032256638,5
,,,,,,2.78728348232457,5
,,,,,,2.68695585236937,5
,,,,,,1.6280818294594301,5
,,,,,,3.3150477337339046,5
,,,,,,3.981497080230759,5
,,,,,,3.248055050557442,5
,,,,,,3.366238012379953,5
,,,,,,4.21084679430174,5
,,,,,,3.6702957938844047,5
,,,,,,3.366238012379953,5
,,,,,,3.4707735533177346,5
,,,,,,7.70218313763061,5
,,,,,,3.366238012379953,5
,,,,,,6.102122287864997,5
,,,,,,3.6598297731492306,5
,,,,,,3.366238012379953,5
,,,,,,5.315367147786792,5
,,,,,,5.600347982048843,5
,,,,,,4.386023721988256,5
,,,,,,7.638804311419184,5
,,,,,,6960.53652455379,5
,,,,,,1095.4138592970749,5
,,,,,,5861.99221769091,5
,,,,,,2981.066154656801,5
,,,,,,481.3889229387972,5
,,,,,,2498.3526562022016,5
,,,,,,3979.4703698969893,5
,,,,,,614.0249363582783,5
,,,,,,3363.639561488708,5
,,,,,,6960.53652455379,5
,,,,,,1095.4138592970749,5
,,,,,,5861.99221769091,5
,,,,,,1699.2412676862714,5
,,,,,,237.56288535449175,5
,,,,,,1461.6783823317792,5
,,,,,,5177.340251709949,5
,,,,,,841.0389850567124,5
,,,,,,4333.170819087429,5
,,,,,,6960.53652455379,5
,,,,,,1095.4138592970749,5
,,,,,,5861.99221769091,5
,,,,,,6048.885500876733,5
,,,,,,953.4023824992283,5
,,,,,,5092.713124210044,5
,,,,,,911.6510236770574,5
,,,,,,142.01147679784665,5
,,,,,,769.2790934808654,5
,,,,,,1.5581293425299385,5
,,,,,,3.3540984091865367,5
,,,,,,1.695447627930095,5
,,,,,,1.932863051145649,5
,,,,,,4.588377235746348,5
,,,,,,2.1443609978959617,5
,,,,,,1.7661808241198964,5
,,,,,,3.9231770115118447,5
,,,,,,1.9030258550054486,5
,,,,,,1.5581293425299385,5
,,,,,,3.3540984091865367,5
,,,,,,1.695447627930095,5
,,,,,,2.7925988455720168,5
,,,,,,6.098665551844965,5
,,,,,,3.043081391470268,5
,,,,,,1.7993770014082686,5
,,,,,,3.752132246252575,5
,,,,,,1.9499478524263159,5
,,,,,,1.5581293425299385,5
,,,,,,3.3540984091865367,5
,,,,,,1.695447627930095,5
,,,,,,1.621127757701539,5
,,,,,,3.5848527583844714,5
,,,,,,1.757233461827443,5
,,,,,,3.0712866126444744,5
,,,,,,7.733049113046256,5
,,,,,,3.4212662032028907,5
,,,,,,100.0,5
,,,,,,15.744572721149888,5
,,,,,,84.25542727885012,5
,,,,,,100.0,5
,,,,,,16.155391672507786,5
,,,,,,83.84460832749221,5
,,,,,,100.0,5
,,,,,,15.436820694420938,5
,,,,,,84.56317930557907,5
,,,,,,100.0,5
,,,,,,15.744572721149888,5
,,,,,,84.25542727885012,5
,,,,,,100.0,5
,,,,,,13.980527066527939,5
,,,,,,86.01947293347206,5
,,,,,,100.0,5
,,,,,,16.25444303366102,5
,,,,,,83.74555696633898,5
,,,,,,100.0,5
,,,,,,15.744572721149888,5
,,,,,,84.25542727885012,5
,,,,,,100.0,5
,,,,,,17.303686036931342,5
,,,,,,82.69631396306866,5
,,,,,,100.0,5
,,,,,,12.812717165931058,5
,,,,,,87.18728283406892,5
,,,,,,0.0,5
,,,,,,3.071332142226017,5
,,,,,,0.5739311261699714,5
,,,,,,0.0,5
,,,,,,4.273466059516615,5
,,,,,,0.8234222732724209,5
,,,,,,0.0,5
,,,,,,3.5633243487048056,5
,,,,,,0.6504769510645787,5
,,,,,,0.0,5
,,,,,,3.071332142226017,5
,,,,,,0.5739311261699714,5
,,,,,,0.0,5
,,,,,,5.7464704227747845,5
,,,,,,0.9339592832048567,5
,,,,,,0.0,5
,,,,,,3.39071561727585,5
,,,,,,0.6581148402476789,5
,,,,,,0.0,5
,,,,,,3.071332142226017,5
,,,,,,0.5739311261699714,5
,,,,,,0.0,5
,,,,,,9.820399923748475,5
,,,,,,2.054857210607195,5
,,,,,,0.0,5
,,,,,,8.783979306841342,5
,,,,,,1.2908607630787532,5
,,,,,,1536.6790532721477,5
,,,,,,403.0831195514426,5
,,,,,,1131.3945854310557,5
,,,,,,629.3051704611829,5
,,,,,,177.3180933331983,5
,,,,,,451.59160088833835,5
,,,,,,907.373882810964,5
,,,,,,225.7650262182444,5
,,,,,,679.802984542718,5
,,,,,,1536.6790532721477,5
,,,,,,403.0831195514426,5
,,,,,,1131.3945854310557,5
,,,,,,341.1665812425315,5
,,,,,,86.14822142104667,5
,,,,,,255.0183598214846,5
,,,,,,1174.6871924695015,5
,,,,,,309.579504265212,5
,,,,,,862.906339914641,5
,,,,,,1536.6790532721477,5
,,,,,,403.0831195514426,5
,,,,,,1131.3945854310557,5
,,,,,,1386.472018504194,5
,,,,,,365.20281318645215,5
,,,,,,1019.4283104264385,5
,,,,,,150.20703476795322,5
,,,,,,37.88030636499049,5
,,,,,,111.96627500461757,5
,,,,,,3.366238012379954,5
,,,,,,5.168186907527534,5
,,,,,,3.945751780829855,5
,,,,,,4.210846794301739,5
,,,,,,7.269138578534595,5
,,,,,,4.989906936616639,5
,,,,,,3.6702957938844047,5
,,,,,,6.039929879990229,5
,,,,,,4.235495399099412,5
,,,,,,3.366238012379954,5
,,,,,,5.168186907527534,5
,,,,,,3.945751780829855,5
,,,,,,6.0589833947264315,5
,,,,,,10.274069304715576,5
,,,,,,7.022796057112106,5
,,,,,,3.70108624489595,5
,,,,,,5.712461567686961,5
,,,,,,4.357253114652634,5
,,,,,,3.366238012379954,5
,,,,,,5.168186907527534,5
,,,,,,3.945751780829855,5
,,,,,,3.4707735533177337,5
,,,,,,5.435711653896518,5
,,,,,,4.071366870998868,5
,,,,,,7.702183137630611,5
,,,,,,12.992884884496869,5
,,,,,,8.96074268070909,5
,,,,,,100.0,5
,,,,,,26.26842464003345,5
,,,,,,73.73157535996653,5
,,,,,,100.0,5
,,,,,,28.194523786548142,5
,,,,,,71.80547621345188,5
,,,,,,100.0,5
,,,,,,24.930764286663646,5
,,,,,,75.06923571333637,5
,,,,,,100.0,5
,,,,,,26.26842464003345,5
,,,,,,73.73157535996653,5
,,,,,,100.0,5
,,,,,,25.251072689269332,5
,,,,,,74.74892731073072,5
,,,,,,100.0,5
,,,,,,26.40368801055856,5
,,,,,,73.59631198944146,5
,,,,,,100.0,5
,,,,,,26.26842464003345,5
,,,,,,73.73157535996653,5
,,,,,,100.0,5
,,,,,,26.375458918873324,5
,,,,,,73.62454108112667,5
,,,,,,100.0,5
,,,,,,25.27939310911324,5
,,,,,,74.72060689088674,5
,,,,,,0.0,5
,,,,,,4.475538150314517,5
,,,,,,1.594504607438039,5
,,,,,,0.0,5
,,,,,,6.185804191168912,5
,,,,,,2.4288649362674697,5
,,,,,,0.0,5
,,,,,,5.228723251862414,5
,,,,,,1.7364778750401064,5
,,,,,,0.0,5
,,,,,,4.475538150314517,5
,,,,,,1.594504607438039,5
,,,,,,0.0,5
,,,,,,8.908429839521686,5
,,,,,,3.0093730775548573,5
,,,,,,0.0,5
,,,,,,4.969168141732068,5
,,,,,,1.7827573385079925,5
,,,,,,0.0,5
,,,,,,4.475538150314517,5
,,,,,,1.594504607438039,5
,,,,,,0.0,5
,,,,,,4.703632922496092,5
,,,,,,1.6850424477356523,5
,,,,,,0.0,5
,,,,,,11.287514266782992,5
,,,,,,3.818779346792657,5
,,,,,,866.6730716330032,5
,,,,,,523.6483085036798,5
,,,,,,206.1560159845958,5
,,,,,,243.5962922398226,5
,,,,,,423.5578843094332,5
,,,,,,225.84867697304225,5
,,,,,,153.44069422634576,5
,,,,,,125.01100879221946,5
,,,,,,362.08013216195076,5
,,,,,,374.65678295404746,5
,,,,,,220.61512760898728,5
,,,,,,93.27619807802907,5
,,,,,,114.40876312051269,5
,,,,,,193.3360440621875,5
,,,,,,101.3008059051329,5
,,,,,,64.86363191781551,5
,,,,,,52.47521854579392,5
,,,,,,165.25391970544374,5
,,,,,,492.0162886789561,5
,,,,,,303.03318089469263,5
,,,,,,112.87981790656676,5
,,,,,,129.18752911930986,5
,,,,,,230.221840247246,5
,,,,,,124.54787106790931,5
,,,,,,88.57706230853023,5
,,,,,,72.53579024642555,5
,,,,,,196.82621245650694,5
,,,,,,866.6730716330032,5
,,,,,,523.6483085036798,5
,,,,,,206.1560159845958,5
,,,,,,243.5962922398226,5
,,,,,,423.5578843094332,5
,,,,,,225.84867697304225,5
,,,,,,153.44069422634576,5
,,,,,,125.01100879221946,5
,,,,,,362.08013216195076,5
,,,,,,189.75299026043473,5
,,,,,,118.30016439453291,5
,,,,,,36.114650166819594,5
,,,,,,57.30831631579267,5
,,,,,,87.66353252339968,5
,,,,,,52.47435330381956,5
,,,,,,28.408927841405806,5
,,,,,,21.428225375338283,5
,,,,,,77.28889596380189,5
,,,,,,668.1310332008825,5
,,,,,,399.3797875472376,5
,,,,,,168.11185932675656,5
,,,,,,184.47927719183565,5
,,,,,,332.691047054251,5
,,,,,,168.04655130592909,5
,,,,,,119.70399402164634,5
,,,,,,99.52762570577642,5
,,,,,,278.92737975484977,5
,,,,,,866.6730716330032,5
,,,,,,523.6483085036798,5
,,,,,,206.1560159845958,5
,,,,,,243.5962922398226,5
,,,,,,423.5578843094332,5
,,,,,,225.84867697304225,5
,,,,,,153.44069422634576,5
,,,,,,125.01100879221946,5
,,,,,,362.08013216195076,5
,,,,,,752.7435690145633,5
,,,,,,456.2546557589282,5
,,,,,,178.52887585965635,5
,,,,,,211.98366823780023,5
,,,,,,367.94550976467025,5
,,,,,,199.2089479010969,5
,,,,,,137.56553554109283,5
,,,,,,111.01080880839703,5
,,,,,,316.9434321583541,5
,,,,,,113.9295026184403,5
,,,,,,67.3936527447516,5
,,,,,,27.62714012493943,5
,,,,,,31.612624002022372,5
,,,,,,55.61237454476295,5
,,,,,,26.639729071945315,5
,,,,,,15.875158685252913,5
,,,,,,14.000199983822403,5
,,,,,,45.13670000359668,5
,,,,,,3.642080616709854,5
,,,,,,4.644489883988627,5
,,,,,,7.15096894217708,5
,,,,,,6.57239602136389,5
,,,,,,4.958844044913441,5
,,,,,,7.798660222580257,5
,,,,,,9.963823772572459,5
,,,,,,10.780821213293654,5
,,,,,,5.7128776146339435,5
,,,,,,5.165329674154222,5
,,,,,,6.571930107917556,5
,,,,,,9.632572760715512,5
,,,,,,8.94635914994924,5
,,,,,,6.921428875711494,5
,,,,,,9.997609220185547,5
,,,,,,13.229116538625723,5
,,,,,,14.61405832141117,5
,,,,,,7.713763006757393,5
,,,,,,4.3408302209661205,5
,,,,,,5.48968008764834,5
,,,,,,9.415296605149177,5
,,,,,,7.7760085251250315,5
,,,,,,6.147888976573936,5
,,,,,,8.989075725765773,5
,,,,,,11.208979829156558,5
,,,,,,12.026519781923902,5
,,,,,,6.614934189054688,5
,,,,,,3.642080616709854,5
,,,,,,4.644489883988627,5
,,,,,,7.15096894217708,5
,,,,,,6.57239602136389,5
,,,,,,4.958844044913441,5
,,,,,,7.798660222580257,5
,,,,,,9.963823772572459,5
,,,,,,10.780821213293654,5
,,,,,,5.7128776146339435,5
,,,,,,6.848076496345643,5
,,,,,,8.777748081697204,5
,,,,,,13.538163748793986,5
,,,,,,11.417959946828596,5
,,,,,,9.106252455229361,5
,,,,,,13.306772038513135,5
,,,,,,16.867544553519092,5
,,,,,,19.498223091570946,5
,,,,,,9.949313201873714,5
,,,,,,4.1225200790826095,5
,,,,,,5.225213452819688,5
,,,,,,8.215977857556764,5
,,,,,,7.689352819014256,5
,,,,,,5.734944567042938,5
,,,,,,8.533295618785562,5
,,,,,,10.781325471541887,5
,,,,,,11.510162336861242,5
,,,,,,6.479922800343507,5
,,,,,,3.642080616709854,5
,,,,,,4.644489883988627,5
,,,,,,7.15096894217708,5
,,,,,,6.57239602136389,5
,,,,,,4.958844044913441,5
,,,,,,7.798660222580257,5
,,,,,,9.963823772572459,5
,,,,,,10.780821213293654,5
,,,,,,5.7128776146339435,5
,,,,,,3.888876365921152,5
,,,,,,5.073206327332811,5
,,,,,,7.522323126634281,5
,,,,,,6.883273022141731,5
,,,,,,5.198873513798698,5
,,,,,,8.369994469203332,5
,,,,,,10.615152650010776,5
,,,,,,11.50218091957204,5
,,,,,,6.0327052018078895,5
,,,,,,8.153418744885462,5
,,,,,,10.036765691265188,5
,,,,,,16.90352723390522,5
,,,,,,14.630001007921939,5
,,,,,,11.552666323615998,5
,,,,,,15.684603079241159,5
,,,,,,21.891167312843454,5
,,,,,,21.91093013430922,5
,,,,,,12.199551741458736,5
,,,,,,79.11832265744248,5
,,,,,,47.803695750180076,5
,,,,,,18.81992036479122,5
,,,,,,22.237831863487443,5
,,,,,,38.666471189366646,5
,,,,,,20.61765743204753,5
,,,,,,14.007554580768977,5
,,,,,,11.412217193640279,5
,,,,,,33.054185784567004,5
,,,,,,77.82829331984453,5
,,,,,,45.82887496915584,5
,,,,,,19.37647370624854,5
,,,,,,23.766388811372465,5
,,,,,,40.16212979764967,5
,,,,,,21.04344347740883,5
,,,,,,13.474267650745698,5
,,,,,,10.90079477222734,5
,,,,,,34.328567158670126,5
,,,,,,80.12969173484329,5
,,,,,,49.35193392827866,5
,,,,,,18.383588551964337,5
,,,,,,21.039459714048167,5
,,,,,,37.49389098310389,5
,,,,,,20.283845767989575,5
,,,,,,14.42564577814577,5
,,,,,,11.813166852250038,5
,,,,,,32.05508454165785,5
,,,,,,79.11832265744248,5
,,,,,,47.803695750180076,5
,,,,,,18.81992036479122,5
,,,,,,22.237831863487443,5
,,,,,,38.666471189366646,5
,,,,,,20.61765743204753,5
,,,,,,14.007554580768977,5
,,,,,,11.412217193640279,5
,,,,,,33.054185784567004,5
,,,,,,79.8748466021049,5
,,,,,,49.797410154370375,5
,,,,,,15.202143261111361,5
,,,,,,24.12342998371867,5
,,,,,,36.901190349068216,5
,,,,,,22.08861591553631,5
,,,,,,11.958487454390848,5
,,,,,,9.020022358864285,5
,,,,,,32.534078649731505,5
,,,,,,79.44114899213966,5
,,,,,,47.48647739798967,5
,,,,,,19.98859295629684,5
,,,,,,21.934687983506006,5
,,,,,,39.55714930762891,5
,,,,,,19.980827796537564,5
,,,,,,14.232871026017238,5
,,,,,,11.833889685751615,5
,,,,,,33.16461956113024,5
,,,,,,79.11832265744248,5
,,,,,,47.803695750180076,5
,,,,,,18.81992036479122,5
,,,,,,22.237831863487443,5
,,,,,,38.666471189366646,5
,,,,,,20.61765743204753,5
,,,,,,14.007554580768977,5
,,,,,,11.412217193640279,5
,,,,,,33.054185784567004,5
,,,,,,78.95339709990418,5
,,,,,,47.855413845611736,5
,,,,,,18.725448890914723,5
,,,,,,22.234438693357436,5
,,,,,,38.59288759066721,5
,,,,,,20.894530112133214,5
,,,,,,14.428906206473014,5
,,,,,,11.64364709446138,5
,,,,,,33.24340676887395,5
,,,,,,80.22556006555648,5
,,,,,,47.45648328176072,5
,,,,,,19.454160148103153,5
,,,,,,22.260612110261306,5
,,,,,,39.16047899700894,5
,,,,,,18.75885644782567,5
,,,,,,11.178785717334103,5
,,,,,,9.858498974524215,5
,,,,,,31.783839603223605,5
,,,,,,1.7826620027598339,5
,,,,,,3.3325729064039757,5
,,,,,,6.458247589116349,5
,,,,,,5.814538791124912,5
,,,,,,3.9067318013523753,5
,,,,,,6.782384205366307,5
,,,,,,9.029741908365034,5
,,,,,,9.945946053772182,5
,,,,,,4.5505421394191075,5
,,,,,,2.4596539624898313,5
,,,,,,4.717533778608682,5
,,,,,,8.54911805261931,5
,,,,,,7.753146025475955,5
,,,,,,5.304571675058675,5
,,,,,,8.86407347898532,5
,,,,,,12.111245668855954,5
,,,,,,13.660774157745598,5
,,,,,,6.14746016370482,5
,,,,,,1.9760018614244066,5
,,,,,,3.8711138247673778,5
,,,,,,8.461581596364445,5
,,,,,,7.044408356121766,5
,,,,,,4.85229804271797,5
,,,,,,8.039467019554685,5
,,,,,,10.356530411528405,5
,,,,,,11.2458129873028,5
,,,,,,5.520716836436878,5
,,,,,,1.7826620027598339,5
,,,,,,3.3325729064039757,5
,,,,,,6.458247589116349,5
,,,,,,5.814538791124912,5
,,,,,,3.9067318013523753,5
,,,,,,6.782384205366307,5
,,,,,,9.029741908365034,5
,,,,,,9.945946053772182,5
,,,,,,4.5505421394191075,5
,,,,,,3.1421228652388002,5
,,,,,,5.912820849820892,5
,,,,,,12.424376017659156,5
,,,,,,10.218872684290771,5
,,,,,,7.406103419122857,5
,,,,,,11.706280222797297,5
,,,,,,15.902446894546577,5
,,,,,,18.58879110058268,5
,,,,,,8.410494809044826,5
,,,,,,1.8776394264465237,5
,,,,,,3.787211926461514,5
,,,,,,7.273978053701493,5
,,,,,,6.686686668448899,5
,,,,,,4.323629125457041,5
,,,,,,7.531058569690745,5
,,,,,,9.838046942964388,5
,,,,,,10.686333092444091,5
,,,,,,5.1576381782260174,5
,,,,,,1.7826620027598339,5
,,,,,,3.3325729064039757,5
,,,,,,6.458247589116349,5
,,,,,,5.814538791124912,5
,,,,,,3.9067318013523753,5
,,,,,,6.782384205366307,5
,,,,,,9.029741908365034,5
,,,,,,9.945946053772182,5
,,,,,,4.5505421394191075,5
,,,,,,1.92019155772278,5
,,,,,,3.5847577778254447,5
,,,,,,6.864660985713958,5
,,,,,,6.145494431726464,5
,,,,,,4.194759068472702,5
,,,,,,7.21545273385458,5
,,,,,,9.544372949095157,5
,,,,,,10.533980738592758,5
,,,,,,4.7996647331116975,5
,,,,,,3.78844915289039,5
,,,,,,7.412669236794667,5
,,,,,,14.498799456973178,5
,,,,,,13.244426485286281,5
,,,,,,8.82641037557025,5
,,,,,,14.091132614513638,5
,,,,,,20.34040698806548,5
,,,,,,21.11690755029953,5
,,,,,,10.540364583152806,5
,,,,,,318.77613383568604,5
,,,,,,185.55878689622492,5
,,,,,,94.10173921987557,5
,,,,,,89.35594230472792,5
,,,,,,170.9427620572717,5
,,,,,,91.1084112067067,5
,,,,,,145.96863992976637,5
,,,,,,5.662491692980796,5
,,,,,,7.508290305048802,5
,,,,,,10.042854451746672,5
,,,,,,10.708434748092849,5
,,,,,,7.56363123044067,5
,,,,,,12.410231282462338,5
,,,,,,9.135699517828977,5
,,,,,,79.08446629827252,5
,,,,,,46.034869210776606,5
,,,,,,23.345492444484773,5
,,,,,,22.168118179735398,5
,,,,,,42.40881192134753,5
,,,,,,22.602884315297953,5
,,,,,,36.21303717511234,5
,,,,,,2.951676489503665,5
,,,,,,5.628608357962532,5
,,,,,,8.957989430578737,5
,,,,,,9.26725094376727,5
,,,,,,5.916575434201529,5
,,,,,,10.664239438588613,5
,,,,,,6.999805391675784,5
,,,,,,362.08013216195076,5
,,,,,,165.25391970544374,5
,,,,,,196.82621245650694,5
,,,,,,362.08013216195076,5
,,,,,,77.28889596380189,5
,,,,,,278.92737975484977,5
,,,,,,362.08013216195076,5
,,,,,,316.9434321583541,5
,,,,,,45.13670000359668,5
,,,,,,5.7128776146339435,5
,,,,,,7.713763006757393,5
,,,,,,6.614934189054688,5
,,,,,,5.7128776146339435,5
,,,,,,9.949313201873714,5
,,,,,,6.479922800343507,5
,,,,,,5.7128776146339435,5
,,,,,,6.0327052018078895,5
,,,,,,12.199551741458736,5
,,,,,,100.0,5
,,,,,,45.640151178338925,5
,,,,,,54.35984882166102,5
,,,,,,100.0,5
,,,,,,21.345798650236947,5
,,,,,,77.03470999344736,5
,,,,,,100.0,5
,,,,,,87.5340577970713,5
,,,,,,12.465942202928709,5
,,,,,,0.0,5
,,,,,,4.669455031135346,5
,,,,,,3.920441983579463,5
,,,,,,0.0,5
,,,,,,9.16273675363668,5
,,,,,,2.7282206231059627,5
,,,,,,0.0,5
,,,,,,1.5909291784453883,5
,,,,,,11.17127645789729,5
,,,,,,33.054185784567004,5
,,,,,,34.328567158670126,5
,,,,,,32.05508454165785,5
,,,,,,33.054185784567004,5
,,,,,,32.534078649731505,5
,,,,,,33.16461956113024,5
,,,,,,33.054185784567004,5
,,,,,,33.24340676887395,5
,,,,,,31.783839603223605,5
,,,,,,4.5505421394191075,5
,,,,,,6.14746016370482,5
,,,,,,5.520716836436878,5
,,,,,,4.5505421394191075,5
,,,,,,8.410494809044826,5
,,,,,,5.1576381782260174,5
,,,,,,4.5505421394191075,5
,,,,,,4.7996647331116975,5
,,,,,,10.540364583152806,5
,,,,,,145.96863992976637,5
,,,,,,64.6504354669715,5
,,,,,,81.31820446279487,5
,,,,,,145.96863992976637,5
,,,,,,29.355526893466156,5
,,,,,,112.26214725008852,5
,,,,,,145.96863992976637,5
,,,,,,127.27280746239374,5
,,,,,,18.695832467372664,5
,,,,,,9.135699517828977,5
,,,,,,11.869117015375625,5
,,,,,,10.757262740625668,5
,,,,,,9.135699517828977,5
,,,,,,16.628890139247833,5
,,,,,,9.96139001838538,5
,,,,,,9.135699517828977,5
,,,,,,9.750558141656326,5
,,,,,,19.3821488078004,5
,,,,,,100.0,5
,,,,,,44.29063358956993,5
,,,,,,55.70936641043005,5
,,,,,,100.0,5
,,,,,,20.110844978476692,5
,,,,,,76.90840121830554,5
,,,,,,100.0,5
,,,,,,87.19188417706138,5
,,,,,,12.808115822938587,5
,,,,,,0.0,5
,,,,,,7.38844434413495,5
,,,,,,5.87403703054402,5
,,,,,,0.0,5
,,,,,,15.576904335084532,5
,,,,,,4.726799017594296,5
,,,,,,0.0,5
,,,,,,2.642928624759134,5
,,,,,,17.99186779100877,5
,,,,,,36.21303717511234,5
,,,,,,36.46014586085523,5
,,,,,,36.018955559655865,5
,,,,,,36.21303717511234,5
,,,,,,34.07560412651116,5
,,,,,,36.26278410017583,5
,,,,,,36.21303717511234,5
,,,,,,34.84989788329351,5
,,,,,,49.355019168091054,5
,,,,,,6.999805391675784,5
,,,,,,9.02577328135295,5
,,,,,,8.418666106378128,5
,,,,,,6.999805391675784,5
,,,,,,13.775166231924526,5
,,,,,,7.560405470469418,5
,,,,,,6.999805391675784,5
,,,,,,7.579128903851984,5
,,,,,,13.197030777797202,5
,,,,,,19.891871197389776,5
,,,,,,19.019876187506416,5
,,,,,,5.493775943633542,5
,,,,,,18.108498328065213,5
,,,,,,13.151083277508818,5
,,,,,,22.72026642474092,5
,,,,,,9.009526487221182,5
,,,,,,21.133033305881334,5
,,,,,,57190.335000000014,5
,,,,,,9784.420351353698,5
,,,,,,47310.33118888338,5
,,,,,,27722.579000000027,5
,,,,,,4521.869743868175,5
,,,,,,23155.31539746456,5
,,,,,,29467.75600000002,5
,,,,,,5262.550607485522,5
,,,,,,24155.015791418817,5
,,,,,,57190.335000000014,5
,,,,,,9784.420351353698,5
,,,,,,47310.33118888338,5
,,,,,,14444.987417047374,5
,,,,,,3347.274341364722,5
,,,,,,11073.851565150166,5
,,,,,,42144.51812737122,5
,,,,,,6330.055731968156,5
,,,,,,35751.98306979657,5
,,,,,,57190.335000000014,5
,,,,,,9784.420351353698,5
,,,,,,47310.33118888338,5
,,,,,,49986.77900000002,5
,,,,,,8270.897730647763,5
,,,,,,41637.97497851895,5
,,,,,,7203.5560000000005,5
,,,,,,1513.5226207059336,5
,,,,,,5672.3562103644235,5
,,,,,,0.0,5
,,,,,,2.035441294788279,5
,,,,,,0.4221305634390004,5
,,,,,,0.0,5
,,,,,,2.2023281316097196,5
,,,,,,0.4314385688141218,5
,,,,,,0.0,5
,,,,,,2.135514885153288,5
,,,,,,0.4663812765834695,5
,,,,,,0.0,5
,,,,,,2.035441294788279,5
,,,,,,0.4221305634390004,5
,,,,,,1.220940048208251,5
,,,,,,3.3824090654498087,5
,,,,,,1.374755847215413,5
,,,,,,0.4203443606974463,5
,,,,,,2.136267957078464,5
,,,,,,0.6102687914056445,5
,,,,,,0.0,5
,,,,,,2.035441294788279,5
,,,,,,0.4221305634390004,5
,,,,,,0.0,5
,,,,,,2.114825394134681,5
,,,,,,0.4213898977357887,5
,,,,,,0.0,5
,,,,,,3.0197130654709783,5
,,,,,,0.8094107023721465,5
,,,,,,100.0,5
,,,,,,17.13716250163242,5
,,,,,,82.86283749836764,5
,,,,,,100.0,5
,,,,,,16.337896071357616,5
,,,,,,83.6621039286424,5
,,,,,,100.0,5
,,,,,,17.889143296644455,5
,,,,,,82.11085670335557,5
,,,,,,100.0,5
,,,,,,17.13716250163242,5
,,,,,,82.86283749836764,5
,,,,,,100.0,5
,,,,,,23.21090851756975,5
,,,,,,76.78909148243025,5
,,,,,,100.0,5
,,,,,,15.042179305491988,5
,,,,,,84.95782069450803,5
,,,,,,100.0,5
,,,,,,17.13716250163242,5
,,,,,,82.86283749836764,5
,,,,,,100.0,5
,,,,,,16.571998688178464,5
,,,,,,83.42800131182155,5
,,,,,,100.0,5
,,,,,,21.062456747277082,5
,,,,,,78.9375432527229,5
,,,,,,0.0,5
,,,,,,2.0353502458551906,5
,,,,,,0.4209381305780775,5
,,,,,,0.0,5
,,,,,,2.2022508131266476,5
,,,,,,0.43006502607936303,5
,,,,,,0.0,5
,,,,,,2.1351653273833975,5
,,,,,,0.46517939328755575,5
,,,,,,0.0,5
,,,,,,2.0353502458551906,5
,,,,,,0.4209381305780775,5
,,,,,,0.0,5
,,,,,,2.9400637439111788,5
,,,,,,0.8886880841839367,5
,,,,,,0.0,5
,,,,,,2.157987627043257,5
,,,,,,0.38208179729257374,5
,,,,,,0.0,5
,,,,,,2.0353502458551906,5
,,,,,,0.4209381305780775,5
,,,,,,0.0,5
,,,,,,2.114890037087378,5
,,,,,,0.4200982208510313,5
,,,,,,0.0,5
,,,,,,3.01958653211707,5
,,,,,,0.8056991401893209,5
,,,,,,17510.984210546754,5
,,,,,,1001.3430519136823,5
,,,,,,16509.64115863307,5
,,,,,,5354.650884069969,5
,,,,,,241.2465187275215,5
,,,,,,5113.404365342449,5
,,,,,,12156.33332647678,5
,,,,,,760.0965331861606,5
,,,,,,11396.236793290624,5
,,,,,,0.37821562511871826,5
,,,,,,2.88314357418824,5
,,,,,,0.4328969827055998,5
,,,,,,0.4576760281363,5
,,,,,,5.436827837858775,5
,,,,,,0.5250796481677709,5
,,,,,,0.5615133520029629,5
,,,,,,3.242813350311064,5
,,,,,,0.6264945322982169,5
,,,,,,100.0,5
,,,,,,100.0,5
,,,,,,100.0,5
,,,,,,30.5788116743598,5
,,,,,,24.09229467029022,5
,,,,,,30.972232020128406,5
,,,,,,69.4211883256402,5
,,,,,,75.90770532970977,5
,,,,,,69.0277679798716,5
,,,,,,0.0,5
,,,,,,0.0,5
,,,,,,0.0,5
,,,,,,0.5635428903047708,5
,,,,,,4.62572330261932,5
,,,,,,0.6135804512434918,5
,,,,,,0.24823072506653282,5
,,,,,,1.468155154814226,5
,,,,,,0.27530885982681685,5
,,,,,,9641.198194644763,5
,,,,,,4162.2212351766775,5
,,,,,,5478.976959468084,5
,,,,,,9641.198194644763,5
,,,,,,8021.93468664046,5
,,,,,,1619.263508004303,5
,,,,,,9641.198194644763,5
,,,,,,4765.1803385584735,5
,,,,,,4732.298054927667,5
,,,,,,9641.198194644763,5
,,,,,,2743.9922359277098,5
,,,,,,1624.5048541889382,5
,,,,,,3384.892302421781,5
,,,,,,1887.8088021063322,5
,,,,,,1.7839557540969049,5
,,,,,,2.233669042312472,5
,,,,,,1.9753453957874332,5
,,,,,,1.7839557540969049,5
,,,,,,1.9708632483710453,5
,,,,,,2.7697773907557672,5
,,,,,,1.7839557540969049,5
,,,,,,2.4134450323816092,5
,,,,,,2.4289376213257694,5
,,,,,,1.7839557540969049,5
,,,,,,2.808578386673645,5
,,,,,,3.484999133652391,5
,,,,,,2.5871599014892865,5
,,,,,,3.577396590418399,5
,,,,,,100.0,5
,,,,,,43.17120290596866,5
,,,,,,56.82879709403134,5
,,,,,,100.0,5
,,,,,,83.20474825521448,5
,,,,,,16.795251744785507,5
,,,,,,100.0,5
,,,,,,49.42518805603758,5
,,,,,,49.084127920492726,5
,,,,,,100.0,5
,,,,,,28.46111220337604,5
,,,,,,16.849615798700988,5
,,,,,,35.108626895585786,5
,,,,,,19.5806451023372,5
,,,,,,0.0,5
,,,,,,1.251000176868838,5
,,,,,,0.9503488589006154,5
,,,,,,0.0,5
,,,,,,0.5196742965556581,5
,,,,,,2.5744996071907,5
,,,,,,0.0,5
,,,,,,1.6339814708364269,5
,,,,,,1.7046070435161547,5
,,,,,,0.0,5
,,,,,,2.1124914099835963,5
,,,,,,3.0592452960614778,5
,,,,,,1.798410773661466,5
,,,,,,3.181738239493664,5
,,,,,,10.844838882532773,5
,,,,,,9.610853034654161,5
,,,,,,12.01694820008562,5
,,,,,,10.844838882532773,5
,,,,,,10.742846693870678,5
,,,,,,11.380086431039325,5
,,,,,,10.844838882532773,5
,,,,,,10.359999158970897,5
,,,,,,11.300478015098703,5
,,,,,,10.844838882532773,5
,,,,,,8.601737423257894,5
,,,,,,11.182982131104058,5
,,,,,,11.91279132902782,5
,,,,,,13.426513661125739,5
,,,,,,1.7839557540969064,5
,,,,,,2.233669042312473,5
,,,,,,1.9753453957874343,5
,,,,,,1.7839557540969064,5
,,,,,,1.970863248371046,5
,,,,,,2.7697773907557677,5
,,,,,,1.7839557540969064,5
,,,,,,2.325472017400542,5
,,,,,,2.231431271862387,5
,,,,,,1.7839557540969064,5
,,,,,,2.7135902332122734,5
,,,,,,3.2213411196096544,5
,,,,,,2.5178365417584017,5
,,,,,,3.1245194639296625,5
,,,,,,891.2013668648825,5
,,,,,,357.692564741833,5
,,,,,,533.5088021230496,5
,,,,,,891.2013668648825,5
,,,,,,748.9044058256056,5
,,,,,,142.2969610392767,5
,,,,,,891.2013668648825,5
,,,,,,411.9780755031952,5
,,,,,,469.14106430065885,5
,,,,,,891.2013668648825,5
,,,,,,180.32421958278664,5
,,,,,,182.6648255341325,5
,,,,,,371.94008358285856,5
,,,,,,156.27223816510468,5
,,,,,,4.552618091731127,5
,,,,,,6.50875297465093,5
,,,,,,5.275349587330765,5
,,,,,,4.552618091731127,5
,,,,,,4.98076736539081,5
,,,,,,9.58739163546627,5
,,,,,,4.552618091731127,5
,,,,,,6.656775350248298,5
,,,,,,6.146246230478564,5
,,,,,,4.552618091731127,5
,,,,,,8.595209845274397,5
,,,,,,9.58674274258357,5
,,,,,,6.615754208031293,5
,,,,,,9.636387299484486,5
,,,,,,100.0,5
,,,,,,43.17120290596866,5
,,,,,,56.82879709403134,5
,,,,,,100.0,5
,,,,,,83.20474825521448,5
,,,,,,16.795251744785507,5
,,,,,,100.0,5
,,,,,,49.42518805603758,5
,,,,,,49.084127920492726,5
,,,,,,100.0,5
,,,,,,28.46111220337604,5
,,,,,,16.849615798700988,5
,,,,,,35.108626895585786,5
,,,,,,19.5806451023372,5
,,,,,,0.0,5
,,,,,,1.251000176868838,5
,,,,,,0.9503488589006154,5
,,,,,,0.0,5
,,,,,,0.5196742965556581,5
,,,,,,2.5744996071907,5
,,,,,,0.0,5
,,,,,,1.6339814708364269,5
,,,,,,1.7046070435161547,5
,,,,,,0.0,5
,,,,,,2.1124914099835963,5
,,,,,,3.0592452960614778,5
,,,,,,1.798410773661466,5
,,,,,,3.181738239493664,5
,,,,,,297.34750620796314,5
,,,,,,137.16464893941014,5
,,,,,,160.18285726855297,5
,,,,,,297.34750620796314,5
,,,,,,247.1732615417841,5
,,,,,,50.174244666179064,5
,,,,,,297.34750620796314,5
,,,,,,144.85449064597398,5
,,,,,,150.9937548716051,5
,,,,,,297.34750620796314,5
,,,,,,54.336130412053244,5
,,,,,,61.49395648208146,5
,,,,,,131.1995186719946,5
,,,,,,50.31790064183376,5
,,,,,,8.732727910737658,5
,,,,,,11.888569521106668,5
,,,,,,10.913068735019564,5
,,,,,,8.732727910737658,5
,,,,,,9.358628313926195,5
,,,,,,18.96573124877365,5
,,,,,,8.732727910737658,5
,,,,,,10.63274387063501,5
,,,,,,11.826446091403184,5
,,,,,,8.732727910737658,5
,,,,,,16.067807184041556,5
,,,,,,20.666944804633893,5
,,,,,,12.369586535172965,5
,,,,,,15.965491383014188,5
,,,,,,100.0,5
,,,,,,46.129409554717434,5
,,,,,,53.87059044528255,5
,,,,,,100.0,5
,,,,,,83.12605835978071,5
,,,,,,16.87394164021927,5
,,,,,,100.0,5
,,,,,,48.71555591411742,5
,,,,,,50.78023246174492,5
,,,,,,100.0,5
,,,,,,18.273612281130372,5
,,,,,,20.68083814332478,5
,,,,,,44.12329544820008,5
,,,,,,16.922254127344765,5
,,,,,,0.0,5
,,,,,,7.874339938832864,5
,,,,,,6.7428006451950555,5
,,,,,,0.0,5
,,,,,,3.4087031812705995,5
,,,,,,16.792286332323002,5
,,,,,,0.0,5
,,,,,,7.21248373897284,5
,,,,,,6.932025353282518,5
,,,,,,0.0,5
,,,,,,14.844112819182623,5
,,,,,,17.06267606775616,5
,,,,,,8.244656067638934,5
,,,,,,15.264276042300148,5
,,,,,,224.37661183875045,5
,,,,,,109.87919024874292,5
,,,,,,114.49742159000753,5
,,,,,,224.37661183875045,5
,,,,,,188.73552254386772,5
,,,,,,35.64108929488273,5
,,,,,,224.37661183875045,5
,,,,,,110.44141944537584,5
,,,,,,112.32431129027823,5
,,,,,,224.37661183875045,5
,,,,,,33.927138615868266,5
,,,,,,44.73993803444858,5
,,,,,,96.16680468578825,5
,,,,,,49.542730502645384,5
,,,,,,10.06484103747511,5
,,,,,,12.680890268113796,5
,,,,,,13.246923868471738,5
,,,,,,10.06484103747511,5
,,,,,,10.492599931057107,5
,,,,,,22.495774098891182,5
,,,,,,10.06484103747511,5
,,,,,,12.640764102340679,5
,,,,,,13.122465734319327,5
,,,,,,10.06484103747511,5
,,,,,,19.979128138906965,5
,,,,,,21.02227594467432,5
,,,,,,13.202823761593594,5
,,,,,,17.568806951859802,5
,,,,,,100.0,5
,,,,,,48.97087506059153,5
,,,,,,51.029124939408476,5
,,,,,,100.0,5
,,,,,,84.11550606687278,5
,,,,,,15.884493933127224,5
,,,,,,100.0,5
,,,,,,49.221448947069945,5
,,,,,,50.060614771650414,5
,,,,,,100.0,5
,,,,,,15.12062168059218,5
,,,,,,19.93966201192181,5
,,,,,,42.8595493521843,5
,,,,,,22.08016695530172,5
,,,,,,0.0,5
,,,,,,8.355161005116404,5
,,,,,,8.018157202940754,5
,,,,,,0.0,5
,,,,,,3.6794258865098532,5
,,,,,,19.484207163431915,5
,,,,,,0.0,5
,,,,,,8.051505710944564,5
,,,,,,7.923809050847563,5
,,,,,,0.0,5
,,,,,,17.533831057134442,5
,,,,,,16.72245549681161,5
,,,,,,8.754252206751904,5
,,,,,,15.775174461416979,5
,,,,,,1025.6675131221934,5
,,,,,,429.91418529071706,5
,,,,,,595.7533278314764,5
,,,,,,1025.6675131221934,5
,,,,,,868.9124192678053,5
,,,,,,156.755093854388,5
,,,,,,1025.6675131221934,5
,,,,,,481.1004130545523,5
,,,,,,533.4460476746124,5
,,,,,,1025.6675131221934,5
,,,,,,210.74462042345846,5
,,,,,,212.98950066690512,5
,,,,,,419.3179432473876,5
,,,,,,182.61544878444224,5
,,,,,,4.367411681751526,5
,,,,,,6.2734356448492,5
,,,,,,5.0103169016440585,5
,,,,,,4.367411681751526,5
,,,,,,4.810360960604609,5
,,,,,,9.009177747302175,5
,,,,,,4.367411681751526,5
,,,,,,6.176923516848869,5
,,,,,,5.99412267613466,5
,,,,,,4.367411681751526,5
,,,,,,7.791281961007197,5
,,,,,,9.471856796162474,5
,,,,,,6.649081054413737,5
,,,,,,9.039073030926728,5
,,,,,,100.0,5
,,,,,,41.91555058442208,5
,,,,,,58.084449415577886,5
,,,,,,100.0,5
,,,,,,84.71677304302871,5
,,,,,,15.28322695697128,5
,,,,,,100.0,5
,,,,,,46.906078909534116,5
,,,,,,52.0096464838562,5
,,,,,,100.0,5
,,,,,,20.547069857164452,5
,,,,,,20.76594002851395,5
,,,,,,40.88244366548752,5
,,,,,,17.804546448834067,5
,,,,,,0.0,5
,,,,,,4.078392304253276,5
,,,,,,2.943095108106486,5
,,,,,,0.0,5
,,,,,,1.5274980911040352,5
,,,,,,8.46710642144155,5
,,,,,,0.0,5
,,,,,,4.4158600310095135,5
,,,,,,4.0092962186868375,5
,,,,,,0.0,5
,,,,,,6.857914487574767,5
,,,,,,8.043713471331355,5
,,,,,,4.7674580594567795,5
,,,,,,8.297806111569898,5
,,,,,,1.0024620426236084,5
,,,,,,0.8259365557670436,5
,,,,,,1.1701359007037748,5
,,,,,,1.0024620426236084,5
,,,,,,1.0029208083116603,5
,,,,,,1.000054473837313,5
,,,,,,1.0024620426236084,5
,,,,,,0.895683313639018,5
,,,,,,1.1202841033204176,5
,,,,,,1.0024620426236084,5
,,,,,,0.5652718574040067,5
,,,,,,1.2574523705866774,5
,,,,,,1.3090060795888936,5
,,,,,,1.1114427150871453,5
,,,,,,4.5526180917311265,5
,,,,,,6.508752974650932,5
,,,,,,5.275349587330765,5
,,,,,,4.5526180917311265,5
,,,,,,4.980767365390809,5
,,,,,,9.587391635466265,5
,,,,,,4.5526180917311265,5
,,,,,,6.69942431104154,5
,,,,,,6.062748914460061,5
,,,,,,4.5526180917311265,5
,,,,,,8.535913226084933,5
,,,,,,9.48176682585127,5
,,,,,,6.584054465078762,5
,,,,,,9.581888162954174,5
,,,,,,0.3344694022304652,5
,,,,,,0.31672254020650226,5
,,,,,,0.3513263721636064,5
,,,,,,0.3344694022304652,5
,,,,,,0.3310104805502263,5
,,,,,,0.3526215702946073,5
,,,,,,0.3344694022304652,5
,,,,,,0.3149287738645012,5
,,,,,,0.3605651181600935,5
,,,,,,0.3344694022304652,5
,,,,,,0.17033033850489834,5
,,,,,,0.4233202595466213,5
,,,,,,0.46174363872378427,5
,,,,,,0.3578720364122422,5
,,,,,,8.732727910737658,5
,,,,,,11.888569521106666,5
,,,,,,10.913068735019568,5
,,,,,,8.732727910737658,5
,,,,,,9.358628313926197,5
,,,,,,18.96573124877364,5
,,,,,,8.732727910737658,5
,,,,,,10.70068112610004,5
,,,,,,11.778160730882355,5
,,,,,,8.732727910737658,5
,,,,,,16.06609718992877,5
,,,,,,20.607848295062723,5
,,,,,,12.31608608265555,5
,,,,,,16.033276869511063,5
,,,,,,0.2523885678184113,5
,,,,,,0.2537185529982157,5
,,,,,,0.25112527292395537,5
,,,,,,0.2523885678184113,5
,,,,,,0.25275159466867636,5
,,,,,,0.2504834294524706,5
,,,,,,0.2523885678184113,5
,,,,,,0.24011116710763827,5
,,,,,,0.2682245276108866,5
,,,,,,0.2523885678184113,5
,,,,,,0.10635319374273194,5
,,,,,,0.3079867236443178,5
,,,,,,0.33844949104629396,5
,,,,,,0.3523588549651079,5
,,,,,,10.06484103747511,5
,,,,,,12.680890268113796,5
,,,,,,13.246923868471738,5
,,,,,,10.06484103747511,5
,,,,,,10.492599931057105,5
,,,,,,22.495774098891182,5
,,,,,,10.06484103747511,5
,,,,,,12.667738789088947,5
,,,,,,13.122547843182728,5
,,,,,,10.06484103747511,5
,,,,,,19.98073341227634,5
,,,,,,21.025647457060938,5
,,,,,,13.136859892687841,5
,,,,,,17.600133232872793,5
,,,,,,1.1537154098788966,5
,,,,,,0.9927012090136461,5
,,,,,,1.3066557741601652,5
,,,,,,1.1537154098788966,5
,,,,,,1.1636336214678897,5
,,,,,,1.10166536067203,5
,,,,,,1.1537154098788966,5
,,,,,,1.0459624863082297,5
,,,,,,1.2738410100165145,5
,,,,,,1.1537154098788966,5
,,,,,,0.6606322949867484,5
,,,,,,1.4662053941722195,5
,,,,,,1.47574773792635,5
,,,,,,1.298801454417001,5
,,,,,,4.367411681751525,5
,,,,,,6.273435644849201,5
,,,,,,5.01031690164406,5
,,,,,,4.367411681751525,5
,,,,,,4.8103609606046085,5
,,,,,,9.009177747302171,5
,,,,,,4.367411681751525,5
,,,,,,6.23635409190356,5
,,,,,,5.900554459569056,5
,,,,,,4.367411681751525,5
,,,,,,7.73055047210233,5
,,,,,,9.347393198023921,5
,,,,,,6.608085762210266,5
,,,,,,8.998239669198478,5
,,,,,,9641.198194644763,5
,,,,,,1387.9938702116565,5
,,,,,,8249.357359268119,5
,,,,,,4162.2212351766775,5
,,,,,,608.2238228591589,5
,,,,,,3553.9974123175175,5
,,,,,,5478.976959468084,5
,,,,,,779.770047352498,5
,,,,,,4695.359946950597,5
,,,,,,9641.198194644763,5
,,,,,,1387.9938702116565,5
,,,,,,8249.357359268119,5
,,,,,,4765.1803385584735,5
,,,,,,657.7601121603888,5
,,,,,,4104.470925904436,5
,,,,,,4732.298054927667,5
,,,,,,718.4012578707784,5
,,,,,,4012.9991323855493,5
,,,,,,9641.198194644763,5
,,,,,,1387.9938702116565,5
,,,,,,8249.357359268119,5
,,,,,,8021.93468664046,5
,,,,,,1158.7818897354025,5
,,,,,,6860.540590198506,5
,,,,,,1619.263508004303,5
,,,,,,229.21198047625418,5
,,,,,,1388.8167690696123,5
,,,,,,1.7839557540969049,5
,,,,,,3.735965705537804,5
,,,,,,1.9197122715542831,5
,,,,,,2.233669042312472,5
,,,,,,5.3194004164650766,5
,,,,,,2.395995618412078,5
,,,,,,1.9753453957874332,5
,,,,,,4.701596241018733,5
,,,,,,2.129026148537441,5
,,,,,,1.7839557540969049,5
,,,,,,3.735965705537804,5
,,,,,,1.9197122715542831,5
,,,,,,2.4134450323816092,5
,,,,,,5.475016362377318,5
,,,,,,2.575427907644104,5
,,,,,,2.4289376213257694,5
,,,,,,4.583859198342648,5
,,,,,,2.6103426285328446,5
,,,,,,1.7839557540969049,5
,,,,,,3.735965705537804,5
,,,,,,1.9197122715542831,5
,,,,,,1.9708632483710453,5
,,,,,,4.105632258894933,5
,,,,,,2.1313774545365116,5
,,,,,,2.7697773907557672,5
,,,,,,7.8447217483642655,5
,,,,,,2.980712261368148,5
,,,,,,100.0,5
,,,,,,14.402233945421752,5
,,,,,,85.59776605457824,5
,,,,,,100.0,5
,,,,,,14.612962370159574,5
,,,,,,85.38703762984042,5
,,,,,,100.0,5
,,,,,,14.24203714183687,5
,,,,,,85.75796285816311,5
,,,,,,100.0,5
,,,,,,14.402233945421752,5
,,,,,,85.59776605457824,5
,,,,,,100.0,5
,,,,,,13.812015983745201,5
,,,,,,86.18798401625477,5
,,,,,,100.0,5
,,,,,,15.183691901244027,5
,,,,,,84.81630809875598,5
,,,,,,100.0,5
,,,,,,14.402233945421752,5
,,,,,,85.59776605457824,5
,,,,,,100.0,5
,,,,,,12.431330022592554,5
,,,,,,87.56866997740747,5
,,,,,,100.0,5
,,,,,,10.909114370185677,5
,,,,,,89.09088562981431,5
,,,,,,0.0,5
,,,,,,3.4284793048290596,5
,,,,,,0.5768580571799169,5
,,,,,,0.0,5
,,,,,,4.863181722272588,5
,,,,,,0.832274938672679,5
,,,,,,0.0,5
,,,,,,4.337677992179841,5
,,,,,,0.7203689198649524,5
,,,,,,0.0,5
,,,,,,3.4284793048290596,5
,,,,,,0.5768580571799169,5
,,,,,,0.0,5
,,,,,,5.009569576329287,5
,,,,,,0.8028062826819844,5
,,,,,,0.0,5
,,,,,,4.14010285941776,5
,,,,,,0.7411551818980987,5
,,,,,,0.0,5
,,,,,,3.4284793048290596,5
,,,,,,0.5768580571799169,5
,,,,,,0.0,5
,,,,,,13.63312506044422,5
,,,,,,1.9353711425488604,5
,,,,,,0.0,5
,,,,,,12.923168242995109,5
,,,,,,1.5824325843361693,5
,,,,,,1025.6675131221934,5
,,,,,,400.07756194095026,5
,,,,,,625.5899511812432,5
,,,,,,429.91418529071706,5
,,,,,,176.9136770324606,5
,,,,,,253.00050825825645,5
,,,,,,595.7533278314764,5
,,,,,,223.16388490848956,5
,,,,,,372.5894429229867,5
,,,,,,1025.6675131221934,5
,,,,,,400.07756194095026,5
,,,,,,625.5899511812432,5
,,,,,,481.1004130545523,5
,,,,,,195.09316289910342,5
,,,,,,286.0072501554489,5
,,,,,,533.4460476746124,5
,,,,,,201.7140385662851,5
,,,,,,331.7320091083272,5
,,,,,,1025.6675131221934,5
,,,,,,400.07756194095026,5
,,,,,,625.5899511812432,5
,,,,,,868.9124192678053,5
,,,,,,342.4658546856981,5
,,,,,,526.4465645821074,5
,,,,,,156.755093854388,5
,,,,,,57.61170725525216,5
,,,,,,99.14338659913588,5
,,,,,,4.367411681751526,5
,,,,,,7.142332573818537,5
,,,,,,5.296793198489721,5
,,,,,,6.2734356448492,5
,,,,,,10.829556684941219,5
,,,,,,7.6256090506280865,5
,,,,,,5.0103169016440585,5
,,,,,,8.795940771097294,5
,,,,,,5.98826374737226,5
,,,,,,4.367411681751526,5
,,,,,,7.142332573818537,5
,,,,,,5.296793198489721,5
,,,,,,6.176923516848869,5
,,,,,,10.10119284956614,5
,,,,,,7.473203376034848,5
,,,,,,5.99412267613466,5
,,,,,,8.904492984502879,5
,,,,,,7.453084375240955,5
,,,,,,4.367411681751526,5
,,,,,,7.142332573818537,5
,,,,,,5.296793198489721,5
,,,,,,4.810360960604609,5
,,,,,,7.567537179088199,5
,,,,,,5.932501621568618,5
,,,,,,9.009177747302175,5
,,,,,,16.658815094881323,5
,,,,,,10.494721833928732,5
,,,,,,100.0,5
,,,,,,39.006554933488154,5
,,,,,,60.99344506651183,5
,,,,,,100.0,5
,,,,,,41.150928042262166,5
,,,,,,58.84907195773782,5
,,,,,,100.0,5
,,,,,,37.4591084066285,5
,,,,,,62.54089159337152,5
,,,,,,100.0,5
,,,,,,39.006554933488154,5
,,,,,,60.99344506651183,5
,,,,,,100.0,5
,,,,,,40.551443649868936,5
,,,,,,59.4485563501311,5
,,,,,,100.0,5
,,,,,,37.813390772242656,5
,,,,,,62.18660922775735,5
,,,,,,100.0,5
,,,,,,39.006554933488154,5
,,,,,,60.99344506651183,5
,,,,,,100.0,5
,,,,,,39.413161452368136,5
,,,,,,60.58683854763185,5
,,,,,,100.0,5
,,,,,,36.752685886411115,5
,,,,,,63.24731411358889,5
,,,,,,0.0,5
,,,,,,5.295912016635823,5
,,,,,,3.3868439924086933,5
,,,,,,0.0,5
,,,,,,7.853271906819251,5
,,,,,,5.491495725980531,5
,,,,,,0.0,5
,,,,,,6.627087708754454,5
,,,,,,3.9693197614851226,5
,,,,,,0.0,5
,,,,,,5.295912016635823,5
,,,,,,3.3868439924086933,5
,,,,,,0.0,5
,,,,,,7.307293599945808,5
,,,,,,4.984499588283055,5
,,,,,,0.0,5
,,,,,,6.857749072118436,5
,,,,,,4.169945084676722,5
,,,,,,0.0,5
,,,,,,5.295912016635823,5
,,,,,,3.3868439924086933,5
,,,,,,0.0,5
,,,,,,5.648415101274234,5
,,,,,,3.6744266852857153,5
,,,,,,0.0,5
,,,,,,12.47887424308908,5
,,,,,,7.251409039261332,5
,,,,,,952.9308753334301,5
,,,,,,498.39674506716,5
,,,,,,413.5388761893396,5
,,,,,,214.186863029226,5
,,,,,,570.1718294721927,5
,,,,,,436.86018638727745,5
,,,,,,296.3667302982613,5
,,,,,,214.83933831806414,5
,,,,,,424.56311000045383,5
,,,,,,401.87030138920466,5
,,,,,,202.453193356625,5
,,,,,,179.39164980941968,5
,,,,,,97.11777395973348,5
,,,,,,249.20977109742077,5
,,,,,,202.18208674485382,5
,,,,,,147.72138580998424,5
,,,,,,111.99068719997307,5
,,,,,,206.09637964547073,5
,,,,,,551.0605739442252,5
,,,,,,295.943551710535,5
,,,,,,234.14722637992003,5
,,,,,,117.06908906949253,5
,,,,,,320.9620583747719,5
,,,,,,234.67809964242363,5
,,,,,,148.6453444882771,5
,,,,,,102.84865111809107,5
,,,,,,218.46673035498299,5
,,,,,,952.9308753334301,5
,,,,,,498.39674506716,5
,,,,,,413.5388761893396,5
,,,,,,214.186863029226,5
,,,,,,570.1718294721927,5
,,,,,,436.86018638727745,5
,,,,,,296.3667302982613,5
,,,,,,214.83933831806414,5
,,,,,,424.56311000045383,5
,,,,,,401.8238403417232,5
,,,,,,201.4947284599271,5
,,,,,,183.19074217595582,5
,,,,,,91.46599419825087,5
,,,,,,246.93079368615943,5
,,,,,,261.43338863791803,5
,,,,,,171.82144875466946,5
,,,,,,133.09495442682947,5
,,,,,,224.39619166581477,5
,,,,,,544.4010747563397,5
,,,,,,292.51879627499835,5
,,,,,,226.939282625073,5
,,,,,,120.9970551989756,5
,,,,,,318.1083707657227,5
,,,,,,172.42654387613393,5
,,,,,,123.28458880451184,5
,,,,,,80.48369115215456,5
,,,,,,197.18241196355942,5
,,,,,,952.9308753334301,5
,,,,,,498.39674506716,5
,,,,,,413.5388761893396,5
,,,,,,214.186863029226,5
,,,,,,570.1718294721927,5
,,,,,,436.86018638727745,5
,,,,,,296.3667302982613,5
,,,,,,214.83933831806414,5
,,,,,,424.56311000045383,5
,,,,,,790.8467813328638,5
,,,,,,407.21163240147547,5
,,,,,,348.9077543448127,5
,,,,,,173.18639009609126,5
,,,,,,477.9738077914748,5
,,,,,,368.67283744668265,5
,,,,,,254.4892927217873,5
,,,,,,184.2704284654323,5
,,,,,,353.57707919919176,5
,,,,,,162.0840940005663,5
,,,,,,91.18511266568466,5
,,,,,,64.63112184452693,5
,,,,,,41.000472933134766,5
,,,,,,92.1980216807179,5
,,,,,,68.1873489405947,5
,,,,,,41.87743757647405,5
,,,,,,30.568909852631815,5
,,,,,,70.98603080126207,5
,,,,,,4.444063183300635,5
,,,,,,5.93162810564796,5
,,,,,,7.306073652390229,5
,,,,,,9.275419317122047,5
,,,,,,6.08515836615903,5
,,,,,,6.472247569125017,5
,,,,,,8.115966683111038,5
,,,,,,9.110578892468277,5
,,,,,,6.701310472545788,5
,,,,,,6.343317601232068,5
,,,,,,8.805430966640733,5
,,,,,,9.49079036005332,5
,,,,,,14.164506186242598,5
,,,,,,8.449089542956377,5
,,,,,,8.979966152880154,5
,,,,,,10.876088326244387,5
,,,,,,12.310874477560953,5
,,,,,,9.391350175840627,5
,,,,,,5.507563546927783,5
,,,,,,7.196242283413559,5
,,,,,,9.011578203216981,5
,,,,,,10.938372328015824,5
,,,,,,7.571268299045703,5
,,,,,,8.829215201763034,5
,,,,,,11.369638765966748,5
,,,,,,12.183957062264831,5
,,,,,,8.861581417292568,5
,,,,,,4.444063183300635,5
,,,,,,5.93162810564796,5
,,,,,,7.306073652390229,5
,,,,,,9.275419317122047,5
,,,,,,6.08515836615903,5
,,,,,,6.472247569125017,5
,,,,,,8.115966683111038,5
,,,,,,9.110578892468277,5
,,,,,,6.701310472545788,5
,,,,,,6.962551262890081,5
,,,,,,9.815220154561393,5
,,,,,,11.063233129934574,5
,,,,,,12.906537796472136,5
,,,,,,8.989419892564186,5
,,,,,,8.342173098340028,5
,,,,,,10.613316018192547,5
,,,,,,12.414416044939152,5
,,,,,,8.979721235592846,5
,,,,,,5.291008885369665,5
,,,,,,6.738671371979329,5
,,,,,,8.665492897309292,5
,,,,,,11.964359884348452,5
,,,,,,7.485003653804273,5
,,,,,,9.35079062102079,5
,,,,,,11.325205391038187,5
,,,,,,12.501328239848494,5
,,,,,,8.796477771711853,5
,,,,,,4.444063183300635,5
,,,,,,5.93162810564796,5
,,,,,,7.306073652390229,5
,,,,,,9.275419317122047,5
,,,,,,6.08515836615903,5
,,,,,,6.472247569125017,5
,,,,,,8.115966683111038,5
,,,,,,9.110578892468277,5
,,,,,,6.701310472545788,5
,,,,,,4.9276380878545,5
,,,,,,6.558148237004695,5
,,,,,,8.073634363812944,5
,,,,,,10.35062671685296,5
,,,,,,6.756499226998135,5
,,,,,,6.977021972880963,5
,,,,,,8.507635198048805,5
,,,,,,10.165936115017024,5
,,,,,,7.206973318715805,5
,,,,,,9.834371911167604,5
,,,,,,13.308965217847039,5
,,,,,,15.641506438402242,5
,,,,,,20.61229524074818,5
,,,,,,12.840977591930406,5
,,,,,,13.408101094806632,5
,,,,,,18.395395680701057,5
,,,,,,17.552697778341653,5
,,,,,,14.017863564235306,5
,,,,,,68.65526540027992,5
,,,,,,35.90770505284427,5
,,,,,,29.793998739077903,5
,,,,,,15.431398338709112,5
,,,,,,41.078843481149256,5
,,,,,,31.4742158278163,5
,,,,,,21.352164203222884,5
,,,,,,15.478406852423847,5
,,,,,,30.5882554031533,5
,,,,,,66.07276569669358,5
,,,,,,33.28596903766878,5
,,,,,,29.494347815271258,5
,,,,,,15.967439996545847,5
,,,,,,40.97336568073364,5
,,,,,,33.24139554324418,5
,,,,,,24.28733966972399,5
,,,,,,18.412742643575438,5
,,,,,,33.884956803672374,5
,,,,,,70.66962572045502,5
,,,,,,37.95266985636763,5
,,,,,,30.02772768393769,5
,,,,,,15.013283655478888,5
,,,,,,41.161116596426524,5
,,,,,,30.095808429576227,5
,,,,,,19.062715347038896,5
,,,,,,13.18961294644317,5
,,,,,,28.016814841340565,5
,,,,,,68.65526540027992,5
,,,,,,35.90770505284427,5
,,,,,,29.793998739077903,5
,,,,,,15.431398338709112,5
,,,,,,41.078843481149256,5
,,,,,,31.4742158278163,5
,,,,,,21.352164203222884,5
,,,,,,15.478406852423847,5
,,,,,,30.5882554031533,5
,,,,,,61.08972449271019,5
,,,,,,30.633467237489537,5
,,,,,,27.850691884351665,5
,,,,,,13.905676630015497,5
,,,,,,37.54116267025138,5
,,,,,,39.746008279409004,5
,,,,,,26.122205585000938,5
,,,,,,20.234573663897628,5
,,,,,,34.11520211050709,5
,,,,,,75.77952694151094,5
,,,,,,40.71802395529976,5
,,,,,,31.589488484149264,5
,,,,,,16.842545008563977,5
,,,,,,44.28004089365642,5
,,,,,,24.00142566386611,5
,,,,,,17.160965053138522,5
,,,,,,11.20316679159149,5
,,,,,,27.447392359525534,5
,,,,,,68.65526540027992,5
,,,,,,35.90770505284427,5
,,,,,,29.793998739077903,5
,,,,,,15.431398338709112,5
,,,,,,41.078843481149256,5
,,,,,,31.4742158278163,5
,,,,,,21.352164203222884,5
,,,,,,15.478406852423847,5
,,,,,,30.5882554031533,5
,,,,,,68.24811367335454,5
,,,,,,35.14135282994958,5
,,,,,,30.109872913571557,5
,,,,,,14.945555469082858,5
,,,,,,41.24795287408362,5
,,,,,,31.815550511482854,5
,,,,,,21.961794102589707,5
,,,,,,15.90208046032793,5
,,,,,,30.512824055260978,5
,,,,,,70.71362223902509,5
,,,,,,39.782001131101964,5
,,,,,,28.197095854342827,5
,,,,,,17.887578497399844,5
,,,,,,40.22391041216514,5
,,,,,,29.748597258710372,5
,,,,,,18.27017832552276,5
,,,,,,13.33652359231663,5
,,,,,,30.969598820169903,5
,,,,,,2.321872326195968,5
,,,,,,4.796376945379822,5
,,,,,,5.834167177424647,5
,,,,,,8.513052746228318,5
,,,,,,4.479921582117042,5
,,,,,,5.229600382919724,5
,,,,,,7.026623796896003,5
,,,,,,8.107850903101168,5
,,,,,,5.466142826490133,5
,,,,,,3.5887106058936102,5
,,,,,,7.300132678627125,5
,,,,,,8.121192382121903,5
,,,,,,12.85484860399701,5
,,,,,,6.45395928727276,5
,,,,,,7.082300447887467,5
,,,,,,9.054269137065111,5
,,,,,,10.656956217124538,5
,,,,,,7.146939477624918,5
,,,,,,2.778022648794651,5
,,,,,,5.888896231872042,5
,,,,,,7.082112555740972,5
,,,,,,9.834179121246356,5
,,,,,,5.501719898063835,5
,,,,,,7.141770219497253,5
,,,,,,10.017329088520627,5
,,,,,,11.119236198282477,5
,,,,,,7.393265859486066,5
,,,,,,2.321872326195968,5
,,,,,,4.796376945379822,5
,,,,,,5.834167177424647,5
,,,,,,8.513052746228318,5
,,,,,,4.479921582117042,5
,,,,,,5.229600382919724,5
,,,,,,7.026623796896003,5
,,,,,,8.107850903101168,5
,,,,,,5.466142826490133,5
,,,,,,4.266547456478212,5
,,,,,,7.94282194961647,5
,,,,,,9.370256958415784,5
,,,,,,12.455056661053158,5
,,,,,,7.29240599081995,5
,,,,,,6.349986884590882,5
,,,,,,8.882918201856063,5
,,,,,,10.71915262419567,5
,,,,,,7.2607253656532755,5
,,,,,,2.5081934568163695,5
,,,,,,5.541643864587444,5
,,,,,,6.889658974839907,5
,,,,,,10.767536100656232,5
,,,,,,5.33983801294623,5
,,,,,,8.175560516925005,5
,,,,,,10.174912069118271,5
,,,,,,11.75645895189759,5
,,,,,,7.306592883221873,5
,,,,,,2.321872326195968,5
,,,,,,4.796376945379822,5
,,,,,,5.834167177424647,5
,,,,,,8.513052746228318,5
,,,,,,4.479921582117042,5
,,,,,,5.229600382919724,5
,,,,,,7.026623796896003,5
,,,,,,8.107850903101168,5
,,,,,,5.466142826490133,5
,,,,,,2.664677651693782,5
,,,,,,5.244824382061098,5
,,,,,,6.550996411889402,5
,,,,,,9.642224221267844,5
,,,,,,5.064032967730379,5
,,,,,,5.670087528054514,5
,,,,,,7.378263808242888,5
,,,,,,9.120733563035376,5
,,,,,,5.935863561270298,5
,,,,,,4.546492848193113,5
,,,,,,10.026847240585138,5
,,,,,,12.91672515298222,5
,,,,,,18.53957391157519,5
,,,,,,9.757009109902198,5
,,,,,,11.640406697008377,5
,,,,,,16.75189629345268,5
,,,,,,16.93349864466463,5
,,,,,,11.842170839431063,5
,,,,,,280.88183191517294,5
,,,,,,131.4716849616069,5
,,,,,,153.72291310581375,5
,,,,,,84.72263559847808,5
,,,,,,201.30490807789613,5
,,,,,,136.07133089839826,5
,,,,,,160.26739807308357,5
,,,,,,8.699237140318807,5
,,,,,,11.66000435337325,5
,,,,,,12.007989556292527,5
,,,,,,16.789199385041513,5
,,,,,,10.621741020342016,5
,,,,,,12.243577818419007,5
,,,,,,12.123074647292526,5
,,,,,,70.20684453096871,5
,,,,,,32.86154922655014,5
,,,,,,38.42327781644067,5
,,,,,,21.17655266330152,5
,,,,,,50.316470411706796,5
,,,,,,34.01123778055863,5
,,,,,,40.05908186791502,5
,,,,,,4.0854334627672815,5
,,,,,,10.108470652434816,5
,,,,,,8.95259093555733,5
,,,,,,14.242954430434338,5
,,,,,,6.7913094578698,5
,,,,,,10.015593515388547,5
,,,,,,9.072898314293388,5
,,,,,,424.56311000045383,5
,,,,,,206.09637964547073,5
,,,,,,218.46673035498299,5
,,,,,,424.56311000045383,5
,,,,,,224.39619166581477,5
,,,,,,197.18241196355942,5
,,,,,,424.56311000045383,5
,,,,,,353.57707919919176,5
,,,,,,70.98603080126207,5
,,,,,,6.701310472545788,5
,,,,,,9.391350175840627,5
,,,,,,8.861581417292568,5
,,,,,,6.701310472545788,5
,,,,,,8.979721235592846,5
,,,,,,8.796477771711853,5
,,,,,,6.701310472545788,5
,,,,,,7.206973318715805,5
,,,,,,14.017863564235306,5
,,,,,,100.0,5
,,,,,,48.5431670323996,5
,,,,,,51.45683296760038,5
,,,,,,100.0,5
,,,,,,52.853436009919676,5
,,,,,,46.443604571143396,5
,,,,,,100.0,5
,,,,,,83.28021697382371,5
,,,,,,16.719783026176295,5
,,,,,,0.0,5
,,,,,,6.372895878746186,5
,,,,,,6.012040214695199,5
,,,,,,0.0,5
,,,,,,5.460135610962608,5
,,,,,,6.204074225275033,5
,,,,,,0.0,5
,,,,,,2.5028957130137934,5
,,,,,,12.466770514683597,5
,,,,,,30.5882554031533,5
,,,,,,33.884956803672374,5
,,,,,,28.016814841340565,5
,,,,,,30.5882554031533,5
,,,,,,34.11520211050709,5
,,,,,,27.447392359525534,5
,,,,,,30.5882554031533,5
,,,,,,30.512824055260978,5
,,,,,,30.969598820169903,5
,,,,,,5.466142826490133,5
,,,,,,7.146939477624918,5
,,,,,,7.393265859486066,5
,,,,,,5.466142826490133,5
,,,,,,7.2607253656532755,5
,,,,,,7.306592883221873,5
,,,,,,5.466142826490133,5
,,,,,,5.935863561270298,5
,,,,,,11.842170839431063,5
,,,,,,160.26739807308357,5
,,,,,,77.4228021484202,5
,,,,,,82.8445959246634,5
,,,,,,160.26739807308357,5
,,,,,,81.43138414552094,5
,,,,,,78.83601392756265,5
,,,,,,160.26739807308357,5
,,,,,,138.9413648859902,5
,,,,,,21.32603318709338,5
,,,,,,12.123074647292526,5
,,,,,,16.323864596779018,5
,,,,,,16.862759410436066,5
,,,,,,12.123074647292526,5
,,,,,,14.692772376596505,5
,,,,,,15.1260355583779,5
,,,,,,12.123074647292526,5
,,,,,,12.079020920134893,5
,,,,,,28.59510812374999,5
,,,,,,100.0,5
,,,,,,48.30851631665885,5
,,,,,,51.69148368334113,5
,,,,,,100.0,5
,,,,,,50.80969999175215,5
,,,,,,49.19030000824784,5
,,,,,,100.0,5
,,,,,,86.69346764001965,5
,,,,,,13.306532359980341,5
,,,,,,0.0,5
,,,,,,11.737117165089895,5
,,,,,,10.968977395845432,5
,,,,,,0.0,5
,,,,,,8.536094763236783,5
,,,,,,8.817112600421332,5
,,,,,,0.0,5
,,,,,,3.6819581917571917,5
,,,,,,23.9883475809981,5
,,,,,,40.05908186791502,5
,,,,,,43.763039380055645,5
,,,,,,37.12276113074237,5
,,,,,,40.05908186791502,5
,,,,,,41.739742662142866,5
,,,,,,39.08305762350617,5
,,,,,,40.05908186791502,5
,,,,,,40.570866550624515,5
,,,,,,37.016839463908084,5
,,,,,,9.072898314293388,5
,,,,,,12.270070794308467,5
,,,,,,12.29778287428063,5
,,,,,,9.072898314293388,5
,,,,,,11.662380172120443,5
,,,,,,11.61497894934026,5
,,,,,,9.072898314293388,5
,,,,,,9.295282748061844,5
,,,,,,22.384689058505582,5
,,,,,,53.856261662591955,5
,,,,,,15.348792666611574,5
,,,,,,12.685101553579255,5
,,,,,,14.930328589011586,5
,,,,,,25.698047140242803,5
,,,,,,23.28062087894292,5
,,,,,,16.03448202766992,5
,,,,,,22.871196428261705,5
,,,,,,88901.25800000006,5
,,,,,,33973.21805715932,5
,,,,,,54592.41369765422,5
,,,,,,43307.511000000006,5
,,,,,,16141.524556634618,5
,,,,,,27027.213012830915,5
,,,,,,45593.74700000005,5
,,,,,,17831.693500524703,5
,,,,,,27565.200684823314,5
,,,,,,88901.25800000006,5
,,,,,,33973.21805715932,5
,,,,,,54592.41369765422,5
,,,,,,45995.95294785549,5
,,,,,,21516.32568288193,5
,,,,,,24298.40763788345,5
,,,,,,41876.97235997265,5
,,,,,,11953.068769288866,5
,,,,,,29783.27077728933,5
,,,,,,88901.25800000006,5
,,,,,,33973.21805715932,5
,,,,,,54592.41369765422,5
,,,,,,74672.33700000006,5
,,,,,,28016.027326073974,5
,,,,,,46380.62463091494,5
,,,,,,14228.920999999993,5
,,,,,,5957.190731085337,5
,,,,,,8211.789066739288,5
,,,,,,0.0,5
,,,,,,1.3013690434895147,5
,,,,,,0.8034022406471459,5
,,,,,,0.0,5
,,,,,,1.4231870201118366,5
,,,,,,0.8427651001037681,5
,,,,,,0.0,5
,,,,,,1.3168124697640449,5
,,,,,,0.8486078114094803,5
,,,,,,0.0,5
,,,,,,1.3013690434895147,5
,,,,,,0.8034022406471459,5
,,,,,,0.8394971290736554,5
,,,,,,1.9119758607916477,5
,,,,,,1.1787747346618882,5
,,,,,,0.9247764320104089,5
,,,,,,1.7354987399030657,5
,,,,,,1.191249010363787,5
,,,,,,0.0,5
,,,,,,1.3013690434895147,5
,,,,,,0.8034022406471459,5
,,,,,,0.0,5
,,,,,,1.41725628796932,5
,,,,,,0.8495750761767704,5
,,,,,,0.0,5
,,,,,,1.5784051597869861,5
,,,,,,1.1443869940164801,5
,,,,,,100.0,5
,,,,,,38.359369638113435,5
,,,,,,61.64063036188646,5
,,,,,,100.0,5
,,,,,,37.391699330239284,5
,,,,,,62.60830066976061,5
,,,,,,100.0,5
,,,,,,39.279545044911764,5
,,,,,,60.72045495508818,5
,,,,,,100.0,5
,,,,,,38.359369638113435,5
,,,,,,61.64063036188646,5
,,,,,,100.0,5
,,,,,,46.963769345198216,5
,,,,,,53.03623065480176,5
,,,,,,100.0,5
,,,,,,28.63947557247834,5
,,,,,,71.36052442752178,5
,,,,,,100.0,5
,,,,,,38.359369638113435,5
,,,,,,61.64063036188646,5
,,,,,,100.0,5
,,,,,,37.65764532289831,5
,,,,,,62.34235467710161,5
,,,,,,100.0,5
,,,,,,42.04389318135623,5
,,,,,,57.95610681864368,5
,,,,,,0.0,5
,,,,,,1.2955482568814398,5
,,,,,,0.8062282001005769,5
,,,,,,0.0,5
,,,,,,1.4173257183365575,5
,,,,,,0.8464726968488507,5
,,,,,,0.0,5
,,,,,,1.312109853683307,5
,,,,,,0.8487926867436494,5
,,,,,,0.0,5
,,,,,,1.2955482568814398,5
,,,,,,0.8062282001005769,5
,,,,,,0.0,5
,,,,,,1.4022389922374237,5
,,,,,,1.2416875744226599,5
,,,,,,0.0,5
,,,,,,1.5957346865795141,5
,,,,,,0.6404241692879818,5
,,,,,,0.0,5
,,,,,,1.2955482568814398,5
,,,,,,0.8062282001005769,5
,,,,,,0.0,5
,,,,,,1.4110990884528762,5
,,,,,,0.8523686547236142,5
,,,,,,0.0,5
,,,,,,1.5753027042655048,5
,,,,,,1.1427934390709387,5
,,,,,,29878.09836076217,5
,,,,,,816.6359335808731,5
,,,,,,29061.462427181294,5
,,,,,,10529.397348823664,5
,,,,,,214.64832551870808,5
,,,,,,10314.749023304958,5
,,,,,,19348.7010119385,5
,,,,,,601.9876080621651,5
,,,,,,18746.71340387634,5
,,,,,,0.36866374863415985,5
,,,,,,4.177140078883596,5
,,,,,,0.3860347567287145,5
,,,,,,0.4144112964376746,5
,,,,,,7.433698321216912,5
,,,,,,0.43768743390353243,5
,,,,,,0.5715424732376926,5
,,,,,,5.060191630721766,5
,,,,,,0.5968675760708813,5
,,,,,,100.0,5
,,,,,,100.0,5
,,,,,,100.0,5
,,,,,,35.24118978954677,5
,,,,,,26.284457576768027,5
,,,,,,35.49287668901868,5
,,,,,,64.75881021045316,5
,,,,,,73.71554242323198,5
,,,,,,64.50712331098129,5
,,,,,,0.0,5
,,,,,,0.0,5
,,,,,,0.0,5
,,,,,,0.5001890392384369,5
,,,,,,6.688535910034759,5
,,,,,,0.519999423797488,5
,,,,,,0.272198590510971,5
,,,,,,2.384904629319964,5
,,,,,,0.28611220714694524,5
,,,,,,2871.7154075490444,5
,,,,,,1236.874974908756,5
,,,,,,1634.840432640288,5
,,,,,,2871.7154075490444,5
,,,,,,2302.841286759134,5
,,,,,,568.8741207899102,5
,,,,,,2871.7154075490444,5
,,,,,,2157.6607719660806,5
,,,,,,685.3276086166969,5
,,,,,,2871.7154075490444,5
,,,,,,935.7187123971709,5
,,,,,,475.5358744344449,5
,,,,,,936.2371000658616,5
,,,,,,524.2237206515658,5
,,,,,,2.198502449540402,5
,,,,,,2.8427746066388084,5
,,,,,,2.4107517248406944,5
,,,,,,2.198502449540402,5
,,,,,,2.4410771892518635,5
,,,,,,3.54048014495692,5
,,,,,,2.198502449540402,5
,,,,,,2.4458297797967083,5
,,,,,,4.2590024844483505,5
,,,,,,2.198502449540402,5
,,,,,,3.403016078725053,5
,,,,,,4.38302511196498,5
,,,,,,3.2436772222321943,5
,,,,,,4.2972567391441485,5
,,,,,,100.0,5
,,,,,,43.070945388854035,5
,,,,,,56.929054611145936,5
,,,,,,100.0,5
,,,,,,80.1904422947177,5
,,,,,,19.80955770528227,5
,,,,,,100.0,5
,,,,,,75.13490947933467,5
,,,,,,23.8647467229913,5
,,,,,,100.0,5
,,,,,,32.58396392405016,5
,,,,,,16.559296690207404,5
,,,,,,32.60201542272335,5
,,,,,,18.254723963019064,5
,,,,,,0.0,5
,,,,,,1.6078463086278538,5
,,,,,,1.2164519686055408,5
,,,,,,0.0,5
,,,,,,0.7744863896218881,5
,,,,,,3.1351737913086977,5
,,,,,,0.0,5
,,,,,,1.1663746078428077,5
,,,,,,3.568238021494562,5
,,,,,,0.0,5
,,,,,,2.569457216342517,5
,,,,,,3.75086894244933,5
,,,,,,2.3599753843007747,5
,,,,,,3.792539577677143,5
,,,,,,9.535257893852721,5
,,,,,,8.379235057092655,5
,,,,,,10.646530404087885,5
,,,,,,9.535257893852721,5
,,,,,,9.163843288510979,5
,,,,,,11.406765865127154,5
,,,,,,9.535257893852721,5
,,,,,,9.477651413312316,5
,,,,,,9.672812559540061,5
,,,,,,9.535257893852721,5
,,,,,,7.8929049996540135,5
,,,,,,9.265924124730002,5
,,,,,,10.74033048864443,5
,,,,,,11.880411756048545,5
,,,,,,2.198502449540402,5
,,,,,,2.842774606638808,5
,,,,,,2.4107517248406953,5
,,,,,,2.198502449540402,5
,,,,,,2.441077189251865,5
,,,,,,3.5404801449569208,5
,,,,,,2.198502449540402,5
,,,,,,2.401703746980438,5
,,,,,,3.969969910243423,5
,,,,,,2.198502449540402,5
,,,,,,3.3228997587322238,5
,,,,,,4.187347324183175,5
,,,,,,3.1093528372437644,5
,,,,,,4.06562080584991,5
,,,,,,151.93932135542917,5
,,,,,,60.88920222705954,5
,,,,,,91.05011912836967,5
,,,,,,151.93932135542917,5
,,,,,,115.85880876662198,5
,,,,,,36.080512588807224,5
,,,,,,151.93932135542917,5
,,,,,,104.44120172730138,5
,,,,,,44.68485960184667,5
,,,,,,151.93932135542917,5
,,,,,,47.076769520217496,5
,,,,,,29.437843217532567,5
,,,,,,52.264443725683364,5
,,,,,,23.160264891995794,5
,,,,,,8.048210809508966,5
,,,,,,11.860764683313239,5
,,,,,,10.121844219781764,5
,,,,,,8.048210809508966,5
,,,,,,9.427314410550078,5
,,,,,,14.225712858621039,5
,,,,,,8.048210809508966,5
,,,,,,9.22250427070735,5
,,,,,,16.211894309390814,5
,,,,,,8.048210809508966,5
,,,,,,13.331001276814321,5
,,,,,,16.874921881829557,5
,,,,,,12.286652166923604,5
,,,,,,17.909503764006022,5
,,,,,,100.0,5
,,,,,,43.070945388854035,5
,,,,,,56.929054611145936,5
,,,,,,100.0,5
,,,,,,80.1904422947177,5
,,,,,,19.80955770528227,5
,,,,,,100.0,5
,,,,,,75.13490947933467,5
,,,,,,23.8647467229913,5
,,,,,,100.0,5
,,,,,,32.58396392405016,5
,,,,,,16.559296690207404,5
,,,,,,32.60201542272335,5
,,,,,,18.254723963019064,5
,,,,,,0.0,5
,,,,,,1.6078463086278538,5
,,,,,,1.2164519686055408,5
,,,,,,0.0,5
,,,,,,0.7744863896218881,5
,,,,,,3.1351737913086977,5
,,,,,,0.0,5
,,,,,,1.1663746078428077,5
,,,,,,3.568238021494562,5
,,,,,,0.0,5
,,,,,,2.569457216342517,5
,,,,,,3.75086894244933,5
,,,,,,2.3599753843007747,5
,,,,,,3.792539577677143,5
,,,,,,31.65153001231913,5
,,,,,,13.275263949225309,5
,,,,,,18.376266063093812,5
,,,,,,31.65153001231913,5
,,,,,,24.21575158157299,5
,,,,,,7.435778430746135,5
,,,,,,31.65153001231913,5
,,,,,,23.851724273483626,5
,,,,,,6.945208809854423,5
,,,,,,31.65153001231913,5
,,,,,,11.382144473759933,5
,,,,,,8.331023890179118,5
,,,,,,8.811923040754335,5
,,,,,,3.1264386076257398,5
,,,,,,16.126258422510308,5
,,,,,,26.263328250613,5
,,,,,,19.259742774348698,5
,,,,,,16.126258422510308,5
,,,,,,19.016366784518148,5
,,,,,,27.44313425176127,5
,,,,,,16.126258422510308,5
,,,,,,17.312619935360747,5
,,,,,,41.59269168553186,5
,,,,,,16.126258422510308,5
,,,,,,25.855051998696176,5
,,,,,,27.277820662844647,5
,,,,,,30.500211654998306,5
,,,,,,46.39625321056725,5
,,,,,,100.0,5
,,,,,,41.94193438376731,5
,,,,,,58.05806561623267,5
,,,,,,100.0,5
,,,,,,76.50736495881225,5
,,,,,,23.492635041187736,5
,,,,,,100.0,5
,,,,,,75.35725528655412,5
,,,,,,21.942726961860192,5
,,,,,,100.0,5
,,,,,,35.96080337768781,5
,,,,,,26.32107796032796,5
,,,,,,27.84043310805081,5
,,,,,,9.877685553933395,5
,,,,,,0.0,5
,,,,,,18.40084247716609,5
,,,,,,13.293018284225388,5
,,,,,,0.0,5
,,,,,,7.709037020909955,5
,,,,,,25.105660042209276,5
,,,,,,0.0,5
,,,,,,10.442543288371489,5
,,,,,,35.13213792428958,5
,,,,,,0.0,5
,,,,,,19.07121448524039,5
,,,,,,24.79244402408475,5
,,,,,,23.79095317312111,5
,,,,,,44.73153942200931,5
,,,,,,29.29582652849209,5
,,,,,,12.642216247959068,5
,,,,,,16.65361028053302,5
,,,,,,29.29582652849209,5
,,,,,,25.17789666182877,5
,,,,,,4.117929866663321,5
,,,,,,29.29582652849209,5
,,,,,,16.45894038532251,5
,,,,,,11.982289214188498,5
,,,,,,29.29582652849209,5
,,,,,,8.700374463937319,5
,,,,,,6.108564999265658,5
,,,,,,11.412225267770259,5
,,,,,,3.0746617975188517,5
,,,,,,17.00933639757202,5
,,,,,,28.718246863710966,5
,,,,,,19.86012579934394,5
,,,,,,17.00933639757202,5
,,,,,,18.94365648908301,5
,,,,,,35.061228111822835,5
,,,,,,17.00933639757202,5
,,,,,,18.958891877906257,5
,,,,,,31.815007666797364,5
,,,,,,17.00933639757202,5
,,,,,,30.245503686102023,5
,,,,,,31.651317363639713,5
,,,,,,27.686736001414403,5
,,,,,,46.484180403153616,5
,,,,,,100.0,5
,,,,,,43.153642501479496,5
,,,,,,56.84635749852048,5
,,,,,,100.0,5
,,,,,,85.94362967483313,5
,,,,,,14.056370325166853,5
,,,,,,100.0,5
,,,,,,56.18186047529712,5
,,,,,,40.90101094275303,5
,,,,,,100.0,5
,,,,,,29.698341009343565,5
,,,,,,20.851314754081717,5
,,,,,,38.95512303321132,5
,,,,,,10.495221203363366,5
,,,,,,0.0,5
,,,,,,19.572302603070153,5
,,,,,,14.857876328938902,5
,,,,,,0.0,5
,,,,,,5.6022401008228115,5
,,,,,,34.25328427158526,5
,,,,,,0.0,5
,,,,,,15.755304647363497,5
,,,,,,21.8718313692546,5
,,,,,,0.0,5
,,,,,,23.983109822400102,5
,,,,,,29.5631424567587,5
,,,,,,19.84054832781549,5
,,,,,,44.75678809902674,5
,,,,,,176.5009884977721,5
,,,,,,70.07283670159462,5
,,,,,,106.42815179617747,5
,,,,,,176.5009884977721,5
,,,,,,134.5530514473767,5
,,,,,,41.94793705039538,5
,,,,,,176.5009884977721,5
,,,,,,123.05093890413909,5
,,,,,,50.63678956735184,5
,,,,,,176.5009884977721,5
,,,,,,54.11370553909603,5
,,,,,,35.32364783419822,5
,,,,,,61.67617389090031,5
,,,,,,25.387461233577522,5
,,,,,,7.427649129413524,5
,,,,,,11.147316712795483,5
,,,,,,9.137657600322983,5
,,,,,,7.427649129413524,5
,,,,,,8.706695330785767,5
,,,,,,13.404969107767931,5
,,,,,,7.427649129413524,5
,,,,,,8.387793884995947,5
,,,,,,15.060720114730492,5
,,,,,,7.427649129413524,5
,,,,,,12.231947769953251,5
,,,,,,15.00880819858149,5
,,,,,,11.878377486343773,5
,,,,,,17.255010065968353,5
,,,,,,100.0,5
,,,,,,39.70110156209075,5
,,,,,,60.298898437909244,5
,,,,,,100.0,5
,,,,,,76.23359653256283,5
,,,,,,23.766403467437165,5
,,,,,,100.0,5
,,,,,,69.71685538502939,5
,,,,,,28.689238512673253,5
,,,,,,100.0,5
,,,,,,30.659151543380226,5
,,,,,,20.013286120855973,5
,,,,,,34.943812165493235,5
,,,,,,14.383750170270563,5
,,,,,,0.0,5
,,,,,,8.222211532994486,5
,,,,,,5.413545911996039,5
,,,,,,0.0,5
,,,,,,3.7591144291473992,5
,,,,,,12.057811486032985,5
,,,,,,0.0,5
,,,,,,4.973017917847607,5
,,,,,,12.057019115407325,5
,,,,,,0.0,5
,,,,,,9.738296112746148,5
,,,,,,12.89646385601531,5
,,,,,,8.796649104976446,5
,,,,,,16.363352757975875,5
,,,,,,0.5045000662435032,5
,,,,,,0.41249515775595597,5
,,,,,,0.5929434104039564,5
,,,,,,0.5045000662435032,5
,,,,,,0.46104435126967386,5
,,,,,,0.7234675376387708,5
,,,,,,0.5045000662435032,5
,,,,,,0.45876410046460975,5
,,,,,,0.6306885433237693,5
,,,,,,0.5045000662435032,5
,,,,,,0.39709847050271274,5
,,,,,,0.573603036729371,5
,,,,,,0.5995675650746048,5
,,,,,,0.524877971859176,5
,,,,,,8.04821080950896,5
,,,,,,11.860764683313239,5
,,,,,,10.121844219781762,5
,,,,,,8.04821080950896,5
,,,,,,9.427314410550082,5
,,,,,,14.225712858621037,5
,,,,,,8.04821080950896,5
,,,,,,9.245456936642283,5
,,,,,,16.103404617501983,5
,,,,,,8.04821080950896,5
,,,,,,13.311460996796423,5
,,,,,,16.818832174875524,5
,,,,,,12.249908350842311,5
,,,,,,17.889658530723743,5
,,,,,,0.10509589516047052,5
,,,,,,0.08993354973788913,5
,,,,,,0.11967129723992087,5
,,,,,,0.10509589516047052,5
,,,,,,0.09636328559982839,5
,,,,,,0.14909833385760196,5
,,,,,,0.10509589516047052,5
,,,,,,0.10477009695297523,5
,,,,,,0.09802567729642084,5
,,,,,,0.10509589516047052,5
,,,,,,0.09600981986731046,5
,,,,,,0.16233188576891347,5
,,,,,,0.1010886726146018,5
,,,,,,0.07085405815371114,5
,,,,,,16.126258422510308,5
,,,,,,26.263328250613,5
,,,,,,19.259742774348698,5
,,,,,,16.126258422510308,5
,,,,,,19.016366784518155,5
,,,,,,27.443134251761258,5
,,,,,,16.126258422510308,5
,,,,,,17.31393609687179,5
,,,,,,41.57967358483332,5
,,,,,,16.126258422510308,5
,,,,,,25.85866467050292,5
,,,,,,27.202849680006768,5
,,,,,,30.500041527473314,5
,,,,,,46.38846166399175,5
,,,,,,0.09727400578358786,5
,,,,,,0.0856449550141958,5
,,,,,,0.10845288913192495,5
,,,,,,0.09727400578358786,5
,,,,,,0.10019201091710118,5
,,,,,,0.08257057250700639,5
,,,,,,0.09727400578358786,5
,,,,,,0.07229686039220776,5
,,,,,,0.16911975549473018,5
,,,,,,0.09727400578358786,5
,,,,,,0.07338875261920069,5
,,,,,,0.11902677134820404,5
,,,,,,0.13091883560060658,5
,,,,,,0.06968064726204067,5
,,,,,,17.00933639757202,5
,,,,,,28.718246863710974,5
,,,,,,19.86012579934394,5
,,,,,,17.00933639757202,5
,,,,,,18.943656489083015,5
,,,,,,35.06122811182284,5
,,,,,,17.00933639757202,5
,,,,,,18.967808775870807,5
,,,,,,31.7236124818298,5
,,,,,,17.00933639757202,5
,,,,,,30.21150879571396,5
,,,,,,31.593318383369905,5
,,,,,,27.68675962550465,5
,,,,,,46.50489213216385,5
,,,,,,0.5860547460316005,5
,,,,,,0.47470987913167606,5
,,,,,,0.6930893873960096,5
,,,,,,0.5860547460316005,5
,,,,,,0.5354355441446815,5
,,,,,,0.8411180592897161,5
,,,,,,0.5860547460316005,5
,,,,,,0.5405084618336634,5
,,,,,,0.7146949399725886,5
,,,,,,0.5860547460316005,5
,,,,,,0.45645591067120317,5
,,,,,,0.6882892716130606,5
,,,,,,0.707537108726809,5
,,,,,,0.5753526233432185,5
,,,,,,7.427649129413524,5
,,,,,,11.147316712795485,5
,,,,,,9.137657600322981,5
,,,,,,7.427649129413524,5
,,,,,,8.706695330785767,5
,,,,,,13.404969107767931,5
,,,,,,7.427649129413524,5
,,,,,,8.409440853644261,5
,,,,,,14.923366576641156,5
,,,,,,7.427649129413524,5
,,,,,,12.199887661091424,5
,,,,,,14.919794091892182,5
,,,,,,11.844744840637645,5
,,,,,,17.22097262688967,5
,,,,,,2871.7154075490444,5
,,,,,,400.00614684243885,5
,,,,,,2471.141076334422,5
,,,,,,1236.874974908756,5
,,,,,,158.61887220779246,5
,,,,,,1078.2561027009635,5
,,,,,,1634.840432640288,5
,,,,,,241.3872746346464,5
,,,,,,1392.884973633459,5
,,,,,,2871.7154075490444,5
,,,,,,400.00614684243885,5
,,,,,,2471.141076334422,5
,,,,,,2157.6607719660806,5
,,,,,,273.754462862733,5
,,,,,,1883.3381247311645,5
,,,,,,685.3276086166969,5
,,,,,,119.75402312681673,5
,,,,,,565.5735854898802,5
,,,,,,2871.7154075490444,5
,,,,,,400.00614684243885,5
,,,,,,2471.141076334422,5
,,,,,,2302.841286759134,5
,,,,,,323.7136445516461,5
,,,,,,1978.7968807794282,5
,,,,,,568.8741207899102,5
,,,,,,76.29250229079281,5
,,,,,,492.3441955549939,5
,,,,,,2.198502449540402,5
,,,,,,4.982706000332502,5
,,,,,,2.3993138172485926,5
,,,,,,2.8427746066388084,5
,,,,,,7.370386516330972,5
,,,,,,3.031153286035319,5
,,,,,,2.4107517248406944,5
,,,,,,5.950288628847977,5
,,,,,,2.6415118667034667,5
,,,,,,2.198502449540402,5
,,,,,,4.982706000332502,5
,,,,,,2.3993138172485926,5
,,,,,,2.4458297797967083,5
,,,,,,5.673207333873052,5
,,,,,,2.6492212679229556,5
,,,,,,4.2590024844483505,5
,,,,,,10.141366253069114,5
,,,,,,4.469310387527024,5
,,,,,,2.198502449540402,5
,,,,,,4.982706000332502,5
,,,,,,2.3993138172485926,5
,,,,,,2.4410771892518635,5
,,,,,,5.627803131020904,5
,,,,,,2.64427348010726,5
,,,,,,3.54048014495692,5
,,,,,,9.258307114100955,5
,,,,,,3.84337024307725,5
,,,,,,100.0,5
,,,,,,13.931927405653576,5
,,,,,,86.06807259434642,5
,,,,,,100.0,5
,,,,,,12.824163753454036,5
,,,,,,87.17583624654596,5
,,,,,,100.0,5
,,,,,,14.770322073966124,5
,,,,,,85.22967792603387,5
,,,,,,100.0,5
,,,,,,13.931927405653576,5
,,,,,,86.06807259434642,5
,,,,,,100.0,5
,,,,,,12.690899984413232,5
,,,,,,87.30910001558676,5
,,,,,,100.0,5
,,,,,,17.473982022778113,5
,,,,,,82.52601797722188,5
,,,,,,100.0,5
,,,,,,13.931927405653576,5
,,,,,,86.06807259434642,5
,,,,,,100.0,5
,,,,,,21.990196196564877,5
,,,,,,78.00980380343508,5
,,,,,,100.0,5
,,,,,,14.135328941927852,5
,,,,,,85.86467105807218,5
,,,,,,0.0,5
,,,,,,4.701563064555976,5
,,,,,,0.7610468473857596,5
,,,,,,0.0,5
,,,,,,6.846054057720563,5
,,,,,,1.0071015327333388,5
,,,,,,0.0,5
,,,,,,5.561688174934446,5
,,,,,,0.9638417933485829,5
,,,,,,0.0,5
,,,,,,4.701563064555976,5
,,,,,,0.7610468473857596,5
,,,,,,0.0,5
,,,,,,5.392523936392325,5
,,,,,,0.7838356131043828,5
,,,,,,0.0,5
,,,,,,8.778425419403506,5
,,,,,,1.8587356051674973,5
,,,,,,0.0,5
,,,,,,4.701563064555976,5
,,,,,,0.7610468473857596,5
,,,,,,0.0,5
,,,,,,12.758874868656104,5
,,,,,,3.5966012979103805,5
,,,,,,0.0,5
,,,,,,13.420714907061129,5
,,,,,,2.209362913867581,5
,,,,,,176.5009884977721,5
,,,,,,57.850322469928585,5
,,,,,,118.65066602784351,5
,,,,,,70.07283670159462,5
,,,,,,22.02715071604627,5
,,,,,,48.04568598554835,5
,,,,,,106.42815179617747,5
,,,,,,35.82317175388232,5
,,,,,,70.60498004229514,5
,,,,,,176.5009884977721,5
,,,,,,57.850322469928585,5
,,,,,,118.65066602784351,5
,,,,,,123.05093890413909,5
,,,,,,35.835708388514824,5
,,,,,,87.21523051562426,5
,,,,,,50.63678956735184,5
,,,,,,21.160017152432687,5
,,,,,,29.47677241491915,5
,,,,,,176.5009884977721,5
,,,,,,57.850322469928585,5
,,,,,,118.65066602784351,5
,,,,,,134.5530514473767,5
,,,,,,44.42297245040088,5
,,,,,,90.13007899697583,5
,,,,,,41.94793705039538,5
,,,,,,13.427350019527708,5
,,,,,,28.520587030867677,5
,,,,,,7.427649129413524,5
,,,,,,13.587771777626811,5
,,,,,,8.718841993442137,5
,,,,,,11.147316712795483,5
,,,,,,20.346512267825958,5
,,,,,,13.067291333215337,5
,,,,,,9.137657600322983,5
,,,,,,17.88021659140856,5
,,,,,,10.446297589453662,5
,,,,,,7.427649129413524,5
,,,,,,13.587771777626811,5
,,,,,,8.718841993442137,5
,,,,,,8.387793884995947,5
,,,,,,14.2374252629767,5
,,,,,,10.12977249331209,5
,,,,,,15.060720114730492,5
,,,,,,27.019706981816665,5
,,,,,,16.608836719332665,5
,,,,,,7.427649129413524,5
,,,,,,13.587771777626811,5
,,,,,,8.718841993442137,5
,,,,,,8.706695330785767,5
,,,,,,15.782201206914461,5
,,,,,,10.261907090518175,5
,,,,,,13.404969107767931,5
,,,,,,22.01441955844802,5
,,,,,,16.079443107868745,5
,,,,,,100.0,5
,,,,,,32.776203103621036,5
,,,,,,67.22379689637897,5
,,,,,,100.0,5
,,,,,,31.434649648691916,5
,,,,,,68.56535035130811,5
,,,,,,100.0,5
,,,,,,33.659488724832826,5
,,,,,,66.34051127516717,5
,,,,,,100.0,5
,,,,,,32.776203103621036,5
,,,,,,67.22379689637897,5
,,,,,,100.0,5
,,,,,,29.122661482844975,5
,,,,,,70.87733851715502,5
,,,,,,100.0,5
,,,,,,41.787833180632084,5
,,,,,,58.21216681936795,5
,,,,,,100.0,5
,,,,,,32.776203103621036,5
,,,,,,67.22379689637897,5
,,,,,,100.0,5
,,,,,,33.01520996554624,5
,,,,,,66.98479003445375,5
,,,,,,100.0,5
,,,,,,32.00955985844159,5
,,,,,,67.99044014155842,5
,,,,,,0.0,5
,,,,,,10.759689738705552,5
,,,,,,5.246085352057177,5
,,,,,,0.0,5
,,,,,,16.376090004173236,5
,,,,,,7.507825005765617,5
,,,,,,0.0,5
,,,,,,13.791648042247104,5
,,,,,,6.997531566336414,5
,,,,,,0.0,5
,,,,,,10.759689738705552,5
,,,,,,5.246085352057177,5
,,,,,,0.0,5
,,,,,,12.224916191599625,5
,,,,,,5.0230737123112394,5
,,,,,,0.0,5
,,,,,,18.240185765294044,5
,,,,,,13.093789178283046,5
,,,,,,0.0,5
,,,,,,10.759689738705552,5
,,,,,,5.246085352057177,5
,,,,,,0.0,5
,,,,,,12.496317196418131,5
,,,,,,6.159137556803647,5
,,,,,,0.0,5
,,,,,,17.92235729946972,5
,,,,,,8.437756360854824,5
,,,,,,307.92945019223646,5
,,,,,,191.8957079223506,5
,,,,,,85.99519304989997,5
,,,,,,59.18673627905792,5
,,,,,,136.7417403701373,5
,,,,,,88.47436187168714,5
,,,,,,40.4765391595408,5
,,,,,,30.837602601387164,5
,,,,,,89.09180888043021,5
,,,,,,123.9565871738167,5
,,,,,,73.29291992616513,5
,,,,,,37.50933626982946,5
,,,,,,25.80223806583379,5
,,,,,,58.91508707916145,5
,,,,,,34.12637865998454,5
,,,,,,16.300430810278648,5
,,,,,,12.044778024969721,5
,,,,,,36.91448609078864,5
,,,,,,183.9728630184198,5
,,,,,,118.6027879961855,5
,,,,,,48.4858567800705,5
,,,,,,33.384498213224106,5
,,,,,,77.82665329097588,5
,,,,,,54.3479832117026,5
,,,,,,24.17610834926214,5
,,,,,,18.792824576417445,5
,,,,,,52.17732278964156,5
,,,,,,307.92945019223646,5
,,,,,,191.8957079223506,5
,,,,,,85.99519304989997,5
,,,,,,59.18673627905792,5
,,,,,,136.7417403701373,5
,,,,,,88.47436187168714,5
,,,,,,40.4765391595408,5
,,,,,,30.837602601387164,5
,,,,,,89.09180888043021,5
,,,,,,202.9049060143787,5
,,,,,,131.16575756239615,5
,,,,,,50.97761746356569,5
,,,,,,39.520170248839385,5
,,,,,,86.24037770978508,5
,,,,,,67.72666248792963,5
,,,,,,33.35793678764314,5
,,,,,,25.26317155014687,5
,,,,,,63.85081179897137,5
,,,,,,100.24579075501609,5
,,,,,,59.128756223657014,5
,,,,,,32.23119950351982,5
,,,,,,19.27538282648879,5
,,,,,,47.323803373808055,5
,,,,,,19.88904393224707,5
,,,,,,7.118602371897648,5
,,,,,,5.574431051240299,5
,,,,,,24.849813877729083,5
,,,,,,307.92945019223646,5
,,,,,,191.8957079223506,5
,,,,,,85.99519304989997,5
,,,,,,59.18673627905792,5
,,,,,,136.7417403701373,5
,,,,,,88.47436187168714,5
,,,,,,40.4765391595408,5
,,,,,,30.837602601387164,5
,,,,,,89.09180888043021,5
,,,,,,249.00217115597368,5
,,,,,,150.830318947108,5
,,,,,,77.0756066491712,5
,,,,,,45.4993656584064,5
,,,,,,114.83775695730085,5
,,,,,,72.87318505982633,5
,,,,,,33.3635399755372,5
,,,,,,24.21850813710532,5
,,,,,,68.78534379549684,5
,,,,,,58.92727903626272,5
,,,,,,41.06538897524259,5
,,,,,,8.919586400728765,5
,,,,,,13.687370620651514,5
,,,,,,21.903983412836485,5
,,,,,,15.601176811860805,5
,,,,,,7.112999184003588,5
,,,,,,6.619094464281842,5
,,,,,,20.30646508493335,5
,,,,,,5.675087307562069,5
,,,,,,6.8845018239937845,5
,,,,,,11.898353429137574,5
,,,,,,11.095917755555345,5
,,,,,,8.840535562338523,5
,,,,,,9.262248344650043,5
,,,,,,13.59860131339729,5
,,,,,,15.541022613903053,5
,,,,,,8.95183599259898,5
,,,,,,8.196397993400407,5
,,,,,,10.612368233700447,5
,,,,,,15.399599164223579,5
,,,,,,15.57192919951218,5
,,,,,,11.517936659041595,5
,,,,,,14.29777311209559,5
,,,,,,21.22474974638527,5
,,,,,,24.367342765852058,5
,,,,,,13.241398269907265,5
,,,,,,6.906534200132622,5
,,,,,,8.18252972949576,5
,,,,,,14.917538971115984,5
,,,,,,14.343046345739568,5
,,,,,,11.390066034208456,5
,,,,,,11.657729581635676,5
,,,,,,16.73126602055221,5
,,,,,,18.76986823397515,5
,,,,,,11.303683429506858,5
,,,,,,5.675087307562069,5
,,,,,,6.8845018239937845,5
,,,,,,11.898353429137574,5
,,,,,,11.095917755555345,5
,,,,,,8.840535562338523,5
,,,,,,9.262248344650043,5
,,,,,,13.59860131339729,5
,,,,,,15.541022613903053,5
,,,,,,8.95183599259898,5
,,,,,,6.4311812949934,5
,,,,,,8.054169841593602,5
,,,,,,13.090294512309274,5
,,,,,,13.104629310310619,5
,,,,,,9.478786671108285,5
,,,,,,10.56766824177244,5
,,,,,,14.92265005830363,5
,,,,,,16.926053867814954,5
,,,,,,10.343528664173759,5
,,,,,,11.023601922325417,5
,,,,,,13.051426088289356,5
,,,,,,20.726557422229703,5
,,,,,,20.69227227726465,5
,,,,,,17.01037684003353,5
,,,,,,19.190701429209398,5
,,,,,,33.79540716880908,5
,,,,,,39.380070735379334,5
,,,,,,18.173320331863824,5
,,,,,,5.675087307562069,5
,,,,,,6.8845018239937845,5
,,,,,,11.898353429137574,5
,,,,,,11.095917755555345,5
,,,,,,8.840535562338523,5
,,,,,,9.262248344650043,5
,,,,,,13.59860131339729,5
,,,,,,15.541022613903053,5
,,,,,,8.95183599259898,5
,,,,,,6.376649893639938,5
,,,,,,7.781105200173181,5
,,,,,,12.51333868585012,5
,,,,,,12.653551292788883,5
,,,,,,9.68608887987834,5
,,,,,,10.380620515127957,5
,,,,,,15.022912707178701,5
,,,,,,17.465957520886285,5
,,,,,,10.215198768108745,5
,,,,,,10.608723683898186,5
,,,,,,12.820108313733922,5
,,,,,,25.260002427530655,5
,,,,,,21.459459599037388,5
,,,,,,16.623128229130437,5
,,,,,,19.50186627211032,5
,,,,,,29.397114741832958,5
,,,,,,31.0442794483907,5
,,,,,,17.568237570425076,5
,,,,,,76.98117957010518,5
,,,,,,47.973189771490624,5
,,,,,,21.498467893237958,5
,,,,,,14.796456691044645,5
,,,,,,34.184909769399,5
,,,,,,22.118250574418532,5
,,,,,,10.11897929045685,5
,,,,,,7.709282180989586,5
,,,,,,22.27260995454732,5
,,,,,,78.14743948717037,5
,,,,,,46.20693547117812,5
,,,,,,23.647461205430734,5
,,,,,,16.266814728094012,5
,,,,,,37.14254568774267,5
,,,,,,21.514702623328844,5
,,,,,,10.276476300326301,5
,,,,,,7.593534021091092,5
,,,,,,23.2724426652273,5
,,,,,,76.21481426345832,5
,,,,,,49.133819575078135,5
,,,,,,20.086335061969052,5
,,,,,,13.830264359939221,5
,,,,,,32.241406846641375,5
,,,,,,22.51485016928147,5
,,,,,,10.015485856018751,5
,,,,,,7.785341876394055,5
,,,,,,21.615606236333274,5
,,,,,,76.98117957010518,5
,,,,,,47.973189771490624,5
,,,,,,21.498467893237958,5
,,,,,,14.796456691044645,5
,,,,,,34.184909769399,5
,,,,,,22.118250574418532,5
,,,,,,10.11897929045685,5
,,,,,,7.709282180989586,5
,,,,,,22.27260995454732,5
,,,,,,74.11930526813731,5
,,,,,,47.91365086463111,5
,,,,,,18.621657134089205,5
,,,,,,14.436356520206106,5
,,,,,,31.502820742333643,5
,,,,,,24.739930001393034,5
,,,,,,12.185349030956106,5
,,,,,,9.228405369527955,5
,,,,,,23.324117214844332,5
,,,,,,83.70974781269616,5
,,,,,,49.37517310883245,5
,,,,,,26.91450246259177,5
,,,,,,16.09581233532055,5
,,,,,,39.5175060830259,5
,,,,,,16.60824698238742,5
,,,,,,5.944353422147004,5
,,,,,,4.6549008590192456,5
,,,,,,20.75071319433979,5
,,,,,,76.98117957010518,5
,,,,,,47.973189771490624,5
,,,,,,21.498467893237958,5
,,,,,,14.796456691044645,5
,,,,,,34.184909769399,5
,,,,,,22.118250574418532,5
,,,,,,10.11897929045685,5
,,,,,,7.709282180989586,5
,,,,,,22.27260995454732,5
,,,,,,76.92050531291318,5
,,,,,,46.593747741468526,5
,,,,,,23.809810907391142,5
,,,,,,14.055436471151687,5
,,,,,,35.475105510722265,5
,,,,,,22.51161984869624,5
,,,,,,10.306497899322967,5
,,,,,,7.481460403267448,5
,,,,,,21.248824370924122,5
,,,,,,77.23862406774701,5
,,,,,,53.826244705829346,5
,,,,,,11.691301416135627,5
,,,,,,17.94064974888541,5
,,,,,,28.71053216913547,5
,,,,,,20.449161245748783,5
,,,,,,9.323326631615808,5
,,,,,,8.67594359279608,5
,,,,,,26.616593341681487,5
,,,,,,2.453757687336099,5
,,,,,,5.127641878215459,5
,,,,,,10.029001085443873,5
,,,,,,10.325085473345348,5
,,,,,,6.861959164292218,5
,,,,,,8.280092746423405,5
,,,,,,12.745629783822334,5
,,,,,,15.267424126096515,5
,,,,,,8.165862745423867,5
,,,,,,3.5981329371467563,5
,,,,,,7.550436572056118,5
,,,,,,13.295409868251584,5
,,,,,,14.92534977648361,5
,,,,,,9.309812184804569,5
,,,,,,12.696359648695491,5
,,,,,,20.206052958548025,5
,,,,,,23.82395007479792,5
,,,,,,12.407067863326859,5
,,,,,,3.1719972728725843,5
,,,,,,6.281942595183853,5
,,,,,,12.588596339881363,5
,,,,,,13.195912371875023,5
,,,,,,8.862497371850269,5
,,,,,,10.430262891883892,5
,,,,,,15.756032194716415,5
,,,,,,18.43726094537447,5
,,,,,,10.153754176747173,5
,,,,,,2.453757687336099,5
,,,,,,5.127641878215459,5
,,,,,,10.029001085443873,5
,,,,,,10.325085473345348,5
,,,,,,6.861959164292218,5
,,,,,,8.280092746423405,5
,,,,,,12.745629783822334,5
,,,,,,15.267424126096515,5
,,,,,,8.165862745423867,5
,,,,,,3.15658122807349,5
,,,,,,5.683581139345039,5
,,,,,,11.76026603840732,5
,,,,,,12.30921349191851,5
,,,,,,7.89987281937949,5
,,,,,,9.098198959499694,5
,,,,,,13.917742866061216,5
,,,,,,16.376870188749308,5
,,,,,,9.377394968075302,5
,,,,,,3.4849184006867984,5
,,,,,,10.127769761152914,5
,,,,,,15.793574478480451,5
,,,,,,18.443222184813454,5
,,,,,,11.74449312736328,5
,,,,,,17.40243954973354,5
,,,,,,31.350864474498174,5
,,,,,,39.001096270006904,5
,,,,,,16.02940813825035,5
,,,,,,2.453757687336099,5
,,,,,,5.127641878215459,5
,,,,,,10.029001085443873,5
,,,,,,10.325085473345348,5
,,,,,,6.861959164292218,5
,,,,,,8.280092746423405,5
,,,,,,12.745629783822334,5
,,,,,,15.267424126096515,5
,,,,,,8.165862745423867,5
,,,,,,2.786913714392096,5
,,,,,,5.816098797993238,5
,,,,,,10.46090954271847,5
,,,,,,11.85570140788028,5
,,,,,,7.521878845978243,5
,,,,,,9.214967583163808,5
,,,,,,14.065736847083105,5
,,,,,,17.233766267259213,5
,,,,,,9.42929419176009,5
,,,,,,4.918135036003182,5
,,,,,,8.68628613347813,5
,,,,,,23.73101565955076,5
,,,,,,19.401032865329366,5
,,,,,,13.962681028576505,5
,,,,,,17.584928996513845,5
,,,,,,28.200491864187356,5
,,,,,,29.815204396571183,5
,,,,,,15.104761221025246,5
,,,,,,52.07473244211352,5
,,,,,,29.64300078898503,5
,,,,,,16.3631691288314,5
,,,,,,13.498140249567859,5
,,,,,,28.656025235094535,5
,,,,,,7.333436272095175,5
,,,,,,16.271189080649776,5
,,,,,,13.936167476554687,5
,,,,,,17.919222607596883,5
,,,,,,24.3644847035669,5
,,,,,,24.400022479035282,5
,,,,,,19.006809991602385,5
,,,,,,28.942300295509938,5
,,,,,,21.735359045973222,5
,,,,,,90.01632180906633,5
,,,,,,51.24085661647587,5
,,,,,,28.285355085682024,5
,,,,,,23.33286950402806,5
,,,,,,49.53477182428903,5
,,,,,,12.676569393208132,5
,,,,,,28.1263584815932,5
,,,,,,3.3188900337298626,5
,,,,,,13.579482744859108,5
,,,,,,19.29149288098149,5
,,,,,,20.910459238338593,5
,,,,,,12.658833848757398,5
,,,,,,26.110873142757885,5
,,,,,,18.37209634197066,5
,,,,,,89.09180888043021,5
,,,,,,36.91448609078864,5
,,,,,,52.17732278964156,5
,,,,,,89.09180888043021,5
,,,,,,63.85081179897137,5
,,,,,,24.849813877729083,5
,,,,,,89.09180888043021,5
,,,,,,68.78534379549684,5
,,,,,,20.30646508493335,5
,,,,,,8.95183599259898,5
,,,,,,13.241398269907265,5
,,,,,,11.303683429506858,5
,,,,,,8.95183599259898,5
,,,,,,10.343528664173759,5
,,,,,,18.173320331863824,5
,,,,,,8.95183599259898,5
,,,,,,10.215198768108745,5
,,,,,,17.568237570425076,5
,,,,,,100.0,5
,,,,,,41.43420877258364,5
,,,,,,58.565791227416376,5
,,,,,,100.0,5
,,,,,,71.66855472051904,5
,,,,,,27.892366526175195,5
,,,,,,100.0,5
,,,,,,77.20725918564906,5
,,,,,,22.79274081435095,5
,,,,,,0.0,5
,,,,,,9.756493722581784,5
,,,,,,6.902537971699302,5
,,,,,,0.0,5
,,,,,,5.89531436065245,5
,,,,,,15.121269966736072,5
,,,,,,0.0,5
,,,,,,4.571101542806304,5
,,,,,,15.48397467658461,5
,,,,,,22.27260995454732,5
,,,,,,23.2724426652273,5
,,,,,,21.615606236333274,5
,,,,,,22.27260995454732,5
,,,,,,23.324117214844332,5
,,,,,,20.75071319433979,5
,,,,,,22.27260995454732,5
,,,,,,21.248824370924122,5
,,,,,,26.616593341681487,5
,,,,,,8.165862745423867,5
,,,,,,12.407067863326859,5
,,,,,,10.153754176747173,5
,,,,,,8.165862745423867,5
,,,,,,9.377394968075302,5
,,,,,,16.02940813825035,5
,,,,,,8.165862745423867,5
,,,,,,9.42929419176009,5
,,,,,,15.104761221025246,5
,,,,,,16.271189080649776,5
,,,,,,7.272699182140309,5
,,,,,,8.99848989850947,5
,,,,,,16.271189080649776,5
,,,,,,10.442498344967852,5
,,,,,,5.828690735681927,5
,,,,,,16.271189080649776,5
,,,,,,10.607524540385189,5
,,,,,,5.663664540264588,5
,,,,,,21.735359045973222,5
,,,,,,32.77527969191939,5
,,,,,,28.102588411443175,5
,,,,,,21.735359045973222,5
,,,,,,24.983840437285018,5
,,,,,,41.369657474911,5
,,,,,,21.735359045973222,5
,,,,,,27.03876771783363,5
,,,,,,36.870589611554486,5
,,,,,,100.0,5
,,,,,,44.69678980492727,5
,,,,,,55.30321019507274,5
,,,,,,100.0,5
,,,,,,64.17784399903758,5
,,,,,,35.82215600096242,5
,,,,,,100.0,5
,,,,,,65.19206732715067,5
,,,,,,34.80793267284935,5
,,,,,,0.0,5
,,,,,,23.450980733992424,5
,,,,,,18.953394439298695,5
,,,,,,0.0,5
,,,,,,17.381221074814732,5
,,,,,,31.13964705592468,5
,,,,,,0.0,5
,,,,,,15.965234198491574,5
,,,,,,29.90142024647256,5
,,,,,,28.1263584815932,5
,,,,,,33.01697652997996,5
,,,,,,25.119188106324685,5
,,,,,,28.1263584815932,5
,,,,,,29.139924434463317,5
,,,,,,27.54577509882512,5
,,,,,,28.1263584815932,5
,,,,,,23.87846637734272,5
,,,,,,42.18006182923502,5
,,,,,,18.37209634197066,5
,,,,,,27.997551137953625,5
,,,,,,23.387844346618998,5
,,,,,,18.37209634197066,5
,,,,,,21.70606991797512,5
,,,,,,32.09830769590057,5
,,,,,,18.37209634197066,5
,,,,,,23.47425275877553,5
,,,,,,26.45544139350019,5
,,,,,,14.503078878644983,5
,,,,,,21.996581202518716,5
,,,,,,16.27880167761495,5
,,,,,,19.941629237604683,5
,,,,,,5.876573253911098,5
,,,,,,39.4812893399148,5
,,,,,,36.116433929833114,5
,,,,,,30.134885434221665,5
,,,,,,30116.808999999976,5
,,,,,,10351.326005363162,5
,,,,,,19712.335536214407,5
,,,,,,14761.191999999988,5
,,,,,,4974.365930683707,5
,,,,,,9761.808229055441,5
,,,,,,15355.616999999982,5
,,,,,,5376.960074679454,5
,,,,,,9950.527307158965,5
,,,,,,30116.808999999976,5
,,,,,,10351.326005363162,5
,,,,,,19712.335536214407,5
,,,,,,22765.774746003317,5
,,,,,,8540.812707645577,5
,,,,,,14185.01150953091,5
,,,,,,7085.091377489526,5
,,,,,,1710.6800579512562,5
,,,,,,5364.075311958201,5
,,,,,,30116.808999999976,5
,,,,,,10351.326005363162,5
,,,,,,19712.335536214407,5
,,,,,,25129.64499999997,5
,,,,,,8492.275210203665,5
,,,,,,16594.4242353395,5
,,,,,,4987.164,5
,,,,,,1859.0507951594975,5
,,,,,,3117.9113008749073,5
,,,,,,0.0,5
,,,,,,1.5829165795069502,5
,,,,,,0.8321673237735348,5
,,,,,,0.0,5
,,,,,,1.722541539980843,5
,,,,,,0.8782363234386404,5
,,,,,,0.0,5
,,,,,,1.6124225577646731,5
,,,,,,0.873240181471247,5
,,,,,,0.0,5
,,,,,,1.5829165795069502,5
,,,,,,0.8321673237735348,5
,,,,,,0.5443815923073356,5
,,,,,,1.7898269745460227,5
,,,,,,0.9629154994149363,5
,,,,,,1.7518094770433108,5
,,,,,,3.4721715966895084,5
,,,,,,2.0850759082048906,5
,,,,,,0.0,5
,,,,,,1.5829165795069502,5
,,,,,,0.8321673237735348,5
,,,,,,0.0,5
,,,,,,1.755446887687304,5
,,,,,,0.9002113642130903,5
,,,,,,0.0,5
,,,,,,2.0802992709375983,5
,,,,,,1.2374947388436115,5
,,,,,,100.0,5
,,,,,,34.43135491346397,5
,,,,,,65.56864508653587,5
,,,,,,100.0,5
,,,,,,33.75615595175453,5
,,,,,,66.24384404824531,5
,,,,,,100.0,5
,,,,,,35.08050563493285,5
,,,,,,64.919494365067,5
,,,,,,100.0,5
,,,,,,34.43135491346397,5
,,,,,,65.56864508653587,5
,,,,,,100.0,5
,,,,,,37.581971179686924,5
,,,,,,62.41802882031307,5
,,,,,,100.0,5
,,,,,,24.1800595003916,5
,,,,,,75.81994049960844,5
,,,,,,100.0,5
,,,,,,34.43135491346397,5
,,,,,,65.56864508653587,5
,,,,,,100.0,5
,,,,,,33.85170388252236,5
,,,,,,66.14829611747746,5
,,,,,,100.0,5
,,,,,,37.353123437302685,5
,,,,,,62.646876562697315,5
,,,,,,0.0,5
,,,,,,1.5827239139135998,5
,,,,,,0.8311187266118493,5
,,,,,,0.0,5
,,,,,,1.722174037590322,5
,,,,,,0.8775755124751335,5
,,,,,,0.0,5
,,,,,,1.612662665207547,5
,,,,,,0.871433492625922,5
,,,,,,0.0,5
,,,,,,1.5827239139135998,5
,,,,,,0.8311187266118493,5
,,,,,,0.0,5
,,,,,,1.5705135091769014,5
,,,,,,0.9456080968065921,5
,,,,,,0.0,5
,,,,,,3.1300216220177113,5
,,,,,,0.9982084997586,5
,,,,,,0.0,5
,,,,,,1.5827239139135998,5
,,,,,,0.8311187266118493,5
,,,,,,0.0,5
,,,,,,1.755852143800314,5
,,,,,,0.8985656520594137,5
,,,,,,0.0,5
,,,,,,2.0769437758796463,5
,,,,,,1.2383751830807905,5
,,,,,,10441.447016274089,5
,,,,,,153.5486998846089,5
,,,,,,10287.898316389483,5
,,,,,,3580.4083139477266,5
,,,,,,49.0453733114609,5
,,,,,,3531.362940636266,5
,,,,,,6861.038702326364,5
,,,,,,104.50332657314802,5
,,,,,,6756.535375753216,5
,,,,,,0.41378020726126724,5
,,,,,,7.108422211265408,5
,,,,,,0.4270079857769933,5
,,,,,,0.4919569467648642,5
,,,,,,12.09213723010431,5
,,,,,,0.5104850589644802,5
,,,,,,0.6602103524789479,5
,,,,,,8.80595206064448,5
,,,,,,0.6790567988452976,5
,,,,,,100.0,5
,,,,,,100.0,5
,,,,,,100.0,5
,,,,,,34.29034604463622,5
,,,,,,31.94124948522407,5
,,,,,,34.325406725788795,5
,,,,,,65.70965395536379,5
,,,,,,68.05875051477595,5
,,,,,,65.67459327421119,5
,,,,,,0.0,5
,,,,,,0.0,5
,,,,,,0.0,5
,,,,,,0.6162674516455835,5
,,,,,,10.212823444068544,5
,,,,,,0.6337978888217857,5
,,,,,,0.32159694810336453,5
,,,,,,4.793069797905216,5
,,,,,,0.3312600692465477,5
,,,,,,1190.3744413203906,5
,,,,,,505.0562230760474,5
,,,,,,685.3182182443435,5
,,,,,,1190.3744413203906,5
,,,,,,1035.6583007088593,5
,,,,,,154.71614061153173,5
,,,,,,1190.3744413203906,5
,,,,,,423.58055412249047,5
,,,,,,740.5877196660973,5
,,,,,,1190.3744413203906,5
,,,,,,393.97618470118357,5
,,,,,,178.3680830615619,5
,,,,,,383.0409255002114,5
,,,,,,234.9892480574338,5
,,,,,,3.0189148340128766,5
,,,,,,4.068593007460073,5
,,,,,,3.303793742026232,5
,,,,,,3.0189148340128766,5
,,,,,,3.277943794935544,5
,,,,,,5.474495551800442,5
,,,,,,3.0189148340128766,5
,,,,,,4.524137581051218,5
,,,,,,3.734603297863623,5
,,,,,,3.0189148340128766,5
,,,,,,4.694846191995459,5
,,,,,,6.235446614629068,5
,,,,,,4.289378333071989,5
,,,,,,5.896020794436085,5
,,,,,,100.0,5
,,,,,,42.42834905929495,5
,,,,,,57.57165094070508,5
,,,,,,100.0,5
,,,,,,87.00273332146507,5
,,,,,,12.997266678534954,5
,,,,,,100.0,5
,,,,,,35.5838078691143,5
,,,,,,62.214685897037626,5
,,,,,,100.0,5
,,,,,,33.09682827734241,5
,,,,,,14.984199666090948,5
,,,,,,32.17818798892672,5
,,,,,,19.740784067639957,5
,,,,,,0.0,5
,,,,,,2.3854142177673867,5
,,,,,,1.757969164140844,5
,,,,,,0.0,5
,,,,,,0.7854616648150373,5
,,,,,,5.2578217750195195,5
,,,,,,0.0,5
,,,,,,3.4802517870071763,5
,,,,,,2.0761344058692606,5
,,,,,,0.0,5
,,,,,,3.3797418778083057,5
,,,,,,5.358599826304955,5
,,,,,,3.2518174734423324,5
,,,,,,5.183590514427581,5
,,,,,,7.280430678282282,5
,,,,,,6.236189742746271,5
,,,,,,8.305342196868146,5
,,,,,,7.280430678282282,5
,,,,,,7.194159337691541,5
,,,,,,7.9158571596002805,5
,,,,,,7.280430678282282,5
,,,,,,7.023533914465024,5
,,,,,,7.332735034545517,5
,,,,,,7.280430678282282,5
,,,,,,5.901264068918303,5
,,,,,,6.868284375988189,5
,,,,,,8.23447438711978,5
,,,,,,9.688112851443321,5
,,,,,,3.0189148340128766,5
,,,,,,4.068593007460073,5
,,,,,,3.3037937420262327,5
,,,,,,3.0189148340128766,5
,,,,,,3.277943794935545,5
,,,,,,5.474495551800441,5
,,,,,,3.0189148340128766,5
,,,,,,4.405340956542892,5
,,,,,,3.6109122735629495,5
,,,,,,3.0189148340128766,5
,,,,,,4.545467881861951,5
,,,,,,5.965301445329155,5
,,,,,,4.185249177915835,5
,,,,,,5.511626124182271,5
,,,,,,53.43811285624822,5
,,,,,,21.73399902751118,5
,,,,,,31.704113828737036,5
,,,,,,53.43811285624822,5
,,,,,,46.13449612656385,5
,,,,,,7.303616729684366,5
,,,,,,53.43811285624822,5
,,,,,,18.669776000073938,5
,,,,,,33.94664446348069,5
,,,,,,53.43811285624822,5
,,,,,,15.193381925775329,5
,,,,,,9.405476097114565,5
,,,,,,21.029560748888112,5
,,,,,,7.809694084470199,5
,,,,,,10.295994385096591,5
,,,,,,16.190428342822894,5
,,,,,,12.300298666849805,5
,,,,,,10.295994385096591,5
,,,,,,11.525452637395546,5
,,,,,,20.938099923533198,5
,,,,,,10.295994385096591,5
,,,,,,16.498078084868485,5
,,,,,,13.031525449129056,5
,,,,,,10.295994385096591,5
,,,,,,19.201126377287384,5
,,,,,,22.956599400690582,5
,,,,,,16.05448516563255,5
,,,,,,23.982735849812595,5
,,,,,,100.0,5
,,,,,,42.42834905929495,5
,,,,,,57.57165094070508,5
,,,,,,100.0,5
,,,,,,87.00273332146507,5
,,,,,,12.997266678534954,5
,,,,,,100.0,5
,,,,,,35.5838078691143,5
,,,,,,62.214685897037626,5
,,,,,,100.0,5
,,,,,,33.09682827734241,5
,,,,,,14.984199666090948,5
,,,,,,32.17818798892672,5
,,,,,,19.740784067639957,5
,,,,,,0.0,5
,,,,,,2.3854142177673867,5
,,,,,,1.757969164140844,5
,,,,,,0.0,5
,,,,,,0.7854616648150373,5
,,,,,,5.2578217750195195,5
,,,,,,0.0,5
,,,,,,3.4802517870071763,5
,,,,,,2.0761344058692606,5
,,,,,,0.0,5
,,,,,,3.3797418778083057,5
,,,,,,5.358599826304955,5
,,,,,,3.2518174734423324,5
,,,,,,5.183590514427581,5
,,,,,,21.30621518377755,5
,,,,,,8.169058793124954,5
,,,,,,13.1371563906526,5
,,,,,,21.30621518377755,5
,,,,,,19.22048602549444,5
,,,,,,2.0857291582831086,5
,,,,,,21.30621518377755,5
,,,,,,6.578307267076258,5
,,,,,,14.141800597595145,5
,,,,,,21.30621518377755,5
,,,,,,3.0540596453740187,5
,,,,,,4.346703845367986,5
,,,,,,9.7585556465511,5
,,,,,,4.1468960464844455,5
,,,,,,19.732289795010498,5
,,,,,,29.11948950386919,5
,,,,,,21.37880547533968,5
,,,,,,19.732289795010498,5
,,,,,,21.119477451774276,5
,,,,,,39.87499847834893,5
,,,,,,19.732289795010498,5
,,,,,,41.80857220898393,5
,,,,,,21.402317686947033,5
,,,,,,19.732289795010498,5
,,,,,,36.800851990297765,5
,,,,,,45.493242769968276,5
,,,,,,23.998138632337586,5
,,,,,,34.917824036266694,5
,,,,,,100.0,5
,,,,,,38.34120101886907,5
,,,,,,61.65879898113095,5
,,,,,,100.0,5
,,,,,,90.21070077302528,5
,,,,,,9.789299226974732,5
,,,,,,100.0,5
,,,,,,30.875062559609134,5
,,,,,,66.3740625710128,5
,,,,,,100.0,5
,,,,,,14.334125601525727,5
,,,,,,20.40110741337836,5
,,,,,,45.801450714630995,5
,,,,,,19.463316270464933,5
,,,,,,0.0,5
,,,,,,18.704956130160564,5
,,,,,,11.631275582501772,5
,,,,,,0.0,5
,,,,,,4.278080610205561,5
,,,,,,39.42352162928031,5
,,,,,,0.0,5
,,,,,,31.668042630626843,5
,,,,,,15.04530787431879,5
,,,,,,0.0,5
,,,,,,35.12820820931253,5
,,,,,,34.02997076794673,5
,,,,,,18.98970936779176,5
,,,,,,27.740462830526557,5
,,,,,,26.271935418368038,5
,,,,,,11.320369566816211,5
,,,,,,14.95156585155183,5
,,,,,,26.271935418368038,5
,,,,,,23.882532094040215,5
,,,,,,2.389403324327822,5
,,,,,,26.271935418368038,5
,,,,,,8.596103165110316,5
,,,,,,17.089724934151572,5
,,,,,,26.271935418368038,5
,,,,,,5.8237227415505,5
,,,,,,6.38208642229642,5
,,,,,,9.881023975287032,5
,,,,,,4.185102279234089,5
,,,,,,17.91230705562228,5
,,,,,,27.72531145163743,5
,,,,,,20.33282624667429,5
,,,,,,17.91230705562228,5
,,,,,,19.398491327975677,5
,,,,,,37.00074617879757,5
,,,,,,17.91230705562228,5
,,,,,,35.94794704108453,5
,,,,,,20.096811111204463,5
,,,,,,17.91230705562228,5
,,,,,,34.95639980266236,5
,,,,,,39.653055809396584,5
,,,,,,23.928079585575958,5
,,,,,,34.36109820860669,5
,,,,,,100.0,5
,,,,,,43.08921054556783,5
,,,,,,56.91078945443218,5
,,,,,,100.0,5
,,,,,,90.90511115272739,5
,,,,,,9.094888847272628,5
,,,,,,100.0,5
,,,,,,32.71971793558972,5
,,,,,,65.04935651677677,5
,,,,,,100.0,5
,,,,,,22.167086850703967,5
,,,,,,24.292410592005268,5
,,,,,,37.610567390397534,5
,,,,,,15.929935166893227,5
,,,,,,0.0,5
,,,,,,18.012602895503008,5
,,,,,,13.637991074776556,5
,,,,,,0.0,5
,,,,,,3.8185174680451373,5
,,,,,,38.16679463601904,5
,,,,,,0.0,5
,,,,,,27.200931975878966,5
,,,,,,13.921996354890895,5
,,,,,,0.0,5
,,,,,,31.04097231756291,5
,,,,,,30.60034007551511,5
,,,,,,20.39931104775793,5
,,,,,,29.415781023816095,5
,,,,,,73.12829643427777,5
,,,,,,30.042788335029798,5
,,,,,,43.08550809924798,5
,,,,,,73.12829643427777,5
,,,,,,64.68131676144998,5
,,,,,,8.446979672827792,5
,,,,,,73.12829643427777,5
,,,,,,25.869052525129284,5
,,,,,,45.85144419734875,5
,,,,,,73.12829643427777,5
,,,,,,19.649915299414705,5
,,,,,,15.63421731373928,5
,,,,,,27.680726574357802,5
,,,,,,10.163437246765984,5
,,,,,,9.460974128727754,5
,,,,,,14.438451668228305,5
,,,,,,11.139465020224401,5
,,,,,,9.460974128727754,5
,,,,,,10.384876171760078,5
,,,,,,19.25704571331786,5
,,,,,,9.460974128727754,5
,,,,,,16.37466269227582,5
,,,,,,11.642455122562435,5
,,,,,,9.460974128727754,5
,,,,,,16.580462396162797,5
,,,,,,21.335219669822,5
,,,,,,14.066267986882638,5
,,,,,,21.169569817975532,5
,,,,,,100.0,5
,,,,,,41.08230302073289,5
,,,,,,58.91769697926714,5
,,,,,,100.0,5
,,,,,,88.44909551473101,5
,,,,,,11.550904485268989,5
,,,,,,100.0,5
,,,,,,35.37488740542241,5
,,,,,,62.70000319036093,5
,,,,,,100.0,5
,,,,,,26.870467736212866,5
,,,,,,21.379162480272115,5
,,,,,,37.85227869930646,5
,,,,,,13.898091084208586,5
,,,,,,0.0,5
,,,,,,9.96516875866342,5
,,,,,,6.948541840327098,5
,,,,,,0.0,5
,,,,,,2.5222279077642478,5
,,,,,,19.313533187662316,5
,,,,,,0.0,5
,,,,,,12.773455363317751,5
,,,,,,7.32210024817179,5
,,,,,,0.0,5
,,,,,,13.903567221967549,5
,,,,,,17.28082080000453,5
,,,,,,11.577050583758695,5
,,,,,,19.405289872588792,5
,,,,,,0.3268320141321201,5
,,,,,,0.26836089847330613,5
,,,,,,0.3842208004781784,5
,,,,,,0.3268320141321201,5
,,,,,,0.3204714488083999,5
,,,,,,0.373680383650542,5
,,,,,,0.3268320141321201,5
,,,,,,0.3095699357201019,5
,,,,,,0.33611379523664625,5
,,,,,,0.3268320141321201,5
,,,,,,0.2275776108445099,5
,,,,,,0.36216952841415295,5
,,,,,,0.45208584208844055,5
,,,,,,0.3219772744968496,5
,,,,,,10.295994385096588,5
,,,,,,16.190428342822898,5
,,,,,,12.300298666849804,5
,,,,,,10.295994385096588,5
,,,,,,11.525452637395547,5
,,,,,,20.938099923533198,5
,,,,,,10.295994385096588,5
,,,,,,16.48838636247576,5
,,,,,,12.998479682642033,5
,,,,,,10.295994385096588,5
,,,,,,19.237763886347555,5
,,,,,,22.83267274978819,5
,,,,,,15.961027491825252,5
,,,,,,24.02318216258735,5
,,,,,,0.1303106125917799,5
,,,,,,0.10086758330251551,5
,,,,,,0.1592086368251799,5
,,,,,,0.1303106125917799,5
,,,,,,0.13351434437462412,5
,,,,,,0.1067137147121405,5
,,,,,,0.1303106125917799,5
,,,,,,0.10907716074407162,5
,,,,,,0.14002132892548652,5
,,,,,,0.1303106125917799,5
,,,,,,0.04574594391599764,5
,,,,,,0.16737522540893587,5
,,,,,,0.20978587711449068,5
,,,,,,0.1709678090111005,5
,,,,,,19.7322897950105,5
,,,,,,29.11948950386919,5
,,,,,,21.378805475339682,5
,,,,,,19.7322897950105,5
,,,,,,21.119477451774273,5
,,,,,,39.87499847834892,5
,,,,,,19.7322897950105,5
,,,,,,41.75590941174712,5
,,,,,,21.356859725523424,5
,,,,,,19.7322897950105,5
,,,,,,36.7741388783616,5
,,,,,,45.4600791656028,5
,,,,,,23.951906185585873,5
,,,,,,34.91170756717885,5
,,,,,,0.1606813771854639,5
,,,,,,0.13977844317353658,5
,,,,,,0.18119738753519002,5
,,,,,,0.1606813771854639,5
,,,,,,0.16589906261018553,5
,,,,,,0.12225082229489985,5
,,,,,,0.1606813771854639,5
,,,,,,0.142534924053509,5
,,,,,,0.16920942844137196,5
,,,,,,0.1606813771854639,5
,,,,,,0.08723198786271992,5
,,,,,,0.2457501572483459,5
,,,,,,0.21241865666642093,5
,,,,,,0.172542971694359,5
,,,,,,17.912307055622275,5
,,,,,,27.72531145163743,5
,,,,,,20.332826246674294,5
,,,,,,17.912307055622275,5
,,,,,,19.398491327975666,5
,,,,,,37.00074617879756,5
,,,,,,17.912307055622275,5
,,,,,,35.856411965248064,5
,,,,,,20.10220210334833,5
,,,,,,17.912307055622275,5
,,,,,,35.011201323822824,5
,,,,,,39.61476482435074,5
,,,,,,23.870242566059048,5
,,,,,,34.35493097110249,5
,,,,,,0.447258840856899,5
,,,,,,0.37095380652343735,5
,,,,,,0.5221514312094419,5
,,,,,,0.447258840856899,5
,,,,,,0.44930620324780374,5
,,,,,,0.4321791136714027,5
,,,,,,0.447258840856899,5
,,,,,,0.42894359992923825,5
,,,,,,0.45398604692229455,5
,,,,,,0.447258840856899,5
,,,,,,0.29433083423982825,5
,,,,,,0.6020149382314006,5
,,,,,,0.5950701839385811,5
,,,,,,0.4190171585261871,5
,,,,,,9.460974128727754,5
,,,,,,14.43845166822831,5
,,,,,,11.139465020224403,5
,,,,,,9.460974128727754,5
,,,,,,10.38487617176008,5
,,,,,,19.257045713317865,5
,,,,,,9.460974128727754,5
,,,,,,16.319369349229806,5
,,,,,,11.619478884262994,5
,,,,,,9.460974128727754,5
,,,,,,16.60520214919528,5
,,,,,,21.221513304567694,5
,,,,,,13.973397261702338,5
,,,,,,21.24608246826322,5
,,,,,,1190.3744413203906,5
,,,,,,199.0359158253961,5
,,,,,,991.3385254949947,5
,,,,,,505.0562230760474,5
,,,,,,80.2230991732833,5
,,,,,,424.83312390276404,5
,,,,,,685.3182182443435,5
,,,,,,118.81281665211276,5
,,,,,,566.5054015922303,5
,,,,,,1190.3744413203906,5
,,,,,,199.0359158253961,5
,,,,,,991.3385254949947,5
,,,,,,423.58055412249047,5
,,,,,,66.26434769989842,5
,,,,,,357.31620642259213,5
,,,,,,740.5877196660973,5
,,,,,,128.63672297171925,5
,,,,,,611.9509966943781,5
,,,,,,1190.3744413203906,5
,,,,,,199.0359158253961,5
,,,,,,991.3385254949947,5
,,,,,,1035.6583007088593,5
,,,,,,170.89388355843377,5
,,,,,,864.7644171504251,5
,,,,,,154.71614061153173,5
,,,,,,28.142032266962328,5
,,,,,,126.57410834456942,5
,,,,,,3.0189148340128766,5
,,,,,,6.12526107845995,5
,,,,,,3.250603892933538,5
,,,,,,4.068593007460073,5
,,,,,,9.065604589848402,5
,,,,,,4.366155605759191,5
,,,,,,3.303793742026232,5
,,,,,,7.2849881590215455,5
,,,,,,3.5917914398204576,5
,,,,,,3.0189148340128766,5
,,,,,,6.12526107845995,5
,,,,,,3.250603892933538,5
,,,,,,4.524137581051218,5
,,,,,,11.290025555610814,5
,,,,,,4.7267135623261884,5
,,,,,,3.734603297863623,5
,,,,,,7.091337316317878,5
,,,,,,4.063740023546604,5
,,,,,,3.0189148340128766,5
,,,,,,6.12526107845995,5
,,,,,,3.250603892933538,5
,,,,,,3.277943794935544,5
,,,,,,6.744782019228859,5
,,,,,,3.5132846243440032,5
,,,,,,5.474495551800442,5
,,,,,,12.22619857725952,5
,,,,,,6.148160993128069,5
,,,,,,100.0,5
,,,,,,16.720446013997144,5
,,,,,,83.27955398600287,5
,,,,,,100.0,5
,,,,,,15.883993802647181,5
,,,,,,84.11600619735282,5
,,,,,,100.0,5
,,,,,,17.336882850785564,5
,,,,,,82.66311714921439,5
,,,,,,100.0,5
,,,,,,16.720446013997144,5
,,,,,,83.27955398600287,5
,,,,,,100.0,5
,,,,,,15.643859722780423,5
,,,,,,84.35614027721958,5
,,,,,,100.0,5
,,,,,,17.36954577503886,5
,,,,,,82.63045422496113,5
,,,,,,100.0,5
,,,,,,16.720446013997144,5
,,,,,,83.27955398600287,5
,,,,,,100.0,5
,,,,,,18.85903080550895,5
,,,,,,81.14096919449105,5
,,,,,,100.0,5
,,,,,,16.073416815295907,5
,,,,,,83.9265831847041,5
,,,,,,0.0,5
,,,,,,5.447999512905254,5
,,,,,,1.0938216810710273,5
,,,,,,0.0,5
,,,,,,8.147819193005807,5
,,,,,,1.5385883783301513,5
,,,,,,0.0,5
,,,,,,6.532593350405769,5
,,,,,,1.3700766379686655,5
,,,,,,0.0,5
,,,,,,5.447999512905254,5
,,,,,,1.0938216810710273,5
,,,,,,0.0,5
,,,,,,9.938949948201351,5
,,,,,,1.843179859467635,5
,,,,,,0.0,5
,,,,,,6.333819116420793,5
,,,,,,1.3314166321047947,5
,,,,,,0.0,5
,,,,,,5.447999512905254,5
,,,,,,1.0938216810710273,5
,,,,,,0.0,5
,,,,,,16.048755908755187,5
,,,,,,3.7301006517168487,5
,,,,,,0.0,5
,,,,,,16.689096097849735,5
,,,,,,3.196255437456637,5
,,,,,,73.12829643427777,5
,,,,,,33.964639408359815,5
,,,,,,39.16365702591796,5
,,,,,,30.042788335029798,5
,,,,,,12.290168643129496,5
,,,,,,17.752619691900296,5
,,,,,,43.08550809924798,5
,,,,,,21.674470765230314,5
,,,,,,21.411037334017667,5
,,,,,,73.12829643427777,5
,,,,,,33.964639408359815,5
,,,,,,39.16365702591796,5
,,,,,,25.869052525129284,5
,,,,,,10.021019226367835,5
,,,,,,15.848033298761452,5
,,,,,,45.85144419734875,5
,,,,,,23.14112986793523,5
,,,,,,22.710314329413517,5
,,,,,,73.12829643427777,5
,,,,,,33.964639408359815,5
,,,,,,39.16365702591796,5
,,,,,,64.68131676144998,5
,,,,,,29.46946734777363,5
,,,,,,35.21184941367635,5
,,,,,,8.446979672827792,5
,,,,,,4.4951720605861825,5
,,,,,,3.9518076122416095,5
,,,,,,9.460974128727754,5
,,,,,,13.512380168021942,5
,,,,,,13.284415567345171,5
,,,,,,14.438451668228305,5
,,,,,,22.35077959027309,5
,,,,,,19.339748470319986,5
,,,,,,11.139465020224401,5
,,,,,,16.070277664161363,5
,,,,,,15.258026857197665,5
,,,,,,9.460974128727754,5
,,,,,,13.512380168021942,5
,,,,,,13.284415567345171,5
,,,,,,16.37466269227582,5
,,,,,,23.014617684034878,5
,,,,,,22.029615385545753,5
,,,,,,11.642455122562435,5
,,,,,,16.235853210865294,5
,,,,,,16.991738406015028,5
,,,,,,9.460974128727754,5
,,,,,,13.512380168021942,5
,,,,,,13.284415567345171,5
,,,,,,10.384876171760078,5
,,,,,,14.818162922491387,5
,,,,,,14.486345136316967,5
,,,,,,19.25704571331786,5
,,,,,,26.874868841162037,5
,,,,,,27.478513313200338,5
,,,,,,100.0,5
,,,,,,46.445276403894745,5
,,,,,,53.554723596105255,5
,,,,,,100.0,5
,,,,,,40.90888137969271,5
,,,,,,59.09111862030729,5
,,,,,,100.0,5
,,,,,,50.305710020415475,5
,,,,,,49.69428997958452,5
,,,,,,100.0,5
,,,,,,46.445276403894745,5
,,,,,,53.554723596105255,5
,,,,,,100.0,5
,,,,,,38.73748068907195,5
,,,,,,61.262519310928056,5
,,,,,,100.0,5
,,,,,,50.469794949824745,5
,,,,,,49.53020505017524,5
,,,,,,100.0,5
,,,,,,46.445276403894745,5
,,,,,,53.554723596105255,5
,,,,,,100.0,5
,,,,,,45.56101950808988,5
,,,,,,54.43898049191015,5
,,,,,,100.0,5
,,,,,,53.21632387782621,5
,,,,,,46.7836761221738,5
,,,,,,0.0,5
,,,,,,10.175909648701747,5
,,,,,,8.825046691668174,5
,,,,,,0.0,5
,,,,,,17.70078792717705,5
,,,,,,12.2542854247327,5
,,,,,,0.0,5
,,,,,,10.956447497673299,5
,,,,,,11.091251548181754,5
,,,,,,0.0,5
,,,,,,10.175909648701747,5
,,,,,,8.825046691668174,5
,,,,,,0.0,5
,,,,,,19.251964088239095,5
,,,,,,12.173390769482069,5
,,,,,,0.0,5
,,,,,,11.742261007513005,5
,,,,,,11.965012151598334,5
,,,,,,0.0,5
,,,,,,10.175909648701747,5
,,,,,,8.825046691668174,5
,,,,,,0.0,5
,,,,,,11.27738038334676,5
,,,,,,9.438254408937102,5
,,,,,,0.0,5
,,,,,,17.956609181887398,5
,,,,,,20.425601602477634,5
,,,,,,142.80461893698097,5
,,,,,,90.96498050968508,5
,,,,,,44.56826774345852,5
,,,,,,31.78818644795139,5
,,,,,,67.9673237759449,5
,,,,,,49.80504438482274,5
,,,,,,30.02259870850559,5
,,,,,,25.109633831378343,5
,,,,,,56.61176230286762,5
,,,,,,61.904656074126294,5
,,,,,,35.98306718977327,5
,,,,,,20.25811616369521,5
,,,,,,16.198239421087877,5
,,,,,,32.745799347337375,5
,,,,,,18.49722904505146,5
,,,,,,9.536737669979017,5
,,,,,,6.442613666266444,5
,,,,,,22.354795110892223,5
,,,,,,80.89996286285472,5
,,,,,,54.98191331991178,5
,,,,,,24.310151579763314,5
,,,,,,15.589947026863507,5
,,,,,,35.22152442860751,5
,,,,,,31.3078153397713,5
,,,,,,20.485861038526576,5
,,,,,,18.6670201651119,5
,,,,,,34.256967191975406,5
,,,,,,142.80461893698097,5
,,,,,,90.96498050968508,5
,,,,,,44.56826774345852,5
,,,,,,31.78818644795139,5
,,,,,,67.9673237759449,5
,,,,,,49.80504438482274,5
,,,,,,30.02259870850559,5
,,,,,,25.109633831378343,5
,,,,,,56.61176230286762,5
,,,,,,42.310883616381766,5
,,,,,,24.930263191881025,5
,,,,,,14.371155586115828,5
,,,,,,10.077992504735905,5
,,,,,,21.440258877205416,5
,,,,,,20.396955152338922,5
,,,,,,12.289861919556479,5
,,,,,,10.37760606929985,5
,,,,,,20.16954059757366,5
,,,,,,97.4280664472588,5
,,,,,,64.07105498107606,5
,,,,,,29.394621843285954,5
,,,,,,20.602392223759292,5
,,,,,,44.81243244431946,5
,,,,,,28.33891295204588,5
,,,,,,16.663560508511157,5
,,,,,,13.66285148164054,5
,,,,,,34.265243705399826,5
,,,,,,142.80461893698097,5
,,,,,,90.96498050968508,5
,,,,,,44.56826774345852,5
,,,,,,31.78818644795139,5
,,,,,,67.9673237759449,5
,,,,,,49.80504438482274,5
,,,,,,30.02259870850559,5
,,,,,,25.109633831378343,5
,,,,,,56.61176230286762,5
,,,,,,122.15123682119119,5
,,,,,,78.29065503419652,5
,,,,,,37.83992507096163,5
,,,,,,25.90741977361967,5
,,,,,,56.38054667179978,5
,,,,,,40.19803096275841,5
,,,,,,24.214811916873305,5
,,,,,,20.442171397351018,5
,,,,,,46.34959117097066,5
,,,,,,20.653382115789835,5
,,,,,,12.674325475488553,5
,,,,,,6.7283426724968995,5
,,,,,,5.880766674331729,5
,,,,,,11.586777104145105,5
,,,,,,9.607013422064338,5
,,,,,,5.807786791632283,5
,,,,,,4.66746243402733,5
,,,,,,10.26217113189696,5
,,,,,,6.901211419695201,5
,,,,,,8.437076043879149,5
,,,,,,12.52557895708198,5
,,,,,,14.99366651513951,5
,,,,,,10.190970403723608,5
,,,,,,13.450973987314288,5
,,,,,,14.523057471922868,5
,,,,,,16.30178086475133,5
,,,,,,11.078481181421191,5
,,,,,,10.189046750488066,5
,,,,,,13.143296163728358,5
,,,,,,18.437498514475173,5
,,,,,,21.03832825883388,5
,,,,,,14.299688085969631,5
,,,,,,19.624833874803834,5
,,,,,,23.328998460861463,5
,,,,,,29.03786540893535,5
,,,,,,17.19796572083477,5
,,,,,,8.537500478866209,5
,,,,,,10.329428405871962,5
,,,,,,15.779181809290609,5
,,,,,,19.118478738298634,5
,,,,,,12.968170641825575,5
,,,,,,14.430580088944115,5
,,,,,,17.295593072261838,5
,,,,,,18.268264084383688,5
,,,,,,13.585279937534347,5
,,,,,,6.901211419695201,5
,,,,,,8.437076043879149,5
,,,,,,12.52557895708198,5
,,,,,,14.99366651513951,5
,,,,,,10.190970403723608,5
,,,,,,13.450973987314288,5
,,,,,,14.523057471922868,5
,,,,,,16.30178086475133,5
,,,,,,11.078481181421191,5
,,,,,,11.558584240979242,5
,,,,,,14.87186801267776,5
,,,,,,19.55842958486061,5
,,,,,,24.628076116867728,5
,,,,,,16.50837229042737,5
,,,,,,26.659080489334453,5
,,,,,,23.07993918185556,5
,,,,,,25.67936823207102,5
,,,,,,17.742379973190268,5
,,,,,,8.204047936908513,5
,,,,,,10.150627260464896,5
,,,,,,16.040928242002757,5
,,,,,,17.136234817659606,5
,,,,,,12.33434089314184,5
,,,,,,13.62357111781771,5
,,,,,,18.166498174774837,5
,,,,,,20.502088444823364,5
,,,,,,12.971159831009317,5
,,,,,,6.901211419695201,5
,,,,,,8.437076043879149,5
,,,,,,12.52557895708198,5
,,,,,,14.99366651513951,5
,,,,,,10.190970403723608,5
,,,,,,13.450973987314288,5
,,,,,,14.523057471922868,5
,,,,,,16.30178086475133,5
,,,,,,11.078481181421191,5
,,,,,,7.594738867515686,5
,,,,,,9.36872424869108,5
,,,,,,14.049644012412607,5
,,,,,,16.30020417684211,5
,,,,,,11.166437217838036,5
,,,,,,15.757989086758476,5
,,,,,,16.55012017669872,5
,,,,,,18.51868183940841,5
,,,,,,12.006110709358797,5
,,,,,,14.243467396792454,5
,,,,,,16.999240535009466,5
,,,,,,23.754483406448546,5
,,,,,,29.27980144116139,5
,,,,,,19.686420533644544,5
,,,,,,20.65121781997323,5
,,,,,,25.875820267433458,5
,,,,,,28.519230158853375,5
,,,,,,20.92754705797345,5
,,,,,,71.74816582463241,5
,,,,,,45.70279697131848,5
,,,,,,22.39207308823397,5
,,,,,,15.97108055404308,5
,,,,,,34.14827092592128,5
,,,,,,25.023144279404402,5
,,,,,,15.08401063396159,5
,,,,,,12.615629559745253,5
,,,,,,28.442988326051772,5
,,,,,,77.16562525266089,5
,,,,,,44.85374855943824,5
,,,,,,25.25222332776913,5
,,,,,,20.191490465980873,5
,,,,,,40.81841724489585,5
,,,,,,23.057235678588185,5
,,,,,,11.887770191200786,5
,,,,,,8.030871074115804,5
,,,,,,27.865783472919034,5
,,,,,,68.09026596830208,5
,,,,,,46.276079356741754,5
,,,,,,20.460883147770254,5
,,,,,,13.121435436137586,5
,,,,,,29.64454965472042,5
,,,,,,26.3505371069869,5
,,,,,,17.24213061837406,5
,,,,,,15.711284936346093,5
,,,,,,28.832720372483678,5
,,,,,,71.74816582463241,5
,,,,,,45.70279697131848,5
,,,,,,22.39207308823397,5
,,,,,,15.97108055404308,5
,,,,,,34.14827092592128,5
,,,,,,25.023144279404402,5
,,,,,,15.08401063396159,5
,,,,,,12.615629559745253,5
,,,,,,28.442988326051772,5
,,,,,,63.85165641107882,5
,,,,,,37.6224380941416,5
,,,,,,21.68761345271321,5
,,,,,,15.208770409055656,5
,,,,,,32.355647676945715,5
,,,,,,30.781190580361194,5
,,,,,,18.546718327652556,5
,,,,,,15.66091937748865,5
,,,,,,30.43799765285334,5
,,,,,,75.73892135660074,5
,,,,,,49.80774813049465,5
,,,,,,22.850878943603345,5
,,,,,,16.01594921559742,5
,,,,,,34.83642260862902,5
,,,,,,22.030188811849772,5
,,,,,,12.953968449720723,5
,,,,,,10.621268301932968,5
,,,,,,26.637217517530388,5
,,,,,,71.74816582463241,5
,,,,,,45.70279697131848,5
,,,,,,22.39207308823397,5
,,,,,,15.97108055404308,5
,,,,,,34.14827092592128,5
,,,,,,25.023144279404402,5
,,,,,,15.08401063396159,5
,,,,,,12.615629559745253,5
,,,,,,28.442988326051772,5
,,,,,,71.4778283913385,5
,,,,,,45.81243834126259,5
,,,,,,22.142351898757695,5
,,,,,,15.159945595572555,5
,,,,,,32.99155329483843,5
,,,,,,23.522217487095443,5
,,,,,,14.169501805834694,5
,,,,,,11.961909327410906,5
,,,,,,27.12185492298346,5
,,,,,,73.38980326604242,5
,,,,,,45.03699432669517,5
,,,,,,23.908517368860096,5
,,,,,,20.89673772862354,5
,,,,,,41.172495981207206,5
,,,,,,34.13759649953427,5
,,,,,,20.63741074751877,5
,,,,,,16.58537802014658,5
,,,,,,36.465636292885485,5
,,,,,,4.2138445978831855,5
,,,,,,6.657052714194689,5
,,,,,,11.328911853837399,5
,,,,,,13.832755477478,5
,,,,,,8.50065624929518,5
,,,,,,11.754425338543275,5
,,,,,,13.621216284723337,5
,,,,,,15.37065423639353,5
,,,,,,9.562751908300275,5
,,,,,,5.0166386163081755,5
,,,,,,10.145375542525361,5
,,,,,,16.06949441273722,5
,,,,,,18.890293256061284,5
,,,,,,11.045083483273284,5
,,,,,,17.279126723668753,5
,,,,,,22.1018477996623,5
,,,,,,27.94116720497768,5
,,,,,,14.630989942826025,5
,,,,,,5.268896137726024,5
,,,,,,7.952676943093587,5
,,,,,,14.179990867466099,5
,,,,,,17.734982956841677,5
,,,,,,10.853406851716702,5
,,,,,,12.45245240859813,5
,,,,,,15.634672135873851,5
,,,,,,16.584440830110804,5
,,,,,,11.379140906872461,5
,,,,,,4.2138445978831855,5
,,,,,,6.657052714194689,5
,,,,,,11.328911853837399,5
,,,,,,13.832755477478,5
,,,,,,8.50065624929518,5
,,,,,,11.754425338543275,5
,,,,,,13.621216284723337,5
,,,,,,15.37065423639353,5
,,,,,,9.562751908300275,5
,,,,,,10.018488725480479,5
,,,,,,14.063405717048646,5
,,,,,,18.72969990986989,5
,,,,,,23.87214702276445,5
,,,,,,15.319357465591516,5
,,,,,,20.62076622906512,5
,,,,,,21.453094808423888,5
,,,,,,24.18933814311924,5
,,,,,,16.00618010968411,5
,,,,,,3.9911414759728627,5
,,,,,,7.270766774292582,5
,,,,,,14.037239774090404,5
,,,,,,16.051597793628698,5
,,,,,,10.026193917729541,5
,,,,,,12.423953821911638,5
,,,,,,17.202459817012635,5
,,,,,,19.53647506645515,5
,,,,,,11.497818612346597,5
,,,,,,4.2138445978831855,5
,,,,,,6.657052714194689,5
,,,,,,11.328911853837399,5
,,,,,,13.832755477478,5
,,,,,,8.50065624929518,5
,,,,,,11.754425338543275,5
,,,,,,13.621216284723337,5
,,,,,,15.37065423639353,5
,,,,,,9.562751908300275,5
,,,,,,4.75112772188689,5
,,,,,,7.298160885942044,5
,,,,,,12.861533636044928,5
,,,,,,15.332935187415355,5
,,,,,,9.5814485966132,5
,,,,,,13.926616063166291,5
,,,,,,15.729410202527557,5
,,,,,,17.66621068380253,5
,,,,,,10.676072031734648,5
,,,,,,7.006873529210433,5
,,,,,,13.343492395782006,5
,,,,,,19.967372806144077,5
,,,,,,25.639188077958842,5
,,,,,,13.976100615846617,5
,,,,,,16.498326423931086,5
,,,,,,22.508723985391658,5
,,,,,,25.414883905486928,5
,,,,,,15.783478765810491,5
,,,,,,27.661830865048845,5
,,,,,,18.272722639537587,5
,,,,,,14.098496536022791,5
,,,,,,6.716856748304098,5
,,,,,,16.967392457968423,5
,,,,,,6.357448426952589,5
,,,,,,10.233444793099228,5
,,,,,,15.386014218132793,5
,,,,,,18.515623011378324,5
,,,,,,20.59709095761874,5
,,,,,,28.10912057030167,5
,,,,,,18.60904736015655,5
,,,,,,26.241202342078466,5
,,,,,,22.06077405324193,5
,,,,,,81.44302824024786,5
,,,,,,53.799254041366524,5
,,,,,,41.50933671491501,5
,,,,,,19.77602843812573,5
,,,,,,49.95605062655896,5
,,,,,,18.71784461043862,5
,,,,,,30.129702453371074,5
,,,,,,5.560705326005648,5
,,,,,,11.544742337419153,5
,,,,,,15.10574162917638,5
,,,,,,25.48878680639622,5
,,,,,,12.666194731226268,5
,,,,,,24.677410129585713,5
,,,,,,18.916551634274143,5
,,,,,,56.61176230286762,5
,,,,,,22.354795110892223,5
,,,,,,34.256967191975406,5
,,,,,,56.61176230286762,5
,,,,,,20.16954059757366,5
,,,,,,34.265243705399826,5
,,,,,,56.61176230286762,5
,,,,,,46.34959117097066,5
,,,,,,10.26217113189696,5
,,,,,,11.078481181421191,5
,,,,,,17.19796572083477,5
,,,,,,13.585279937534347,5
,,,,,,11.078481181421191,5
,,,,,,17.742379973190268,5
,,,,,,12.971159831009317,5
,,,,,,11.078481181421191,5
,,,,,,12.006110709358797,5
,,,,,,20.92754705797345,5
,,,,,,100.0,5
,,,,,,39.487898276856605,5
,,,,,,60.51210172314339,5
,,,,,,100.0,5
,,,,,,35.62782675739452,5
,,,,,,60.526721500178674,5
,,,,,,100.0,5
,,,,,,81.87272270911599,5
,,,,,,18.12727729088401,5
,,,,,,0.0,5
,,,,,,12.729523834088665,5
,,,,,,8.306803564237585,5
,,,,,,0.0,5
,,,,,,12.902891611385742,5
,,,,,,8.44742499336395,5
,,,,,,0.0,5
,,,,,,4.066150328934709,5
,,,,,,18.364964193594975,5
,,,,,,28.442988326051772,5
,,,,,,27.865783472919034,5
,,,,,,28.832720372483678,5
,,,,,,28.442988326051772,5
,,,,,,30.43799765285334,5
,,,,,,26.637217517530388,5
,,,,,,28.442988326051772,5
,,,,,,27.12185492298346,5
,,,,,,36.465636292885485,5
,,,,,,9.562751908300275,5
,,,,,,14.630989942826025,5
,,,,,,11.379140906872461,5
,,,,,,9.562751908300275,5
,,,,,,16.00618010968411,5
,,,,,,11.497818612346597,5
,,,,,,9.562751908300275,5
,,,,,,10.676072031734648,5
,,,,,,15.783478765810491,5
,,,,,,10.233444793099228,5
,,,,,,4.910735358745317,5
,,,,,,5.322709434353912,5
,,,,,,10.233444793099228,5
,,,,,,3.2126042735047946,5
,,,,,,6.825180940501492,5
,,,,,,10.233444793099228,5
,,,,,,8.596502038439363,5
,,,,,,1.6369427546598645,5
,,,,,,22.06077405324193,5
,,,,,,32.36133142894849,5
,,,,,,29.441493849476984,5
,,,,,,22.06077405324193,5
,,,,,,36.677511691001556,5
,,,,,,28.108383182552682,5
,,,,,,22.06077405324193,5
,,,,,,23.713455540657684,5
,,,,,,47.47976442268868,5
,,,,,,100.0,5
,,,,,,47.98711927440893,5
,,,,,,52.01288072559108,5
,,,,,,100.0,5
,,,,,,31.393185173297333,5
,,,,,,66.69485279388962,5
,,,,,,100.0,5
,,,,,,84.00399095558015,5
,,,,,,15.996009044419852,5
,,,,,,0.0,5
,,,,,,22.491616104531424,5
,,,,,,20.7507803764334,5
,,,,,,0.0,5
,,,,,,31.486515163898908,5
,,,,,,14.981997638398802,5
,,,,,,0.0,5
,,,,,,8.12051928296217,5
,,,,,,42.645389015864296,5
,,,,,,30.129702453371074,5
,,,,,,39.95661492806722,5
,,,,,,24.557505887952193,5
,,,,,,30.129702453371074,5
,,,,,,32.05865791626883,5
,,,,,,29.493723856407655,5
,,,,,,30.129702453371074,5
,,,,,,29.17087688416876,5
,,,,,,36.41557503466069,5
,,,,,,18.916551634274143,5
,,,,,,27.440940375349115,5
,,,,,,24.683184818710608,5
,,,,,,18.916551634274143,5
,,,,,,31.70373287003511,5
,,,,,,23.61478509265025,5
,,,,,,18.916551634274143,5
,,,,,,20.851568600535977,5
,,,,,,36.36460281568713,5
,,,,,,6.534647297443888,5
,,,,,,27.44484596243486,5
,,,,,,11.542914460927987,5
,,,,,,25.46516290068115,5
,,,,,,1.738232913061096,5
,,,,,,43.69070470290832,5
,,,,,,16.985804371889,5
,,,,,,39.282252031184065,5
,,,,,,16350.32999999998,5
,,,,,,4821.081207485913,5
,,,,,,11491.200171123028,5
,,,,,,8098.794999999991,5
,,,,,,2302.431266780415,5
,,,,,,5776.725509964994,5
,,,,,,8251.53499999999,5
,,,,,,2518.649940705499,5
,,,,,,5714.474661158032,5
,,,,,,16350.32999999998,5
,,,,,,4821.081207485913,5
,,,,,,11491.200171123028,5
,,,,,,6030.87504497021,5
,,,,,,2280.120196646298,5
,,,,,,3734.5175160824883,5
,,,,,,10099.747449990864,5
,,,,,,2472.353729200297,5
,,,,,,7607.937830079153,5
,,,,,,16350.32999999998,5
,,,,,,4821.081207485913,5
,,,,,,11491.200171123028,5
,,,,,,14395.820999999982,5
,,,,,,4174.700615640004,5
,,,,,,10186.636766738291,5
,,,,,,1954.508999999999,5
,,,,,,646.3805918459093,5
,,,,,,1304.5634043847356,5
,,,,,,0.0,5
,,,,,,2.179163788388199,5
,,,,,,0.913208887604855,5
,,,,,,0.0,5
,,,,,,2.320592115129612,5
,,,,,,0.9229873545258175,5
,,,,,,0.0,5
,,,,,,2.2794387323156924,5
,,,,,,1.0044925694895175,5
,,,,,,0.0,5
,,,,,,2.179163788388199,5
,,,,,,0.913208887604855,5
,,,,,,1.445528618594127,5
,,,,,,3.148200295724889,5
,,,,,,1.7529971877493493,5
,,,,,,0.8735864661257219,5
,,,,,,2.5213248588010853,5
,,,,,,1.325210959420908,5
,,,,,,0.0,5
,,,,,,2.179163788388199,5
,,,,,,0.913208887604855,5
,,,,,,0.0,5
,,,,,,2.3496325603398165,5
,,,,,,0.9623963280956724,5
,,,,,,0.0,5
,,,,,,2.888800247911171,5
,,,,,,1.4338294179756441,5
,,,,,,100.0,5
,,,,,,29.554916909464424,5
,,,,,,70.44508309053555,5
,,,,,,100.0,5
,,,,,,28.498410544620228,5
,,,,,,71.50158945537972,5
,,,,,,100.0,5
,,,,,,30.59166552799908,5
,,,,,,69.40833447200087,5
,,,,,,100.0,5
,,,,,,29.554916909464424,5
,,,,,,70.44508309053555,5
,,,,,,100.0,5
,,,,,,37.90951850384731,5
,,,,,,62.090481496152684,5
,,,,,,100.0,5
,,,,,,24.526609321377833,5
,,,,,,75.47339067862215,5
,,,,,,100.0,5
,,,,,,29.554916909464424,5
,,,,,,70.44508309053555,5
,,,,,,100.0,5
,,,,,,29.069024036455403,5
,,,,,,70.93097596354454,5
,,,,,,100.0,5
,,,,,,33.1316835898293,5
,,,,,,66.86831641017065,5
,,,,,,0.0,5
,,,,,,2.176107400931632,5
,,,,,,0.91297604600662,5
,,,,,,0.0,5
,,,,,,2.316340334411381,5
,,,,,,0.9232244809370704,5
,,,,,,0.0,5
,,,,,,2.2771787575749802,5
,,,,,,1.003664638103368,5
,,,,,,0.0,5
,,,,,,2.176107400931632,5
,,,,,,0.91297604600662,5
,,,,,,0.0,5
,,,,,,2.412012097930244,5
,,,,,,1.4726607855932945,5
,,,,,,0.0,5
,,,,,,2.549488330469622,5
,,,,,,0.828507950796915,5
,,,,,,0.0,5
,,,,,,2.176107400931632,5
,,,,,,0.91297604600662,5
,,,,,,0.0,5
,,,,,,2.3467396867253054,5
,,,,,,0.9617438845869334,5
,,,,,,0.0,5
,,,,,,2.8885691332533487,5
,,,,,,1.4312183061893422,5
,,,,,,5268.3602353884635,5
,,,,,,64.05489102179959,5
,,,,,,5204.305344366662,5
,,,,,,1489.2489049321734,5
,,,,,,15.367149015253979,5
,,,,,,1473.8817559169195,5
,,,,,,3779.1113304562896,5
,,,,,,48.68774200654562,5
,,,,,,3730.423588449743,5
,,,,,,0.5652492977798781,5
,,,,,,9.054807407816003,5
,,,,,,0.57918604122502,5
,,,,,,0.7105591320497701,5
,,,,,,16.094059730658742,5
,,,,,,0.7183311729220623,5
,,,,,,0.8187796628038815,5
,,,,,,10.798805416556915,5
,,,,,,0.8365994872715354,5
,,,,,,100.0,5
,,,,,,100.0,5
,,,,,,100.0,5
,,,,,,28.267788047761766,5
,,,,,,23.990594270192624,5
,,,,,,28.32043199602623,5
,,,,,,71.73221195223819,5
,,,,,,76.00940572980738,5
,,,,,,71.67956800397373,5
,,,,,,0.0,5
,,,,,,0.0,5
,,,,,,0.0,5
,,,,,,0.8784670862629795,5
,,,,,,14.762864987320215,5
,,,,,,0.8891526285299076,5
,,,,,,0.34618089594045975,5
,,,,,,4.659553653601881,5
,,,,,,0.35130215278324856,5
