Unnamed: 1,Unnamed: 2,Unnamed: 3,Unnamed: 4,Unnamed: 5,Unnamed: 6,Unnamed: 7,Unnamed: 8,Unnamed: 9,Unnamed: 10,mes_entrevista
,,,,,,,,,,8
,,,,,,,,,,8
,,,,,,,,,,8
,,,,,,,,,,8
,,,,,,,,,,8
,,,,,,,,,,8
,,,,,,,,,,8
,,,,,,,,,,8
,,,,,,,,,,8
,,,,,,24012.308054568697,15506.473518271681,13793.338769285525,12135.650021518044,8
,,,,,,10406.81512875569,6685.178014680552,5888.35277242285,5198.160462263026,8
,,,,,,13605.49292581299,8821.295503591125,7904.985996862676,6937.48955925501,8
,,,,,,24012.308054568697,15506.473518271681,13793.338769285525,12135.650021518044,8
,,,,,,1735.7045546828922,1194.3090166993618,1076.6523097833167,1208.1916136915725,8
,,,,,,2268.6729766715193,1400.562072776355,1306.4714546885498,1223.4445188525563,8
,,,,,,4296.956701247115,2674.0501659503584,2330.513608940735,1990.6247392935397,8
,,,,,,12149.556778142394,7786.126171740589,6824.362021119404,5744.556150076561,8
,,,,,,3561.417043824768,2451.426091105014,2255.339374753519,1968.8329996038046,8
,,,,,,24012.308054568697,15506.473518271681,13793.338769285525,12135.650021518044,8
,,,,,,20450.891010743915,13055.047427166664,11537.999394532006,10166.817021914234,8
,,,,,,3561.417043824768,2451.426091105014,2255.339374753519,1968.8329996038046,8
,,,,,,24012.308054568697,15506.473518271681,13793.338769285525,12135.650021518044,8
,,,,,,9674.587942436572,6311.659556178074,5815.691615308965,5275.086898564105,8
,,,,,,13980.966363750738,8996.996718778093,7805.100661648494,6716.392785677183,8
,,,,,,24012.308054568697,15506.473518271681,13793.338769285525,12135.650021518044,8
,,,,,,7877.641931692336,5384.199151674597,4837.796755666782,4613.692532280517,8
,,,,,,3923.287695213503,2467.464714906454,2292.886272960609,1925.9769556137694,8
,,,,,,8360.363563077983,5204.942510982156,4519.05541705963,3762.3986745143293,8
,,,,,,3851.014864584881,2449.867140708479,2143.6003235985077,1833.5818591094194,8
,,,,,,0.9718026143192522,1.093221875666173,1.198469797626261,1.26153175371041,8
,,,,,,1.2225430631862129,1.4309412068462508,1.486408036501562,1.6064409135024134,8
,,,,,,1.0645023920295928,1.1869782359465015,1.3340157354345101,1.4219943123091847,8
,,,,,,0.9718026143192522,1.093221875666173,1.198469797626261,1.26153175371041,8
,,,,,,2.909366440923389,3.3307928953512618,3.5484010782206905,3.4193627556240536,8
,,,,,,2.294990384351332,2.6865604736874085,2.980963798233022,3.045351555970211,8
,,,,,,1.7974475441329356,2.1034926210426117,2.298076263693302,2.558476970208284,8
,,,,,,1.0839151841629586,1.2975666198431977,1.3990121551440644,1.486410343865288,8
,,,,,,1.6549442966397678,1.969083486312085,2.075136345249918,2.1894639288858277,8
,,,,,,0.9718026143192522,1.093221875666173,1.198469797626261,1.26153175371041,8
,,,,,,1.0468088541839005,1.1739492522267427,1.2977640162010613,1.3743067726030231,8
,,,,,,1.6549442966397678,1.969083486312085,2.075136345249918,2.1894639288858277,8
,,,,,,0.9718026143192522,1.093221875666173,1.198469797626261,1.26153175371041,8
,,,,,,1.4377812445311464,1.7063659762592265,1.7737372788993173,1.866117863284225,8
,,,,,,1.237369117879694,1.337328042184955,1.4524931842273696,1.601514624347551,8
,,,,,,0.9718026143192522,1.093221875666173,1.198469797626261,1.26153175371041,8
,,,,,,1.4973779991738896,1.6165455299690632,1.7018483615312714,1.79172356406416,8
,,,,,,1.8951233506106242,2.186416269022638,2.3540433244544214,2.520295171273412,8
,,,,,,1.3871823987421552,1.6294758096717266,1.7665539927503568,1.884540450493857,8
,,,,,,2.138133352164543,2.5700762600313243,2.714462250848405,3.010594925497653,8
,,,,,,100.0,100.0,100.0,100.0,8
,,,,,,43.339503662479636,43.11217509773085,42.68982927857031,42.83380332364589,8
,,,,,,56.66049633752033,56.88782490226918,57.31017072142962,57.16619667635413,8
,,,,,,100.0,100.0,100.0,100.0,8
,,,,,,7.228395332670447,7.702002749316772,7.805596076424687,9.955722285574296,8
,,,,,,9.447958819768147,9.03211211192562,9.471756451003367,10.081409044288815,8
,,,,,,17.894809159878143,17.244734354329218,16.895935407098335,16.403115908615625,8
,,,,,,50.59720519382045,50.21210117546063,49.47578055804461,47.336204817135815,8
,,,,,,14.831631493862819,15.809049608967737,16.350931507428935,16.223547944385473,8
,,,,,,100.0,100.0,100.0,100.0,8
,,,,,,85.1683685061372,84.19095039103225,83.64906849257102,83.77645205561454,8
,,,,,,14.831631493862819,15.809049608967737,16.350931507428935,16.223547944385473,8
,,,,,,100.0,100.0,100.0,100.0,8
,,,,,,40.290120884884495,40.70338461379294,42.16304487684388,43.46769138209091,8
,,,,,,58.22416708955493,58.02090790131429,56.58601439579364,55.34431838235436,8
,,,,,,100.0,100.0,100.0,100.0,8
,,,,,,32.80668361321268,34.72226709270974,35.073428098781925,38.01767951531118,8
,,,,,,16.33865302034987,15.91248140332472,16.623141875310992,15.870406218033406,8
,,,,,,34.81699278586134,33.566255440665046,32.76259281851677,31.00286072722205,8
,,,,,,16.037670580576165,15.79899606330049,15.540837207390224,15.10905353943338,8
,,,,,,0.0,0.0,0.0,0.0,8
,,,,,,0.6719983317033071,0.8033816384850703,0.8409253022052988,0.9455208329266293,8
,,,,,,0.5140102194754311,0.6088390605225739,0.6263976731402561,0.7084650676566936,8
,,,,,,0.0,0.0,0.0,0.0,8
,,,,,,2.6007858359645026,3.011449113803132,3.2050419285002447,2.9709512480566276,8
,,,,,,1.9406551432560704,2.4025716800959454,2.576819688270576,2.667932595946006,8
,,,,,,1.4438971760565271,1.756360241516761,1.9454181976522358,2.170781210706996,8
,,,,,,0.6120582933376372,0.7653336948654037,0.8001611219050828,0.9096132056441495,8
,,,,,,1.506248070381686,1.754630988710797,1.860457775441466,1.992167618737849,8
,,,,,,0.0,0.0,0.0,0.0,8
,,,,,,0.2623053219181167,0.3294777908685513,0.3636647509279638,0.3857889189958803,8
,,,,,,1.506248070381686,1.754630988710797,1.860457775441466,1.992167618737849,8
,,,,,,0.0,0.0,0.0,0.0,8
,,,,,,1.0785894147593362,1.2243145482564635,1.2222771640984662,1.320543568429708,8
,,,,,,0.7676801405821363,0.8583031013158028,0.908855571081292,1.0379141839017882,8
,,,,,,0.0,0.0,0.0,0.0,8
,,,,,,1.087550582099782,1.2050475200360444,1.2267883101201849,1.2726768261976291,8
,,,,,,1.6374714196299434,1.8846287780018258,1.946399608431404,2.1514863224233567,8
,,,,,,0.9904162549875429,1.2092966837674002,1.2927047161649252,1.4118868168799943,8
,,,,,,1.9558282168060164,2.316039329801878,2.489399526170169,2.745833931347399,8
,,,,,,11.387288976350197,7.349020704540026,6.533058274298988,5.744358598385334,8
,,,,,,10.09483682144647,6.480840295766773,5.7049200257202495,5.033195077659113,8
,,,,,,12.623518626988186,8.179408943488719,7.325123506492403,6.424523065382902,8
,,,,,,11.387288976350197,7.349020704540026,6.533058274298988,5.744358598385334,8
,,,,,,5.931334263358866,4.080866830321627,3.6785442971882834,4.1278546906194595,8
,,,,,,7.426965777676356,4.591384324703375,4.28818723086992,4.020392377373401,8
,,,,,,12.59596924115723,7.840867293759176,6.835593193568537,5.840898608393837,8
,,,,,,13.9710182193581,8.944380515467099,7.831943242264201,6.586451533989656,8
,,,,,,11.877983614787137,8.150810978125188,7.4760682473045375,6.505683223092365,8
,,,,,,11.387288976350197,7.349020704540026,6.533058274298988,5.744358598385334,8
,,,,,,11.305952315563218,7.2157358089925365,6.3758545538369304,5.617063932931574,8
,,,,,,11.877983614787137,8.150810978125188,7.4760682473045375,6.505683223092365,8
,,,,,,11.387288976350197,7.349020704540026,6.533058274298988,5.744358598385334,8
,,,,,,10.406529104096334,6.80118909795074,6.264211070556929,5.6569760196908385,8
,,,,,,12.10740315483933,7.759345319532039,6.729491603413123,5.80104243662871,8
,,,,,,11.387288976350197,7.349020704540026,6.533058274298988,5.744358598385334,8
,,,,,,9.130553477278001,6.181690245033487,5.541965593441956,5.279351612779575,8
,,,,,,11.555255143388546,7.295389258527115,6.830894871195275,5.741644261191707,8
,,,,,,13.292044092377564,8.313188451172747,7.212130275799549,6.017634075924397,8
,,,,,,13.88169536113663,8.918828106664614,7.763281999416005,6.594693682994319,8
,,,,,,0.9718026143192525,1.0932218756661733,1.198469797626261,1.2615317537104116,8
,,,,,,1.2225430631862126,1.4309412068462521,1.4864080365015635,1.6064409135024142,8
,,,,,,1.064502392029593,1.1869782359465002,1.3340157354345108,1.421994312309184,8
,,,,,,0.9718026143192525,1.0932218756661733,1.198469797626261,1.2615317537104116,8
,,,,,,2.9093664409233866,3.330792895351262,3.5484010782206923,3.419362755624051,8
,,,,,,2.2949903843513324,2.6865604736874085,2.980963798233023,3.0453515559702082,8
,,,,,,1.7974475441329347,2.103492621042611,2.298076263693301,2.558476970208283,8
,,,,,,1.0839151841629586,1.2975666198431974,1.3990121551440649,1.4864103438652865,8
,,,,,,1.6549442966397683,1.969083486312085,2.0751363452499194,2.189463928885829,8
,,,,,,0.9718026143192525,1.0932218756661733,1.198469797626261,1.2615317537104116,8
,,,,,,1.0468088541839002,1.1739492522267425,1.2977640162010613,1.3743067726030238,8
,,,,,,1.6549442966397683,1.969083486312085,2.0751363452499194,2.189463928885829,8
,,,,,,0.9718026143192525,1.0932218756661733,1.198469797626261,1.2615317537104116,8
,,,,,,1.3778564532673863,1.6536075128163334,1.7330461965133361,1.8140838070507723,8
,,,,,,1.1756632297950258,1.2931351566883487,1.3978933579635338,1.5709939144297296,8
,,,,,,0.9718026143192525,1.0932218756661733,1.198469797626261,1.2615317537104116,8
,,,,,,1.4358725499789193,1.5623499448615246,1.6432076895418122,1.751463337433187,8
,,,,,,1.7712080058119546,2.104599490430084,2.2465215873325435,2.444828170993612,8
,,,,,,1.3412652432018972,1.5886977627051206,1.73448447367145,1.863708622248798,8
,,,,,,1.8738027042296022,2.2996520264565534,2.45057326803523,2.712073371243522,8
,,,,,,3870.4257757339187,2155.687632182098,1786.603243660511,1335.5807498343695,8
,,,,,,1619.2297389853456,897.687994322024,740.24122771458,524.1918515989499,8
,,,,,,2251.1960367485717,1257.9996378600742,1046.362015945932,811.3888982354194,8
,,,,,,3870.4257757339187,2155.687632182098,1786.603243660511,1335.5807498343695,8
,,,,,,93.67227423118788,65.50703147928736,44.723744063927164,29.494917923738825,8
,,,,,,380.3003687095516,216.20274380916325,170.01405855315227,149.24550090540075,8
,,,,,,829.1592536962999,461.0923988259147,375.00561519944705,259.2108032835091,8
,,,,,,2134.778464778349,1179.3721104207689,984.8968649431262,753.2758948587126,8
,,,,,,432.5154143185288,233.5133476469641,211.96296090085954,144.35363286300753,8
,,,,,,3870.4257757339187,2155.687632182098,1786.603243660511,1335.5807498343695,8
,,,,,,3437.910361415388,1922.1742845351341,1574.6402827596514,1191.2271169713617,8
,,,,,,432.5154143185288,233.5133476469641,211.96296090085954,144.35363286300753,8
,,,,,,3870.4257757339187,2155.687632182098,1786.603243660511,1335.5807498343695,8
,,,,,,1065.1020805245596,630.3672465832973,661.8988882675343,526.8176958048829,8
,,,,,,2742.524654161197,1495.0874400176592,1098.1763035173778,789.2597074531435,8
,,,,,,3870.4257757339187,2155.687632182098,1786.603243660511,1335.5807498343695,8
,,,,,,1099.655458510471,630.6040833650088,514.439882737252,391.1425467451095,8
,,,,,,726.4901817568629,393.71097324093677,332.02503407247224,256.47945459483793,8
,,,,,,1567.338177964534,867.6567503117238,679.785006512262,493.7268772383076,8
,,,,,,476.9419575020509,263.71582526442853,260.3533203385259,194.2318712561146,8
,,,,,,2.310804029828824,2.6460553341600277,3.0308293370434116,3.380745246774148,8
,,,,,,2.88460214929967,3.6090310636411354,3.982541618410039,4.4122618067024675,8
,,,,,,2.530426501710458,2.819596874371791,3.474986320056597,3.890761425522861,8
,,,,,,2.310804029828824,2.6460553341600277,3.0308293370434116,3.380745246774148,8
,,,,,,11.75138005088356,12.495287186861578,15.925192854054169,16.14831213639483,8
,,,,,,5.563166397385584,6.458857055478993,7.954905312504702,8.843307013170307,8
,,,,,,4.081915699744227,4.951841054179988,5.5953413448646545,6.547191509850911,8
,,,,,,2.504613532945384,3.0051035712419494,3.5246112027007026,3.9303067261752984,8
,,,,,,4.922411681201396,5.845384428541936,6.360380044203497,7.536090793665257,8
,,,,,,2.310804029828824,2.6460553341600277,3.0308293370434116,3.380745246774148,8
,,,,,,2.415874766231109,2.81212937212586,3.2411394299871903,3.580016524400332,8
,,,,,,4.922411681201396,5.845384428541936,6.360380044203497,7.536090793665257,8
,,,,,,2.310804029828824,2.6460553341600277,3.0308293370434116,3.380745246774148,8
,,,,,,3.693254987727182,4.538840080147993,5.125973318145628,5.537113256772945,8
,,,,,,2.738784702082425,3.059874973430852,3.6493078487344834,3.9574396787218737,8
,,,,,,2.310804029828824,2.6460553341600277,3.0308293370434116,3.380745246774148,8
,,,,,,4.190515062703368,4.209948464848457,4.7419736635967045,4.967648009899954,8
,,,,,,4.123029910892854,5.420601312252273,5.898510866059737,6.536921824687135,8
,,,,,,2.979057311761076,3.5547875037463394,4.408985353331189,4.985628592363764,8
,,,,,,4.944579795655898,6.110692200618901,6.944896828045246,7.870140871692661,8
,,,,,,100.0,100.0,100.0,100.0,8
,,,,,,43.339503662479636,43.11217509773085,42.68982927857031,42.83380332364589,8
,,,,,,56.66049633752033,56.88782490226918,57.31017072142962,57.16619667635413,8
,,,,,,100.0,100.0,100.0,100.0,8
,,,,,,7.228395332670447,7.702002749316772,7.805596076424687,9.955722285574296,8
,,,,,,9.447958819768147,9.03211211192562,9.471756451003367,10.081409044288815,8
,,,,,,17.894809159878143,17.244734354329218,16.895935407098335,16.403115908615625,8
,,,,,,50.59720519382045,50.21210117546063,49.47578055804461,47.336204817135815,8
,,,,,,14.831631493862819,15.809049608967737,16.350931507428935,16.223547944385473,8
,,,,,,100.0,100.0,100.0,100.0,8
,,,,,,85.1683685061372,84.19095039103225,83.64906849257102,83.77645205561454,8
,,,,,,14.831631493862819,15.809049608967737,16.350931507428935,16.223547944385473,8
,,,,,,100.0,100.0,100.0,100.0,8
,,,,,,40.290120884884495,40.70338461379294,42.16304487684388,43.46769138209091,8
,,,,,,58.22416708955493,58.02090790131429,56.58601439579364,55.34431838235436,8
,,,,,,100.0,100.0,100.0,100.0,8
,,,,,,32.80668361321268,34.72226709270974,35.073428098781925,38.01767951531118,8
,,,,,,16.33865302034987,15.91248140332472,16.623141875310992,15.870406218033406,8
,,,,,,34.81699278586134,33.566255440665046,32.76259281851677,31.00286072722205,8
,,,,,,16.037670580576165,15.79899606330049,15.540837207390224,15.10905353943338,8
,,,,,,0.0,0.0,0.0,0.0,8
,,,,,,0.6719983317033071,0.8033816384850703,0.8409253022052988,0.9455208329266293,8
,,,,,,0.5140102194754311,0.6088390605225739,0.6263976731402561,0.7084650676566936,8
,,,,,,0.0,0.0,0.0,0.0,8
,,,,,,2.6007858359645026,3.011449113803132,3.2050419285002447,2.9709512480566276,8
,,,,,,1.9406551432560704,2.4025716800959454,2.576819688270576,2.667932595946006,8
,,,,,,1.4438971760565271,1.756360241516761,1.9454181976522358,2.170781210706996,8
,,,,,,0.6120582933376372,0.7653336948654037,0.8001611219050828,0.9096132056441495,8
,,,,,,1.506248070381686,1.754630988710797,1.860457775441466,1.992167618737849,8
,,,,,,0.0,0.0,0.0,0.0,8
,,,,,,0.2623053219181167,0.3294777908685513,0.3636647509279638,0.3857889189958803,8
,,,,,,1.506248070381686,1.754630988710797,1.860457775441466,1.992167618737849,8
,,,,,,0.0,0.0,0.0,0.0,8
,,,,,,1.0785894147593362,1.2243145482564635,1.2222771640984662,1.320543568429708,8
,,,,,,0.7676801405821363,0.8583031013158028,0.908855571081292,1.0379141839017882,8
,,,,,,0.0,0.0,0.0,0.0,8
,,,,,,1.087550582099782,1.2050475200360444,1.2267883101201849,1.2726768261976291,8
,,,,,,1.6374714196299434,1.8846287780018258,1.946399608431404,2.1514863224233567,8
,,,,,,0.9904162549875429,1.2092966837674002,1.2927047161649252,1.4118868168799943,8
,,,,,,1.9558282168060164,2.316039329801878,2.489399526170169,2.745833931347399,8
,,,,,,1036.7764327234975,703.3349360281079,665.6218093954802,517.8291190549463,8
,,,,,,469.34832596256524,333.95137811943306,303.8863038134527,223.92943624083728,8
,,,,,,567.4281067609318,369.383557908676,361.73550558202794,293.8996828141089,8
,,,,,,1036.7764327234975,703.3349360281079,665.6218093954802,517.8291190549463,8
,,,,,,30.99989398387627,42.3442807778795,31.418825325985527,27.554039313056457,8
,,,,,,91.76672828578053,59.34055455209213,70.40653120161065,61.79958676398878,8
,,,,,,213.66764522724196,148.75246352339173,129.12133146629532,95.8631055990024,8
,,,,,,583.6133851996366,379.7862691931226,361.13787242716313,266.1528098379822,8
,,,,,,116.72878002696163,73.11136798162293,73.53724897442561,66.45957754091653,8
,,,,,,1036.7764327234975,703.3349360281079,665.6218093954802,517.8291190549463,8
,,,,,,920.0476526965356,630.2235680464853,592.0845604210549,451.36954151402983,8
,,,,,,116.72878002696163,73.11136798162293,73.53724897442561,66.45957754091653,8
,,,,,,1036.7764327234975,703.3349360281079,665.6218093954802,517.8291190549463,8
,,,,,,295.38721182381596,234.1236830337154,246.49810012882386,223.81748807547365,8
,,,,,,725.3817523781461,459.9361245060707,413.23696002066384,287.50080300276994,8
,,,,,,1036.7764327234975,703.3349360281079,665.6218093954802,517.8291190549463,8
,,,,,,258.50070837244374,209.330678744004,184.75267307944816,161.1846787299347,8
,,,,,,198.9822928935232,114.94481370291196,134.05809788844778,83.36346314360534,8
,,,,,,425.43476094135167,280.87415829626485,256.1657120501265,197.58932712495542,8
,,,,,,153.85867051617836,98.18528528492791,90.64532637745803,75.69165005645097,8
,,,,,,3.9940481493785795,4.687913883120709,5.126797515329183,5.760141317721874,8
,,,,,,5.105323469529877,6.128653533306775,6.429298303027026,8.012812295078083,8
,,,,,,4.736604918981968,5.11541018786341,6.174615312348772,6.1991343262529295,8
,,,,,,3.9940481493785795,4.687913883120709,5.126797515329183,5.760141317721874,8
,,,,,,19.91348273075606,15.506828854039368,17.78230130082811,21.0450730517512,8
,,,,,,10.639911473153083,12.424106046366573,12.889764509926433,14.414462673718278,8
,,,,,,7.735464996211057,9.092891667172708,9.515568735261724,10.49075998091638,8
,,,,,,4.664797886072882,5.384679984454861,6.113305694297009,6.462297748262813,8
,,,,,,9.97491441398718,10.209911850265367,11.222602267063573,11.04338966441854,8
,,,,,,3.9940481493785795,4.687913883120709,5.126797515329183,5.760141317721874,8
,,,,,,4.144485897083193,4.946369233103442,5.360434191230777,6.084164035987974,8
,,,,,,9.97491441398718,10.209911850265367,11.222602267063573,11.04338966441854,8
,,,,,,3.9940481493785795,4.687913883120709,5.126797515329183,5.760141317721874,8
,,,,,,6.572954384762343,7.894975871995758,9.008560253010819,9.491417796944624,8
,,,,,,4.624520801376978,5.505856321635342,5.9082810833987764,6.498357971667951,8
,,,,,,3.9940481493785795,4.687913883120709,5.126797515329183,5.760141317721874,8
,,,,,,7.11911326812799,7.469395526333418,7.705899943971834,9.063799794406645,8
,,,,,,8.409566534511086,10.067106829291783,9.916394421046178,10.644132196230274,8
,,,,,,5.610367344844789,6.416969007307155,7.97295512329326,8.05089620831366,8
,,,,,,8.495064211080209,10.159878853139562,10.965885334541623,12.501454616951863,8
,,,,,,100.0,100.0,100.0,100.0,8
,,,,,,45.26996478205428,47.48113039931322,45.6544992252347,43.243886448393496,8
,,,,,,54.73003521794582,52.51886960068669,54.34550077476536,56.75611355160653,8
,,,,,,100.0,100.0,100.0,100.0,8
,,,,,,2.990026876135967,6.020500135683178,4.720221735901383,5.321067954491129,8
,,,,,,8.851158783067586,8.437026445352139,10.577557737411587,11.934359133139306,8
,,,,,,20.60884473096681,21.149591169668092,19.398602876844404,18.512498056106903,8
,,,,,,56.29115079965206,53.997924706806266,54.25571508168427,51.39780673665455,8
,,,,,,11.258818810177635,10.39495754249025,11.047902568158394,12.834268119608122,8
,,,,,,100.0,100.0,100.0,100.0,8
,,,,,,88.74118118982238,89.6050424575097,88.95209743184161,87.16573188039189,8
,,,,,,11.258818810177635,10.39495754249025,11.047902568158394,12.834268119608122,8
,,,,,,100.0,100.0,100.0,100.0,8
,,,,,,28.49092653927971,33.28765159254915,37.03275593579096,43.22226770173672,8
,,,,,,69.96510814512337,65.39361276484202,62.08284557201736,55.52040092443382,8
,,,,,,100.0,100.0,100.0,100.0,8
,,,,,,24.933119640209327,29.762587925198414,27.756403181446416,31.12700170745546,8
,,,,,,19.1924012364767,16.342827266910863,20.14028026067832,16.098643370180916,8
,,,,,,41.034378050413636,39.934623450162256,38.48517407847213,38.157245286932074,8
,,,,,,14.840101072900433,13.959961357728412,13.618142479403186,14.617109635431577,8
,,,,,,0.0,0.0,0.0,0.0,8
,,,,,,3.134303616116781,3.258680318789515,3.9800222696878085,4.638953627074382,8
,,,,,,2.5925401610439094,2.946099684218972,3.3435320502603907,3.534533486091551,8
,,,,,,0.0,0.0,0.0,0.0,8
,,,,,,19.074007668122892,14.39677394841817,16.859555605162228,20.218386250408823,8
,,,,,,9.71304018215772,11.023806330046423,11.573114414213588,11.731384989418682,8
,,,,,,6.686812619102768,7.268894335788308,7.808662306878035,8.64429448871662,8
,,,,,,2.649939339590647,3.315212358952488,3.5470825762632203,3.9000928374664263,8
,,,,,,9.094164685533825,9.640916748479182,10.305356884634902,10.005157297890332,8
,,,,,,0.0,0.0,0.0,0.0,8
,,,,,,1.1537997472145922,1.1184294714066643,1.2799313571980107,1.4731577257468573,8
,,,,,,9.094164685533825,9.640916748479182,10.305356884634902,10.005157297890332,8
,,,,,,0.0,0.0,0.0,0.0,8
,,,,,,5.373582332400568,6.144659480358663,6.593067520657607,6.185188801334926,8
,,,,,,2.190683719785286,3.124616867812365,3.9058279537232314,4.7802296208422295,8
,,,,,,0.0,0.0,0.0,0.0,8
,,,,,,5.754414328898743,5.778935458432547,6.6977606920818635,6.9178170247848225,8
,,,,,,7.237370952003445,8.658368985450503,8.15270810829802,8.923918972955192,8
,,,,,,3.918815819818856,4.48794611783387,5.360395589750416,5.7761282452355225,8
,,,,,,7.90438045946869,9.198024221497848,10.119903075481693,11.023211974212716,8
,,,,,,991.4055091714658,579.8530961049806,539.6095997411514,409.5788661361272,8
,,,,,,475.1992628912194,276.5745936624007,239.1720402625711,181.4234454407123,8
,,,,,,516.2062462802461,303.2785024425799,300.4375594785804,228.1554206954154,8
,,,,,,991.4055091714658,579.8530961049806,539.6095997411514,409.5788661361272,8
,,,,,,36.81699483801197,31.027841356697415,20.860050665848235,14.177345183004283,8
,,,,,,88.17974789677639,52.155926374382034,52.888302881393344,46.22995260437706,8
,,,,,,185.11774659869727,113.82747366370121,101.09357198632311,88.04771463121405,8
,,,,,,584.9810845259566,330.0401613210523,299.24913866683653,214.1027433493945,8
,,,,,,96.3099353120233,52.80169338914769,65.51853554075012,47.02111036813785,8
,,,,,,991.4055091714658,579.8530961049806,539.6095997411514,409.5788661361272,8
,,,,,,895.0955738594421,527.051402715833,474.0910642004011,362.5577557679895,8
,,,,,,96.3099353120233,52.80169338914769,65.51853554075012,47.02111036813785,8
,,,,,,991.4055091714658,579.8530961049806,539.6095997411514,409.5788661361272,8
,,,,,,258.51559045480127,171.57641224917532,208.2252439995954,162.92498846201158,8
,,,,,,711.8178754089404,400.72555253026644,325.5987141864997,239.24756808231018,8
,,,,,,991.4055091714658,579.8530961049806,539.6095997411514,409.5788661361272,8
,,,,,,257.69384504191316,178.5512063994289,140.0677029056855,122.9132995581309,8
,,,,,,178.35087069328227,99.7184493619715,112.68639445074332,62.59550280973112,8
,,,,,,404.40593343281705,221.467157023768,214.77840952893726,160.0010840820157,8
,,,,,,150.95486000345292,80.11628331981213,72.07709285578542,64.06897968624995,8
,,,,,,4.2136155766649175,4.998864932046733,5.554030152870473,6.0307630722455166,8
,,,,,,5.188660251856462,6.613810388260903,7.280520437539137,7.554860900585722,8
,,,,,,4.938536440202827,5.427846596748231,6.49752250620753,6.814111820972848,8
,,,,,,4.2136155766649175,4.998864932046733,5.554030152870473,6.0307630722455166,8
,,,,,,19.52034541098114,17.817286084598997,22.36075193583186,21.31680219987251,8
,,,,,,10.910315257107937,12.750347356348824,14.818985063741296,14.119505884312497,8
,,,,,,7.69461848343,10.436420655497255,10.497179509412964,10.892884162392935,8
,,,,,,4.57533816969374,5.451681851462702,6.475954808495371,6.8422419595020365,8
,,,,,,10.585420303358514,11.201450443595807,12.299737607391474,12.853346763394057,8
,,,,,,4.2136155766649175,4.998864932046733,5.554030152870473,6.0307630722455166,8
,,,,,,4.338598333417081,5.317079829565414,5.872959712441051,6.241044829291508,8
,,,,,,10.585420303358514,11.201450443595807,12.299737607391474,12.853346763394057,8
,,,,,,4.2136155766649175,4.998864932046733,5.554030152870473,6.0307630722455166,8
,,,,,,7.248545471666891,8.473405588096576,9.270394010215679,10.21803857360265,8
,,,,,,4.7053539889938945,5.77542173034067,6.456835144246516,6.9797288315173125,8
,,,,,,4.2136155766649175,4.998864932046733,5.554030152870473,6.0307630722455166,8
,,,,,,7.586694654379711,7.667751143354494,8.030071536521593,9.217837244277174,8
,,,,,,8.043495519001938,11.213762093106373,10.362329662211271,11.547180266790022,8
,,,,,,5.538305904010981,6.882100247994514,8.465556214200717,8.613960915762945,8
,,,,,,9.03186817065695,10.778837464784582,12.537429290242796,13.419102550227672,8
,,,,,,100.0,100.0,100.0,100.0,8
,,,,,,47.931876360900176,47.69735567857138,44.323162593345394,44.29511882588555,8
,,,,,,52.06812363909985,52.30264432142867,55.676837406654556,55.704881174114554,8
,,,,,,100.0,100.0,100.0,100.0,8
,,,,,,3.71361612351545,5.350983130920441,3.8657671538561784,3.46144451171275,8
,,,,,,8.894417781727862,8.994679294587977,9.801216084140018,11.287191900426846,8
,,,,,,18.67225316847425,19.6303985316814,18.734576263064486,21.497133253440527,8
,,,,,,59.00522834645484,56.91789240033649,55.45660025514471,52.27387471653272,8
,,,,,,9.714484579827607,9.106046642473748,12.141840243794597,11.480355617887271,8
,,,,,,100.0,100.0,100.0,100.0,8
,,,,,,90.28551542017237,90.89395335752629,87.85815975620542,88.51964438211276,8
,,,,,,9.714484579827607,9.106046642473748,12.141840243794597,11.480355617887271,8
,,,,,,100.0,100.0,100.0,100.0,8
,,,,,,26.07566611878597,29.589634581878993,38.58812817627415,39.778660944840354,8
,,,,,,71.79886220360221,69.10811638707133,60.33968156657842,58.413064702121154,8
,,,,,,100.0,100.0,100.0,100.0,8
,,,,,,25.992779206691356,30.79248995975058,25.957229629138418,30.009678164712632,8
,,,,,,17.989699375620095,17.1971918459702,20.882948432496107,15.282893719649818,8
,,,,,,40.791172702962506,38.19366638057444,39.80255533481346,39.06478026843255,8
,,,,,,15.226348714726083,13.816651813704778,13.357266603551984,15.642647847205096,8
,,,,,,0.0,0.0,0.0,0.0,8
,,,,,,2.9199359615949905,3.5176779572450383,4.504409690653169,4.310795770808239,8
,,,,,,2.687978742291717,3.207943668359519,3.5858660873219548,3.4278362484113334,8
,,,,,,0.0,0.0,0.0,0.0,8
,,,,,,18.38448706721711,16.445120216826144,21.499774954489663,20.44967209953438,8
,,,,,,9.510243371945483,11.01919489903657,13.163413234478554,11.879632604986641,8
,,,,,,6.676785029239161,8.221077783684894,8.674134481879085,9.038676143046674,8
,,,,,,2.333848803932055,3.419430124358689,3.718018394370781,3.84432769759092,8
,,,,,,9.700781546913143,11.005308608232598,11.357026871001416,11.47433410178925,8
,,,,,,0.0,0.0,0.0,0.0,8
,,,,,,1.0437786427999771,1.1025469769941059,1.569520762725082,1.4881378804274816,8
,,,,,,9.700781546913143,11.005308608232598,11.357026871001416,11.47433410178925,8
,,,,,,0.0,0.0,0.0,0.0,8
,,,,,,5.925309314029759,6.779366958422586,6.621977437895378,7.115221647081706,8
,,,,,,2.183490367935396,2.925444844125461,4.2178575527040625,4.829945405888885,8
,,,,,,0.0,0.0,0.0,0.0,8
,,,,,,5.7295321795954095,5.826519505492698,7.105626729135503,7.53483480823804,8
,,,,,,6.861460991645299,9.426766413239333,8.450665508100135,10.303352902147607,8
,,,,,,4.00783862709686,5.001367816473363,5.531317110306546,5.7102193384282245,8
,,,,,,8.194101421163266,9.919087234140443,11.491202626513616,11.492732647047065,8
,,,,,,4244.894266372117,2391.6154570970984,2079.4104765037127,1572.3814260391923,8
,,,,,,1808.3036490648328,1008.7570710273023,885.9574673558203,639.3469875378177,8
,,,,,,2436.590617307289,1382.8583860697975,1193.4530091478912,933.0344385013735,8
,,,,,,4244.894266372117,2391.6154570970984,2079.4104765037127,1572.3814260391923,8
,,,,,,117.43536096702556,83.51548991653495,68.02724842528188,49.68513512136016,8
,,,,,,417.9136161604929,231.15415882952283,202.8401464305868,175.645974653352,8
,,,,,,894.0474883201335,507.1670366532193,434.97270805924677,299.5878836413884,8
,,,,,,2344.016979538862,1311.7150578871072,1132.1032774745577,872.3767009159553,8
,,,,,,471.48082138560505,258.06371381071585,241.4670961140379,175.08573170713504,8
,,,,,,4244.894266372117,2391.6154570970984,2079.4104765037127,1572.3814260391923,8
,,,,,,3773.413444986515,2133.551743286383,1837.9433803896732,1397.2956943320567,8
,,,,,,471.48082138560505,258.06371381071585,241.4670961140379,175.08573170713504,8
,,,,,,4244.894266372117,2391.6154570970984,2079.4104765037127,1572.3814260391923,8
,,,,,,1202.3524771738248,724.2204491030112,759.6057662957347,637.1509994946163,8
,,,,,,2971.6407952047216,1633.7939163747444,1291.4871118491421,911.0935034262498,8
,,,,,,4244.894266372117,2391.6154570970984,2079.4104765037127,1572.3814260391923,8
,,,,,,1202.230167749165,714.9779918172893,600.0003440992263,476.1582065517113,8
,,,,,,815.0503555933643,429.60104763533997,396.9441311079626,293.4309594992904,8
,,,,,,1697.108020035815,947.9573223768501,783.6255532114446,572.5463927721349,8
,,,,,,530.5057229937775,299.079095267619,298.8404480850772,230.24586721605456,8
,,,,,,2.2031491114339024,2.4923586272032634,2.7918872108901915,3.1755853287100524,8
,,,,,,2.745649550268826,3.3842277791587465,3.6599726471004312,4.257642465610285,8
,,,,,,2.4273814258726834,2.681101672039427,3.214047760923501,3.596707472277008,8
,,,,,,2.2031491114339024,2.4923586272032634,2.7918872108901915,3.1755853287100524,8
,,,,,,10.419486385019749,10.9051424742146,12.789833712548553,14.484772930196115,8
,,,,,,5.210754610683228,6.194964340993601,7.300617424721387,8.433773491905958,8
,,,,,,3.9944402300821436,4.681780582119542,5.238630517344292,6.042358372422905,8
,,,,,,2.405974210750116,2.872882575498828,3.2451530556347903,3.683106813672934,8
,,,,,,4.655282313819589,5.502885043369587,6.017470762992087,6.813237853711092,8
,,,,,,2.2031491114339024,2.4923586272032634,2.7918872108901915,3.1755853287100524,8
,,,,,,2.3130464411521374,2.649677606410105,2.9730935690587392,3.3722852837529653,8
,,,,,,4.655282313819589,5.502885043369587,6.017470762992087,6.813237853711092,8
,,,,,,2.2031491114339024,2.4923586272032634,2.7918872108901915,3.1755853287100524,8
,,,,,,3.470900624132304,4.324336060970262,4.655704443980416,5.322459885087463,8
,,,,,,2.636206213808334,2.8907148893895966,3.400230883741253,3.6396217181909716,8
,,,,,,2.2031491114339024,2.4923586272032634,2.7918872108901915,3.1755853287100524,8
,,,,,,3.9628349627800667,3.89478349078993,4.3689476752291245,4.792201018387062,8
,,,,,,4.0275390136504825,5.110075023802141,5.428490279771284,6.086524848630271,8
,,,,,,2.915669275665348,3.39672030682313,4.088715455153729,4.587027373442756,8
,,,,,,4.731040617326031,6.034901218633439,6.35116560867061,7.332663541735866,8
,,,,,,100.0,100.0,100.0,100.0,8
,,,,,,42.59949802260426,42.17889912167209,42.60618465505932,40.661062064840394,8
,,,,,,57.40050197739571,57.82110087832793,57.39381534494067,59.33893793515962,8
,,,,,,100.0,100.0,100.0,100.0,8
,,,,,,2.7665085064036496,3.4920116304108775,3.271468004704,3.159865303580721,8
,,,,,,9.845088945352245,9.665189198521643,9.754694838877558,11.170697627470835,8
,,,,,,21.061713960763203,21.206044439468954,20.918078127152796,19.053130409715312,8
,,,,,,55.2196788058555,54.84640325411023,54.443472814374715,55.481239250800726,8
,,,,,,11.107009781625342,10.790351477488318,11.612286214890908,11.135067408432436,8
,,,,,,100.0,100.0,100.0,100.0,8
,,,,,,88.8929902183746,89.20964852251169,88.38771378510907,88.86493259156755,8
,,,,,,11.107009781625342,10.790351477488318,11.612286214890908,11.135067408432436,8
,,,,,,100.0,100.0,100.0,100.0,8
,,,,,,28.3246743434533,30.281642768024973,36.5298614621257,40.521402055708045,8
,,,,,,70.00506040270395,68.3134034581719,62.108329569476275,57.94354272686127,8
,,,,,,100.0,100.0,100.0,100.0,8
,,,,,,28.321793013154263,29.8951902863647,28.854348426100902,30.28261455308257,8
,,,,,,19.200722195842634,17.962797754986173,19.08926282680745,18.661563577384605,8
,,,,,,39.97998332915462,39.636694919486125,37.68498630097416,36.412691175980925,8
,,,,,,12.49750146184846,12.50531703916298,14.371402446117465,14.643130693551932,8
,,,,,,0.0,0.0,0.0,0.0,8
,,,,,,1.531052060209552,1.9505045646740857,2.2748104802208244,2.6911778688795676,8
,,,,,,1.136262697442705,1.4228393098718233,1.6887010349991713,1.8440867693589036,8
,,,,,,0.0,0.0,0.0,0.0,8
,,,,,,9.858400803384145,10.250423485779802,12.237713079969465,14.033361170834354,8
,,,,,,4.44119196684967,5.448538064212834,6.451752916480228,7.187536475093326,8
,,,,,,3.15783998039224,3.793701885933507,4.256279130167043,5.158126597641695,8
,,,,,,1.3479534489264822,1.6764528038103361,1.8939486096144615,2.1085257076400494,8
,,,,,,4.298934103699719,5.238220664323617,5.669545193983149,6.436154336904197,8
,,,,,,0.0,0.0,0.0,0.0,8
,,,,,,0.537143626545322,0.6335888888793348,0.744858970567504,0.8064712401447716,8
,,,,,,4.298934103699719,5.238220664323617,5.669545193983149,6.436154336904197,8
,,,,,,0.0,0.0,0.0,0.0,8
,,,,,,2.9628241604538896,3.4574163167428043,3.577220044486735,3.640217105498623,8
,,,,,,1.2172168868190085,1.5404044999238675,2.1036071003617383,2.533714044185562,8
,,,,,,0.0,0.0,0.0,0.0,8
,,,,,,2.9283293107149193,2.959750858281663,3.5637589285122666,3.7629983733818615,8
,,,,,,3.3928483481298275,4.360473110744755,4.568503068027847,5.039272747682853,8
,,,,,,2.0637360814772756,2.40658301069795,2.798719155958205,3.240848939320784,8
,,,,,,4.528366024397315,5.520703154087381,5.800158873267669,6.645493987618302,8
,,,,,,1.835461075613297,1.0216502819135396,0.8462043381314204,0.6321914978221584,8
,,,,,,1.5706880336832545,0.8702494554150229,0.717181386215594,0.5075564454715275,8
,,,,,,2.0887163190524,1.1664605821933223,0.9696071570965846,0.7513938071092178,8
,,,,,,1.835461075613297,1.0216502819135396,0.8462043381314204,0.6321914978221584,8
,,,,,,0.3201014643737563,0.22383275030062927,0.15280538775640395,0.10077104816920363,8
,,,,,,1.244991170030803,0.7087653651190675,0.5580314153360489,0.49043946411243877,8
,,,,,,2.4305724217673115,1.3520181316681372,1.099923133241188,0.7605773153992929,8
,,,,,,2.454824432720725,1.3548140233353905,1.1303117158566633,0.8636725002929037,8
,,,,,,1.442518789908709,0.7764146610194921,0.7026213346577841,0.4769927198996998,8
,,,,,,1.835461075613297,1.0216502819135396,0.8462043381314204,0.6321914978221584,8
,,,,,,1.9005944822122047,1.0624168080142287,0.8701402274510543,0.6581409757102196,8
,,,,,,1.442518789908709,0.7764146610194921,0.7026213346577841,0.4769927198996998,8
,,,,,,1.835461075613297,1.0216502819135396,0.8462043381314204,0.6321914978221584,8
,,,,,,1.145683502570016,0.6792582532388078,0.7129460462725273,0.5649565835073213,8
,,,,,,2.3750040437911397,1.289419135363172,0.9468382963848408,0.6816946540441509,8
,,,,,,1.835461075613297,1.0216502819135396,0.8462043381314204,0.6321914978221584,8
,,,,,,1.2745518338574127,0.7240072294508906,0.5893195340801838,0.4475762137458254,8
,,,,,,2.1397307721299885,1.1640591201949892,0.9891585680024055,0.7646061310836076,8
,,,,,,2.4918926087349824,1.3857970690462904,1.084894424616655,0.7896738059138577,8
,,,,,,1.7192255007567527,0.9600668034024304,0.9428979007986166,0.6985778617110694,8
,,,,,,2.310804029828822,2.646055334160027,3.0308293370434103,3.380745246774148,8
,,,,,,2.8846021492996687,3.6090310636411327,3.9825416184100395,4.412261806702467,8
,,,,,,2.53042650171046,2.8195968743717974,3.474986320056592,3.890761425522863,8
,,,,,,2.310804029828822,2.646055334160027,3.0308293370434103,3.380745246774148,8
,,,,,,11.751380050883556,12.495287186861589,15.925192854054169,16.148312136394818,8
,,,,,,5.563166397385583,6.458857055479002,7.954905312504705,8.843307013170303,8
,,,,,,4.08191569974423,4.951841054179989,5.595341344864654,6.547191509850903,8
,,,,,,2.5046135329453834,3.0051035712419476,3.5246112027006977,3.930306726175296,8
,,,,,,4.922411681201401,5.845384428541936,6.3603800442035,7.536090793665252,8
,,,,,,2.310804029828822,2.646055334160027,3.0308293370434103,3.380745246774148,8
,,,,,,2.4158747662311075,2.8121293721258596,3.2411394299871894,3.5800165244003312,8
,,,,,,4.922411681201401,5.845384428541936,6.3603800442035,7.536090793665252,8
,,,,,,2.310804029828822,2.646055334160027,3.0308293370434103,3.380745246774148,8
,,,,,,3.7021157586397546,4.539688740418025,5.112764275268917,5.519095985271617,8
,,,,,,2.72217560145617,3.0513877569307972,3.6264970670242542,3.954442359839442,8
,,,,,,2.310804029828822,2.646055334160027,3.0308293370434103,3.380745246774148,8
,,,,,,4.154663753176577,4.185349888462844,4.70801039710719,4.9522687375088985,8
,,,,,,4.073101329446176,5.354959289063217,5.850691569731572,6.513572074588282,8
,,,,,,2.962985839773021,3.551172759823382,4.40759123712605,4.992401323535816,8
,,,,,,4.907433817152312,6.117722714845092,6.907227520432617,7.826316667601516,8
,,,,,,0.4916675571736917,0.33333323666443904,0.3152642113821042,0.24511222285277262,8
,,,,,,0.45527807541418985,0.3237438918440957,0.29441970058022554,0.21682295966286635,8
,,,,,,0.5264740729520643,0.3425051542492739,0.33520075255332016,0.27216837950106054,8
,,,,,,0.4916675571736917,0.33333323666443904,0.3152642113821042,0.24511222285277262,8
,,,,,,0.10593434974343904,0.144687320001849,0.10734713488936762,0.0941399270901978,8
,,,,,,0.3004171855159792,0.1945328217046383,0.23109298483721186,0.2030812053363816,8
,,,,,,0.6263388891798042,0.4361729413150881,0.37872376764050925,0.28128188554927686,8
,,,,,,0.6711086985785527,0.4362827972839695,0.41445798313871524,0.30515892556984936,8
,,,,,,0.3893120405369078,0.2430899071086188,0.24376353209011606,0.21960468902581043,8
,,,,,,0.4916675571736917,0.33333323666443904,0.3152642113821042,0.24511222285277262,8
,,,,,,0.5086338235320977,0.3483347565755281,0.32718367471974014,0.24937712231836268,8
,,,,,,0.3893120405369078,0.2430899071086188,0.24376353209011606,0.21960468902581043,8
,,,,,,0.4916675571736917,0.33333323666443904,0.3152642113821042,0.24511222285277262,8
,,,,,,0.31773504309561557,0.25228221301359055,0.26550859808893024,0.24002072139798103,8
,,,,,,0.6281746975643203,0.3966660571878673,0.3562894026906349,0.24831846677289562,8
,,,,,,0.4916675571736917,0.33333323666443904,0.3152642113821042,0.24511222285277262,8
,,,,,,0.299614346802609,0.2403360979646495,0.21164447561865662,0.18444024773094683,8
,,,,,,0.5860623390444494,0.3398497065208958,0.399381680682304,0.2485197698531206,8
,,,,,,0.6763937427119053,0.4486043417491616,0.4088244814445232,0.31602718659249723,8
,,,,,,0.5546120354965992,0.35744700906795146,0.32828192030498665,0.2722339578147553,8
,,,,,,3.9940481493785858,4.687913883120695,5.126797515329186,5.760141317721876,8
,,,,,,5.105323469529875,6.1286535333067755,6.429298303027024,8.012812295078085,8
,,,,,,4.736604918981966,5.115410187863412,6.174615312348779,6.199134326252923,8
,,,,,,3.9940481493785858,4.687913883120695,5.126797515329186,5.760141317721876,8
,,,,,,19.913482730756073,15.506828854039354,17.78230130082811,21.0450730517512,8
,,,,,,10.6399114731531,12.42410604636658,12.889764509926433,14.414462673718278,8
,,,,,,7.73546499621106,9.092891667172703,9.515568735261724,10.490759980916376,8
,,,,,,4.664797886072881,5.384679984454865,6.113305694297008,6.462297748262821,8
,,,,,,9.974914413987177,10.20991185026537,11.222602267063571,11.04338966441853,8
,,,,,,3.9940481493785858,4.687913883120695,5.126797515329186,5.760141317721876,8
,,,,,,4.144485897083201,4.9463692331034315,5.36043419123078,6.084164035987978,8
,,,,,,9.974914413987177,10.20991185026537,11.222602267063571,11.04338966441853,8
,,,,,,3.9940481493785858,4.687913883120695,5.126797515329186,5.760141317721876,8
,,,,,,6.591726196185569,7.890657438798534,8.996263930617769,9.482023618929917,8
,,,,,,4.618686561141959,5.499366163550535,5.891541583547804,6.496684099398315,8
,,,,,,3.9940481493785858,4.687913883120695,5.126797515329186,5.760141317721876,8
,,,,,,7.108403100854275,7.459998936759934,7.68577803778795,9.051529841000942,8
,,,,,,8.384120728450867,10.033628005167811,9.8767779017464,10.629683876971642,8
,,,,,,5.586987514312196,6.412031321703739,7.97916045204628,8.052355910125295,8
,,,,,,8.510271744037205,10.140567125405115,10.957306666451476,12.47745135579994,8
,,,,,,0.47015143234151124,0.2748111879755174,0.2555799592430877,0.19387242358128529,8
,,,,,,0.46095361137947616,0.2681208738879425,0.2317214023719042,0.17566591089160288,8
,,,,,,0.4789491421456127,0.28121027055910797,0.2783992571325476,0.21128532882538004,8
,,,,,,0.47015143234151124,0.2748111879755174,0.2555799592430877,0.19387242358128529,8
,,,,,,0.12581283051164374,0.10601987160656402,0.07127149565244331,0.04843769825167397,8
,,,,,,0.2886744703391912,0.17097985690917658,0.1735934943426968,0.1519174316390643,8
,,,,,,0.5426485776486373,0.3337656588292735,0.29651598254229034,0.25834993593228917,8
,,,,,,0.672681443375383,0.37913652092562,0.3434317027851167,0.2454806438520438,8
,,,,,,0.32121142216718973,0.17556173677904635,0.21718285445161764,0.15537348719506802,8
,,,,,,0.47015143234151124,0.2748111879755174,0.2555799592430877,0.19387242358128529,8
,,,,,,0.4948394605697141,0.29130983253591775,0.26198091777054855,0.2003095058305229,8
,,,,,,0.32121142216718973,0.17556173677904635,0.21718285445161764,0.15537348719506802,8
,,,,,,0.47015143234151124,0.2748111879755174,0.2555799592430877,0.19387242358128529,8
,,,,,,0.2780738602964198,0.18488380339087973,0.22428405165056,0.17471991845080034,8
,,,,,,0.6164284904327016,0.3456006529326493,0.28072845030257143,0.2066414725275423,8
,,,,,,0.47015143234151124,0.2748111879755174,0.2555799592430877,0.19387242358128529,8
,,,,,,0.298679154666162,0.2049976644149619,0.1604553538439776,0.1406471111185056,8
,,,,,,0.5252966328267761,0.2948309250209024,0.3357117720946357,0.18660717016178843,8
,,,,,,0.6429602561959745,0.35372114258696047,0.34277293084394234,0.2559080148201118,8
,,,,,,0.5441447134161724,0.29166616736106254,0.26103504061718863,0.23043165131336002,8
,,,,,,4.213615576664918,4.998864932046733,5.55403015287047,6.030763072245516,8
,,,,,,5.188660251856455,6.613810388260897,7.280520437539143,7.554860900585729,8
,,,,,,4.938536440202826,5.4278465967482274,6.497522506207526,6.8141118209728475,8
,,,,,,4.213615576664918,4.998864932046733,5.55403015287047,6.030763072245516,8
,,,,,,19.52034541098114,17.817286084598994,22.360751935831853,21.3168021998725,8
,,,,,,10.910315257107934,12.750347356348824,14.818985063741296,14.119505884312497,8
,,,,,,7.694618483430007,10.436420655497237,10.497179509412954,10.892884162392933,8
,,,,,,4.575338169693741,5.45168185146269,6.4759548084953655,6.842241959502042,8
,,,,,,10.58542030335851,11.201450443595808,12.299737607391485,12.853346763394052,8
,,,,,,4.213615576664918,4.998864932046733,5.55403015287047,6.030763072245516,8
,,,,,,4.3385983334170835,5.3170798295654125,5.872959712441044,6.241044829291507,8
,,,,,,10.58542030335851,11.201450443595808,12.299737607391485,12.853346763394052,8
,,,,,,4.213615576664918,4.998864932046733,5.55403015287047,6.030763072245516,8
,,,,,,7.247889613421749,8.475940220127944,9.26234503212436,10.205975004541855,8
,,,,,,4.70989044568682,5.773126602693776,6.445139976820251,6.984164478192733,8
,,,,,,4.213615576664918,4.998864932046733,5.55403015287047,6.030763072245516,8
,,,,,,7.574275134753368,7.651095987114445,8.017480099616375,9.209774062891492,8
,,,,,,8.030339802333394,11.182257373633654,10.349743338066993,11.5368743144105,8
,,,,,,5.515020610230174,6.879643468071215,8.479598176616145,8.615906016931337,8
,,,,,,9.028680623791141,10.763835000027107,12.533700418809621,13.392911291923873,8
,,,,,,2.0130442094688368,1.1334641297258365,0.9848891589204586,0.7442800961295175,8
,,,,,,1.7540938351538038,0.9779236185180029,0.8583583037221711,0.6190570941302929,8
,,,,,,2.260730075098343,1.2822339129205007,1.1059084348375703,0.8640447268063873,8
,,,,,,2.0130442094688368,1.1334641297258365,0.9848891589204586,0.7442800961295175,8
,,,,,,0.40130584341347875,0.28536633974374476,0.23242530989284202,0.16975206228928877,8
,,,,,,1.3681258414788073,0.757779752907345,0.6657753774182403,0.5771947372611196,8
,,,,,,2.620783835160793,1.4871184844633214,1.2758116799623767,0.8790518966792584,8
,,,,,,2.695431983703131,1.5068441413385731,1.2992523822919402,1.0002281655630008,8
,,,,,,1.5724756191682177,0.8580428181034776,0.8004225484797741,0.5785418608887479,8
,,,,,,2.0130442094688368,1.1334641297258365,0.9848891589204586,0.7442800961295175,8
,,,,,,2.086072066664971,1.1792485473728544,1.0156405171164646,0.7719917877301782,8
,,,,,,1.5724756191682177,0.8580428181034776,0.8004225484797741,0.5785418608887479,8
,,,,,,2.0130442094688368,1.1334641297258365,0.9848891589204586,0.7442800961295175,8
,,,,,,1.2933177228363126,0.7803906689059423,0.8181883024820301,0.6832774500917146,8
,,,,,,2.5734167583862697,1.4090447706447533,1.1135092360576238,0.786924208539941,8
,,,,,,2.0130442094688368,1.1334641297258365,0.9848891589204586,0.7442800961295175,8
,,,,,,1.3934406937778252,0.8208783428926334,0.6873338073072792,0.5448578504329696,8
,,,,,,2.4005669594613677,1.2701729226104355,1.1825635057927837,0.8747644564252705,8
,,,,,,2.69821216046956,1.5140508945027422,1.2506174533446446,0.9157388626918824,8
,,,,,,1.9123060005983594,1.0888080405116465,1.0822832249911638,0.8281064510546365,8
,,,,,,2.203149111433901,2.4923586272032594,2.791887210890194,3.1755853287100537,8
,,,,,,2.7456495502688223,3.384227779158744,3.659972647100434,4.257642465610282,8
,,,,,,2.4273814258726882,2.6811016720394245,3.214047760923502,3.5967074722770094,8
,,,,,,2.203149111433901,2.4923586272032594,2.791887210890194,3.1755853287100537,8
,,,,,,10.419486385019763,10.9051424742146,12.789833712548557,14.484772930196119,8
,,,,,,5.2107546106832245,6.194964340993598,7.300617424721392,8.433773491905956,8
,,,,,,3.9944402300821427,4.681780582119543,5.238630517344296,6.04235837242291,8
,,,,,,2.4059742107501174,2.872882575498829,3.2451530556347885,3.683106813672929,8
,,,,,,4.655282313819593,5.502885043369591,6.017470762992094,6.813237853711088,8
,,,,,,2.203149111433901,2.4923586272032594,2.791887210890194,3.1755853287100537,8
,,,,,,2.313046441152139,2.6496776064101026,2.9730935690587392,3.3722852837529675,8
,,,,,,4.655282313819593,5.502885043369591,6.017470762992094,6.813237853711088,8
,,,,,,2.203149111433901,2.4923586272032594,2.791887210890194,3.1755853287100537,8
,,,,,,3.4858439064268,4.321357946600755,4.645363477301563,5.306547797557041,8
,,,,,,2.6166766319598156,2.8808270960124225,3.379374149576733,3.6359431990213493,8
,,,,,,2.203149111433901,2.4923586272032594,2.791887210890194,3.1755853287100537,8
,,,,,,3.927110754363202,3.8694519846175455,4.335466237396849,4.773705615350156,8
,,,,,,3.9698107476813944,5.045157640071074,5.385970624186963,6.062231604862399,8
,,,,,,2.8955839897931783,3.3928728503735477,4.084875325175915,4.592614600077754,8
,,,,,,4.695768390195962,6.020079160458344,6.316053026540697,7.284996232975528,8
,,,,,,24012.308054568697,15506.473518271681,13793.338769285525,12135.650021518044,8
,,,,,,3768.1372352974104,2979.1983505694625,3141.04714331993,2832.9440736045394,8
,,,,,,20235.517723922512,12523.447107812754,10646.358866300314,9298.094656118157,8
,,,,,,10406.81512875569,6685.178014680552,5888.35277242285,5198.160462263026,8
,,,,,,1670.8734760564407,1305.8071719676793,1330.313885526546,1196.5252359908195,8
,,,,,,8734.262811563847,5378.693037715172,4553.561679433643,3999.161706646302,8
,,,,,,13605.49292581299,8821.295503591125,7904.985996862676,6937.48955925501,8
,,,,,,2097.2637592409696,1673.391178601783,1810.7332577933844,1636.4188376137217,8
,,,,,,11501.254912358676,7144.754070097575,6092.7971868666755,5298.932949471856,8
,,,,,,24012.308054568697,15506.473518271681,13793.338769285525,12135.650021518044,8
,,,,,,3768.1372352974104,2979.1983505694625,3141.04714331993,2832.9440736045394,8
,,,,,,20235.517723922512,12523.447107812754,10646.358866300314,9298.094656118157,8
,,,,,,9674.587942436572,6311.659556178074,5815.691615308965,5275.086898564105,8
,,,,,,1353.7092258321002,1120.6669898827588,1305.7318241729408,1233.294408329296,8
,,,,,,8317.36123173865,5190.6673936030675,4509.696429180537,4040.421707055354,8
,,,,,,13980.966363750738,8996.996718778093,7805.100661648494,6716.392785677183,8
,,,,,,2358.862278946422,1832.5683777186207,1801.1212863408036,1577.366270537215,8
,,,,,,11616.968474321386,7160.999118569655,5998.309977597898,5135.7860065240975,8
,,,,,,24012.308054568697,15506.473518271681,13793.338769285525,12135.650021518044,8
,,,,,,3768.1372352974104,2979.1983505694625,3141.04714331993,2832.9440736045394,8
,,,,,,20235.517723922512,12523.447107812754,10646.358866300314,9298.094656118157,8
,,,,,,20450.891010743915,13055.047427166664,11537.999394532006,10166.817021914234,8
,,,,,,3223.554442973148,2513.7976440320544,2674.299143078291,2422.9321184084097,8
,,,,,,17220.802207599823,10537.7468959374,8859.803875510443,7739.570516333771,8
,,,,,,3561.417043824768,2451.426091105014,2255.339374753519,1968.8329996038046,8
,,,,,,544.5827923242613,465.4007065374095,466.7480002416394,410.0119551961314,8
,,,,,,3014.715516322702,1985.7002118753542,1786.554990789875,1558.5241397843831,8
,,,,,,0.9718026143192522,1.093221875666173,1.198469797626261,1.26153175371041,8
,,,,,,2.0342579671050967,2.0569797674157844,2.316887015967123,2.394325260365949,8
,,,,,,1.056299802101902,1.2414147774292081,1.3496519860776435,1.4425901923567837,8
,,,,,,1.2225430631862129,1.4309412068462508,1.486408036501562,1.6064409135024134,8
,,,,,,2.7972001912757793,2.8383654349622716,2.9130017227292773,3.2414472240868624,8
,,,,,,1.3265825923766683,1.6424126303059565,1.6938897172395877,1.8412189338776714,8
,,,,,,1.0645023920295928,1.1869782359465015,1.3340157354345101,1.4219943123091847,8
,,,,,,2.4282367424130222,2.427076239757856,2.7100455393853142,2.7520994739100737,8
,,,,,,1.1592784156198868,1.342806746164574,1.5062500735271538,1.6069424213878685,8
,,,,,,0.9718026143192522,1.093221875666173,1.198469797626261,1.26153175371041,8
,,,,,,2.0342579671050967,2.0569797674157844,2.316887015967123,2.394325260365949,8
,,,,,,1.056299802101902,1.2414147774292081,1.3496519860776435,1.4425901923567837,8
,,,,,,1.4377812445311464,1.7063659762592265,1.7737372788993173,1.866117863284225,8
,,,,,,3.2711014123462676,3.1874907356920437,3.469843320532699,3.6789286518977926,8
,,,,,,1.5438351156123773,1.9040863825742573,1.967139817628422,2.0990065208266415,8
,,,,,,1.237369117879694,1.337328042184955,1.4524931842273696,1.601514624347551,8
,,,,,,2.423093439016223,2.5582508425865758,2.726689378616264,3.0107392240618123,8
,,,,,,1.3446599495516847,1.5131921379315982,1.655973392834018,1.8217992981686075,8
,,,,,,0.9718026143192522,1.093221875666173,1.198469797626261,1.26153175371041,8
,,,,,,2.0342579671050967,2.0569797674157844,2.316887015967123,2.394325260365949,8
,,,,,,1.056299802101902,1.2414147774292081,1.3496519860776435,1.4425901923567837,8
,,,,,,1.0468088541839005,1.1739492522267427,1.2977640162010613,1.3743067726030231,8
,,,,,,2.2042401756922425,2.2403235069634504,2.503392155675766,2.633828099825002,8
,,,,,,1.1403310315371928,1.33811442975865,1.46505220429027,1.5758886891736121,8
,,,,,,1.6549442966397678,1.969083486312085,2.075136345249918,2.1894639288858277,8
,,,,,,4.329079063685212,4.331254058784552,4.439991923121928,4.729396507307268,8
,,,,,,1.80898935513826,2.1906890084228,2.3195464788363602,2.5064593286043713,8
,,,,,,100.0,100.0,100.0,100.0,8
,,,,,,15.698181138243916,19.217354602911495,22.78200222092718,23.352856558469668,8
,,,,,,84.30181886175617,80.78264539708846,77.21799777907282,76.64714344153045,8
,,,,,,100.0,100.0,100.0,100.0,8
,,,,,,16.05816041106923,19.534851238034932,22.60948367856157,23.029201897670763,8
,,,,,,83.94183958893076,80.46514876196503,77.3905163214385,76.97079810232927,8
,,,,,,100.0,100.0,100.0,100.0,8
,,,,,,15.422736916345764,18.976679691782145,22.910435665074065,23.595325628051366,8
,,,,,,84.57726308365432,81.02332030821779,77.08956433492598,76.40467437194866,8
,,,,,,100.0,100.0,100.0,100.0,8
,,,,,,15.698181138243916,19.217354602911495,22.78200222092718,23.352856558469668,8
,,,,,,84.30181886175617,80.78264539708846,77.21799777907282,76.64714344153045,8
,,,,,,100.0,100.0,100.0,100.0,8
,,,,,,13.997511772570967,17.756419194252878,22.452891984695864,23.385680634789757,8
,,,,,,86.00248822742905,82.24358080574706,77.54710801530423,76.61431936521022,8
,,,,,,100.0,100.0,100.0,100.0,8
,,,,,,16.878154297875135,20.376434362392175,23.092982364860802,23.496655601378794,8
,,,,,,83.12184570212493,79.62356563760777,76.90701763513921,76.50334439862124,8
,,,,,,100.0,100.0,100.0,100.0,8
,,,,,,15.698181138243916,19.217354602911495,22.78200222092718,23.352856558469668,8
,,,,,,84.30181886175617,80.78264539708846,77.21799777907282,76.64714344153045,8
,,,,,,100.0,100.0,100.0,100.0,8
,,,,,,15.737481840924932,19.288181681936543,24.70626920910237,21.907583920960416,8
,,,,,,84.26251815907504,80.71181831806346,75.29373079089765,78.0924160790396,8
,,,,,,100.0,100.0,100.0,100.0,8
,,,,,,11.954948956644186,17.35983979202718,18.53987521382483,19.054516538646755,8
,,,,,,88.0450510433558,82.64016020797278,81.46012478617516,80.9454834613532,8
,,,,,,0.0,0.0,0.0,0.0,8
,,,,,,1.860847303587027,1.9043074634449941,2.0103334084749602,2.098559541984229,8
,,,,,,0.3465158692510014,0.45301502096281127,0.5931184632333597,0.639389255266249,8
,,,,,,0.0,0.0,0.0,0.0,8
,,,,,,2.5446428913699752,2.643416328414383,2.569038467218687,2.859918087042479,8
,,,,,,0.486792807241438,0.641752926953843,0.750539420785429,0.855670366698569,8
,,,,,,0.0,0.0,0.0,0.0,8
,,,,,,2.2356089713056604,2.234694948175898,2.3572097033209016,2.371654281728598,8
,,,,,,0.4076652253238157,0.5233936362896322,0.700544901543238,0.7324153334143884,8
,,,,,,0.0,0.0,0.0,0.0,8
,,,,,,1.860847303587027,1.9043074634449941,2.0103334084749602,2.098559541984229,8
,,,,,,0.3465158692510014,0.45301502096281127,0.5931184632333597,0.639389255266249,8
,,,,,,0.0,0.0,0.0,0.0,8
,,,,,,3.013495470236234,2.946070751337283,2.9721526389442112,3.1648204174453456,8
,,,,,,0.49046765030419087,0.6360577533732198,0.8605533316738647,0.9660267187917707,8
,,,,,,0.0,0.0,0.0,0.0,8
,,,,,,2.17652091045065,2.3114156928643705,2.390228483539371,2.616458556528732,8
,,,,,,0.4419494712711682,0.5915134517363109,0.7177173932323003,0.8035991900916725,8
,,,,,,0.0,0.0,0.0,0.0,8
,,,,,,1.860847303587027,1.9043074634449941,2.0103334084749602,2.098559541984229,8
,,,,,,0.3465158692510014,0.45301502096281127,0.5931184632333597,0.639389255266249,8
,,,,,,0.0,0.0,0.0,0.0,8
,,,,,,6.409431824677553,6.473941193363582,6.955113815327087,6.217079472246341,8
,,,,,,1.1970721876728754,1.547116104406033,2.282194181327397,1.7441026558028867,8
,,,,,,0.0,0.0,0.0,0.0,8
,,,,,,5.8779223560431655,5.662743757493357,5.945458712168164,6.176321390087121,8
,,,,,,0.7981171105575345,1.1895466340577439,1.3531536184345812,1.4539022196538172,8
,,,,,,4244.894266372117,2391.6154570970984,2079.4104765037127,1572.3814260391923,8
,,,,,,1326.8442237900035,1028.3147085717667,1064.6186606625242,862.9849086116737,8
,,,,,,2915.8486942924696,1363.2270838179334,1010.487943422173,705.6186465981368,8
,,,,,,1808.3036490648328,1008.7570710273023,885.9574673558203,639.3469875378177,8
,,,,,,609.0212038463998,438.42262544643626,457.59521868308093,362.81931733490785,8
,,,,,,1198.8869689787866,570.3344455808659,425.08321162862273,274.5906669196752,8
,,,,,,2436.590617307289,1382.8583860697975,1193.4530091478912,933.0344385013735,8
,,,,,,717.8230199436047,589.8920831253304,607.0234419794432,500.1655912767667,8
,,,,,,1716.9617253136796,792.8926382370691,585.4047317935507,431.02797967846146,8
,,,,,,4244.894266372117,2391.6154570970984,2079.4104765037127,1572.3814260391923,8
,,,,,,1326.8442237900035,1028.3147085717667,1064.6186606625242,862.9849086116737,8
,,,,,,2915.8486942924696,1363.2270838179334,1010.487943422173,705.6186465981368,8
,,,,,,1202.3524771738248,724.2204491030112,759.6057662957347,637.1509994946163,8
,,,,,,397.3238212596901,332.5155096631121,433.8555778223517,376.56080520892795,8
,,,,,,805.0286559141347,391.7049394398992,325.7501884733828,259.75592744889957,8
,,,,,,2971.6407952047216,1633.7939163747444,1291.4871118491421,911.0935034262498,8
,,,,,,905.5088801179267,687.0403850225636,613.2057572449112,479.02718180470396,8
,,,,,,2063.9305667971475,946.7535313521793,673.9774821852174,429.12271762895347,8
,,,,,,4244.894266372117,2391.6154570970984,2079.4104765037127,1572.3814260391923,8
,,,,,,1326.8442237900035,1028.3147085717667,1064.6186606625242,862.9849086116737,8
,,,,,,2915.8486942924696,1363.2270838179334,1010.487943422173,705.6186465981368,8
,,,,,,3773.413444986515,2133.551743286383,1837.9433803896732,1397.2956943320567,8
,,,,,,1174.7357711336042,911.9647154145312,939.851803868468,770.9796002322232,8
,,,,,,2596.8367789616073,1221.5133631644537,894.787743805962,622.5382232704519,8
,,,,,,471.48082138560505,258.06371381071585,241.4670961140379,175.08573170713504,8
,,,,,,152.1084526563993,116.34999315723533,124.76685679405576,92.0053083794505,8
,,,,,,319.01191533086046,141.71372065348046,115.70019961621152,83.08042332768463,8
,,,,,,2.2031491114339024,2.4923586272032634,2.7918872108901915,3.1755853287100524,8
,,,,,,3.479210311907662,3.5915408593778038,3.8930187031975696,4.323353659386515,8
,,,,,,2.6346376030362233,3.3135651700263815,3.701876988949123,4.330983043453672,8
,,,,,,2.745649550268826,3.3842277791587465,3.6599726471004312,4.257642465610285,8
,,,,,,4.793840545357641,4.905577442173336,4.969540392092334,5.9282713611789974,8
,,,,,,3.2985332500560496,4.542912365079173,5.144952477428227,6.082957136953433,8
,,,,,,2.4273814258726834,2.681101672039427,3.214047760923501,3.596707472277008,8
,,,,,,4.067440210200794,4.046215813665954,4.608673659938597,4.770803193840706,8
,,,,,,2.878342239693433,3.554623753996944,4.257827656749927,4.993601676305113,8
,,,,,,2.2031491114339024,2.4923586272032634,2.7918872108901915,3.1755853287100524,8
,,,,,,3.479210311907662,3.5915408593778038,3.8930187031975696,4.323353659386515,8
,,,,,,2.6346376030362233,3.3135651700263815,3.701876988949123,4.330983043453672,8
,,,,,,3.470900624132304,4.324336060970262,4.655704443980416,5.322459885087463,8
,,,,,,6.139453739326601,6.296962168460006,6.595756562909756,7.216155834124082,8
,,,,,,4.078402508740481,5.716870338942071,5.794130288436254,6.871058429769515,8
,,,,,,2.636206213808334,2.8907148893895966,3.400230883741253,3.6396217181909716,8
,,,,,,3.91243669311345,4.222095744838139,4.5170187287929044,4.892580613330346,8
,,,,,,3.174062795133908,3.7918622091828196,4.645832087264726,5.224364403211535,8
,,,,,,2.2031491114339024,2.4923586272032634,2.7918872108901915,3.1755853287100524,8
,,,,,,3.479210311907662,3.5915408593778038,3.8930187031975696,4.323353659386515,8
,,,,,,2.6346376030362233,3.3135651700263815,3.701876988949123,4.330983043453672,8
,,,,,,2.3130464411521374,2.649677606410105,2.9730935690587392,3.3722852837529653,8
,,,,,,3.655834361967389,3.8334810281255414,4.135984478922923,4.54125237526347,8
,,,,,,2.7674799641166787,3.5369674756830003,3.9550778593890654,4.657498737822309,8
,,,,,,4.655282313819589,5.502885043369587,6.017470762992087,6.813237853711092,8
,,,,,,8.260928707607164,8.428706768918213,8.782448886013047,9.54904926300162,8
,,,,,,5.475486747102511,7.2357654807569105,8.27148828387681,9.72194807764768,8
,,,,,,100.0,100.0,100.0,100.0,8
,,,,,,31.273633265677987,42.99798196477442,51.30428762391765,55.01612601510676,8
,,,,,,68.72636673432197,57.00201803522559,48.69571237608229,44.98387398489323,8
,,,,,,100.0,100.0,100.0,100.0,8
,,,,,,33.68651201430725,43.46166565156799,51.841667697882734,56.920871385346416,8
,,,,,,66.31348798569272,56.53833434843205,48.15833230211729,43.07912861465362,8
,,,,,,100.0,100.0,100.0,100.0,8
,,,,,,29.48199101961073,42.65971947854147,50.906499471472856,53.712311476086704,8
,,,,,,70.51800898038928,57.340280521458496,49.09350052852711,46.28768852391329,8
,,,,,,100.0,100.0,100.0,100.0,8
,,,,,,31.273633265677987,42.99798196477442,51.30428762391765,55.01612601510676,8
,,,,,,68.72636673432197,57.00201803522559,48.69571237608229,44.98387398489323,8
,,,,,,100.0,100.0,100.0,100.0,8
,,,,,,33.0455360472675,45.91357646348589,57.115887881957015,59.17820259669643,8
,,,,,,66.95446395273254,54.0864235365141,42.88411211804309,40.821797403303634,8
,,,,,,100.0,100.0,100.0,100.0,8
,,,,,,30.494269922178503,42.05183886025547,47.6393522274571,52.747589588837286,8
,,,,,,69.50573007782153,57.94816113974455,52.36064777254293,47.25241041116278,8
,,,,,,100.0,100.0,100.0,100.0,8
,,,,,,31.273633265677987,42.99798196477442,51.30428762391765,55.01612601510676,8
,,,,,,68.72636673432197,57.00201803522559,48.69571237608229,44.98387398489323,8
,,,,,,100.0,100.0,100.0,100.0,8
,,,,,,31.147107884851632,42.7454457850324,51.22814479061098,55.326138441080616,8
,,,,,,68.85289211514835,57.25455421496759,48.771855209388946,44.673861558919384,8
,,,,,,100.0,100.0,100.0,100.0,8
,,,,,,32.286537155301446,45.08576251931937,51.885218148629775,52.54871855197614,8
,,,,,,67.71346284469863,54.914237480680605,48.114781851370246,47.45128144802384,8
,,,,,,0.0,0.0,0.0,0.0,8
,,,,,,2.850682638587925,2.7229187303449787,2.511873955150203,2.6537592783753667,8
,,,,,,1.2971906945214942,2.0539625524585428,2.6464322541331216,3.245597631762183,8
,,,,,,0.0,0.0,0.0,0.0,8
,,,,,,3.8205247314199484,3.7263925972232124,3.3566330379423817,3.66446509707267,8
,,,,,,1.9407839366510686,2.8645207011034755,3.6133613067222647,4.8418933528663155,8
,,,,,,0.0,0.0,0.0,0.0,8
,,,,,,3.397119438715855,3.0761956669430464,3.0062936817865697,3.050914690393755,8
,,,,,,1.4202591115784082,2.2886118278368897,3.1173146358555592,3.5402865289490117,8
,,,,,,0.0,0.0,0.0,0.0,8
,,,,,,2.850682638587925,2.7229187303449787,2.511873955150203,2.6537592783753667,8
,,,,,,1.2971906945214942,2.0539625524585428,2.6464322541331216,3.245597631762183,8
,,,,,,0.0,0.0,0.0,0.0,8
,,,,,,4.836584494675489,4.499007693749059,3.631993521415336,3.868808574731323,8
,,,,,,2.387107861505492,3.819175317023965,4.837328430308629,5.608502128932672,8
,,,,,,0.0,0.0,0.0,0.0,8
,,,,,,3.2777043964176014,3.208797395380844,3.2234981303534673,3.311290107144448,8
,,,,,,1.438028238500048,2.3285610509772523,2.932839247970218,3.6963737947211825,8
,,,,,,0.0,0.0,0.0,0.0,8
,,,,,,2.850682638587925,2.7229187303449787,2.511873955150203,2.6537592783753667,8
,,,,,,1.2971906945214942,2.0539625524585428,2.6464322541331216,3.245597631762183,8
,,,,,,0.0,0.0,0.0,0.0,8
,,,,,,3.0038441523163746,2.933115575328197,2.678972486165252,2.7984630424607535,8
,,,,,,1.358854435990996,2.189822880039981,2.8138931730634082,3.4657436878437706,8
,,,,,,0.0,0.0,0.0,0.0,8
,,,,,,6.578342640864229,6.094949961604033,5.825311523938278,6.4691195632287615,8
,,,,,,3.136627417529795,5.004084170934541,6.281802547435989,7.1640624411703495,8
,,,,,,2819.794311027456,2312.6537831532687,2366.5559502686997,2184.149980162002,8
,,,,,,1678.986309584049,1348.5435002688334,1422.8239306255591,1285.9192786442707,8
,,,,,,888.9480743046809,638.7345850329468,633.9410728294677,663.9656973118756,8
,,,,,,671.1984627360181,646.7794814513915,577.9223471778458,525.0686938541113,8
,,,,,,1439.1751187646198,1184.7659621420773,1144.8392797358088,1105.5194195283316,8
,,,,,,941.3482141495944,694.0059823223891,793.734206429806,632.2320412527978,8
,,,,,,385.91602355327785,317.952719315202,292.75125616389056,274.7151951272286,8
,,,,,,599.477139496472,401.8447034425624,522.7151452773087,375.0520780012655,8
,,,,,,459.5216730880003,318.5638574724822,399.23919490838136,275.99556943169466,8
,,,,,,1117.7475904943421,952.1103370184971,966.8881335576698,791.363828602416,8
,,,,,,1229.1638374277109,1010.4066124643055,991.2678378771006,915.5628015805762,8
,,,,,,709.2975154714529,565.1546961849803,574.117404870888,508.74041485527465,8
,,,,,,396.57509425362224,290.3908093520631,274.2163551600093,309.9306485151767,8
,,,,,,319.4260625315772,295.9446297497004,245.50336649739958,238.0461085290023,8
,,,,,,655.7723266919177,541.8400929362281,499.5040949432831,496.83350953266046,8
,,,,,,432.543389492573,309.11375594232,341.8057875411828,266.8480593096921,8
,,,,,,169.4686131347363,140.3282361530743,115.68153886977129,105.73183106609325,8
,,,,,,282.3392831604637,178.23053757380507,236.2750471044348,171.48789633894717,8
,,,,,,218.44132538161506,148.75907246333364,183.74229869715307,121.18282232412159,8
,,,,,,532.0066564616166,437.61570634981234,423.6226513500501,355.4737929969471,8
,,,,,,1590.6304735997473,1302.2471706889617,1375.2881123915993,1268.587178581426,8
,,,,,,969.6887941125962,783.388804083854,848.7065257546698,777.178863788994,8
,,,,,,492.37298005105805,348.343775680884,359.7247176694587,354.0350487966988,8
,,,,,,351.7724002044409,350.83485170169104,332.4189806804458,287.02258532510893,8
,,,,,,783.4027920727018,642.9258692058488,645.3351847925258,608.6859099956713,8
,,,,,,508.8048246570211,384.8922263800686,451.9284188886226,365.38398194310605,8
,,,,,,216.4474104185414,177.6244831621274,177.06971729411947,168.9833640611355,8
,,,,,,317.13785633600895,223.61416586875706,286.4400981728738,203.56418166231828,8
,,,,,,241.08034770638534,169.8047850091486,215.49689621122843,154.812747107573,8
,,,,,,585.7409340327263,514.4946306686849,543.2654822076195,435.89003560546894,8
,,,,,,2819.794311027456,2312.6537831532687,2366.5559502686997,2184.149980162002,8
,,,,,,1678.986309584049,1348.5435002688334,1422.8239306255591,1285.9192786442707,8
,,,,,,888.9480743046809,638.7345850329468,633.9410728294677,663.9656973118756,8
,,,,,,671.1984627360181,646.7794814513915,577.9223471778458,525.0686938541113,8
,,,,,,1439.1751187646198,1184.7659621420773,1144.8392797358088,1105.5194195283316,8
,,,,,,941.3482141495944,694.0059823223891,793.734206429806,632.2320412527978,8
,,,,,,385.91602355327785,317.952719315202,292.75125616389056,274.7151951272286,8
,,,,,,599.477139496472,401.8447034425624,522.7151452773087,375.0520780012655,8
,,,,,,459.5216730880003,318.5638574724822,399.23919490838136,275.99556943169466,8
,,,,,,1117.7475904943421,952.1103370184971,966.8881335576698,791.363828602416,8
,,,,,,923.8070968606681,776.1533300501112,883.0427480815692,876.5858918733098,8
,,,,,,532.7404487444587,427.6551469956052,504.83509137352956,516.0162545996297,8
,,,,,,305.7717137653966,225.01051072884465,247.76117119222738,302.6977043218111,8
,,,,,,215.01720955112654,221.91480042095444,224.6084072259047,202.69081203908985,8
,,,,,,477.33716528707146,413.211565538443,448.4297426624303,458.0668359201856,8
,,,,,,432.6855419298755,345.69017517467984,426.64896536683824,349.86923198022293,8
,,,,,,188.60190375968895,162.6620184989459,145.8126920269611,137.49849724938758,8
,,,,,,264.1613155204718,196.7901794743865,294.8155033205671,221.9202437378381,8
,,,,,,203.38434339663877,152.04699492595677,223.8011959344403,162.61439103329133,8
,,,,,,415.5705622846933,370.9656418728901,444.0173613578146,359.4918376060428,8
,,,,,,1857.7925109304822,1514.761682365437,1460.4247788539406,1294.975485192282,8
,,,,,,1121.377416729854,907.5495851458188,903.2805393398393,762.0660508201588,8
,,,,,,571.4591256280384,405.55017933628784,379.44412318892194,357.50581624952866,8
,,,,,,446.674921146976,422.7541701846605,348.0832346066357,320.555348795055,8
,,,,,,942.0315733517698,761.5001068798773,684.6882364773435,641.867873847644,8
,,,,,,497.5165101134502,343.3943456653405,355.8737066724537,272.90038106220874,8
,,,,,,192.90700721515933,152.58050306236245,145.82510287201038,130.867110154664,8
,,,,,,327.28987489922434,202.84326023970047,217.80156883114745,150.01899377623837,8
,,,,,,249.3839952667742,164.705482080155,165.77352639397768,110.52375522152444,8
,,,,,,685.9173617471467,577.2228038334606,507.975594274586,427.19203479952773,8
,,,,,,2819.794311027456,2312.6537831532687,2366.5559502686997,2184.149980162002,8
,,,,,,1678.986309584049,1348.5435002688334,1422.8239306255591,1285.9192786442707,8
,,,,,,888.9480743046809,638.7345850329468,633.9410728294677,663.9656973118756,8
,,,,,,671.1984627360181,646.7794814513915,577.9223471778458,525.0686938541113,8
,,,,,,1439.1751187646198,1184.7659621420773,1144.8392797358088,1105.5194195283316,8
,,,,,,941.3482141495944,694.0059823223891,793.734206429806,632.2320412527978,8
,,,,,,385.91602355327785,317.952719315202,292.75125616389056,274.7151951272286,8
,,,,,,599.477139496472,401.8447034425624,522.7151452773087,375.0520780012655,8
,,,,,,459.5216730880003,318.5638574724822,399.23919490838136,275.99556943169466,8
,,,,,,1117.7475904943421,952.1103370184971,966.8881335576698,791.363828602416,8
,,,,,,2409.1630117041827,1976.0613445394843,2031.6150133300162,1887.1807312043582,8
,,,,,,1428.351911025973,1144.1423118956084,1227.6814426512908,1114.9979530523651,8
,,,,,,764.5505486701296,545.5632928005022,555.5458990973382,578.674140480826,8
,,,,,,564.4735347312925,548.343108148352,479.40990036138834,438.18369491999914,8
,,,,,,1230.4915618080206,1012.8710790591698,982.9913124848267,947.0871701636675,8
,,,,,,807.3303888787292,562.9302673111397,667.302958003778,514.0030532910353,8
,,,,,,328.3129352995689,252.34430472968663,239.70456524571134,226.0063601184723,8
,,,,,,518.2699873363061,332.89906828997,445.0270129591692,302.5057988428075,8
,,,,,,395.90427529185826,255.56604718047964,336.5687685172212,221.84835060144627,8
,,,,,,948.8128088318276,791.9754582207213,806.0585693592377,651.4264602358822,8
,,,,,,410.63129932327365,336.59243861378417,334.94093693868433,296.9692489576451,8
,,,,,,250.63439855807584,204.40118837322566,195.14248797426765,170.92132559190367,8
,,,,,,124.397525634551,93.17129223244483,78.39517373212946,85.29155683104932,8
,,,,,,106.72492800472588,98.43637330303963,98.51244681645753,86.88499893411216,8
,,,,,,208.68355695659875,171.89488308290692,161.8479672509819,158.43224936466385,8
,,,,,,134.01782527086533,131.07571501124963,126.43124842602778,118.22898796176266,8
,,,,,,57.60308825370886,65.60841458551512,53.04669091817927,48.708835008756424,8
,,,,,,81.20715216016617,68.94563515259249,77.68813231813931,72.54627915845809,8
,,,,,,63.617397796142015,62.99781029200264,62.6704263911601,54.147218830248406,8
,,,,,,168.93478166251546,160.13487879777597,160.82956419843165,139.93736836653343,8
,,,,,,2.305079664220693,2.3559210369881542,2.611361190123954,2.7213734796580646,8
,,,,,,2.9585294653893603,3.0538045842042894,3.13695373082103,3.4707207976967416,8
,,,,,,4.299542982859843,4.458236439135942,4.8973507407316275,5.950805996143553,8
,,,,,,4.401070178870354,4.271122362536171,5.8740406662249125,5.662529444784763,8
,,,,,,3.2208249806080747,3.23853500438108,4.006406641277418,4.0937974011142675,8
,,,,,,4.205055276662736,4.351120702911637,4.6160198177655385,5.007475128269492,8
,,,,,,6.564563529397535,6.3034560293771165,6.538460621137711,7.105747241940633,8
,,,,,,5.320958829423299,5.868348857892365,6.113108182098856,6.661359182657832,8
,,,,,,5.940617843285477,6.5196941087249325,7.0445476475035695,8.137807334617866,8
,,,,,,3.641866910310411,3.588747100587885,4.692644217185748,4.653839477269371,8
,,,,,,3.1816815307996835,3.17194247891254,3.2519370638211815,3.7658368757734193,8
,,,,,,4.206803883497403,4.162936405251948,4.207908774935256,5.024545404870947,8
,,,,,,5.57734346542774,5.903384511146669,6.161618676549519,8.049279043775114,8
,,,,,,6.250982809760838,5.543747476170916,7.1716499757201095,8.654958938284288,8
,,,,,,4.379005600983729,4.24936619095874,4.787150451828313,5.701563933160939,8
,,,,,,5.6631140383571,6.37201646710862,6.231619855344221,6.807779419289572,8
,,,,,,8.620683461962102,9.637604323738705,9.380507323035655,9.991505237220746,8
,,,,,,7.250242005957895,8.202569068135476,7.941111640175157,8.860936297167482,8
,,,,,,8.253902895829997,9.153760794336176,8.768000556160038,10.765090658054756,8
,,,,,,4.989842915440011,4.796307199168005,5.659147926900129,6.82677803143239,8
,,,,,,2.734960369580877,2.727747068502042,3.0513160178389755,3.100406637169734,8
,,,,,,3.373484242078516,3.418816929669456,3.5577456048607994,3.9939455138869087,8
,,,,,,5.33787128195173,5.576749271546447,5.8868720891426385,6.530197767136054,8
,,,,,,5.271642981191924,5.179915127961193,7.036021803073483,5.821249000399795,8
,,,,,,4.015444104322374,3.9815738519971133,4.792467896492609,4.522164605590335,8
,,,,,,5.220054180916804,5.472729076766682,5.461339131641353,5.6986972324840295,8
,,,,,,8.120721646948567,7.832230054353164,8.177536563324013,8.315513218007467,8
,,,,,,6.648143220017418,7.4438016582283915,7.1615737329952704,7.7001123044439135,8
,,,,,,6.971556166814659,8.089981000332688,8.190959814971094,9.10670212908209,8
,,,,,,4.460594437122778,4.424182941823426,5.5223356515046,4.9463979936665545,8
,,,,,,2.305079664220693,2.3559210369881542,2.611361190123954,2.7213734796580646,8
,,,,,,2.9585294653893603,3.0538045842042894,3.13695373082103,3.4707207976967416,8
,,,,,,4.299542982859843,4.458236439135942,4.8973507407316275,5.950805996143553,8
,,,,,,4.401070178870354,4.271122362536171,5.8740406662249125,5.662529444784763,8
,,,,,,3.2208249806080747,3.23853500438108,4.006406641277418,4.0937974011142675,8
,,,,,,4.205055276662736,4.351120702911637,4.6160198177655385,5.007475128269492,8
,,,,,,6.564563529397535,6.3034560293771165,6.538460621137711,7.105747241940633,8
,,,,,,5.320958829423299,5.868348857892365,6.113108182098856,6.661359182657832,8
,,,,,,5.940617843285477,6.5196941087249325,7.0445476475035695,8.137807334617866,8
,,,,,,3.641866910310411,3.588747100587885,4.692644217185748,4.653839477269371,8
,,,,,,3.859247359778524,3.7183277801068915,4.1777249617507035,4.338250385925124,8
,,,,,,5.0531323400076555,4.841966371121702,4.936278325790065,5.710444120512047,8
,,,,,,7.321799945933731,7.14644930411721,7.366824859359669,9.24220912224336,8
,,,,,,7.085701555193602,7.252072739319422,10.231800256891004,10.882810094161433,8
,,,,,,5.402895275460173,5.2153290750370305,6.508176425567684,6.751815516731195,8
,,,,,,5.837330383331853,6.2874802013235325,5.991041631694308,6.922391271795873,8
,,,,,,8.75485225698748,9.024607983178774,8.742778839908068,9.456758278144585,8
,,,,,,7.6276685867891905,8.566408791980637,7.7056103448715625,9.103325404672653,8
,,,,,,8.938559706108613,9.680802227064389,8.728529288935254,11.204034303843994,8
,,,,,,5.656118327511747,5.866965520329462,6.859392815955504,7.863675692877814,8
,,,,,,2.697878514956211,2.8068813401098605,2.9355476601063497,3.3343016582150096,8
,,,,,,3.4108182008362973,3.640730848137314,3.7416887348197077,4.056052566484856,8
,,,,,,4.935090916803966,5.422789608122063,5.860653739338135,7.792632586381458,8
,,,,,,5.289005564974417,5.064832969331186,5.840597905993248,5.861632394958568,8
,,,,,,3.776539251532021,3.8903126776466457,4.3504824168896725,5.075848779276303,8
,,,,,,5.528001067920476,6.157942953965259,6.56693139385085,6.664059357356821,8
,,,,,,9.245574272786056,8.741074619306016,9.389090062372631,9.468276344755886,8
,,,,,,6.651011772939046,8.121024107902466,8.864119363740251,8.952612038495662,8
,,,,,,7.295888294796874,8.865976013793246,10.261147508772375,10.729714729428537,8
,,,,,,4.338068171463975,4.400876529034655,5.272879851484784,5.173178590526746,8
,,,,,,2.305079664220693,2.3559210369881542,2.611361190123954,2.7213734796580646,8
,,,,,,2.9585294653893603,3.0538045842042894,3.13695373082103,3.4707207976967416,8
,,,,,,4.299542982859843,4.458236439135942,4.8973507407316275,5.950805996143553,8
,,,,,,4.401070178870354,4.271122362536171,5.8740406662249125,5.662529444784763,8
,,,,,,3.2208249806080747,3.23853500438108,4.006406641277418,4.0937974011142675,8
,,,,,,4.205055276662736,4.351120702911637,4.6160198177655385,5.007475128269492,8
,,,,,,6.564563529397535,6.3034560293771165,6.538460621137711,7.105747241940633,8
,,,,,,5.320958829423299,5.868348857892365,6.113108182098856,6.661359182657832,8
,,,,,,5.940617843285477,6.5196941087249325,7.0445476475035695,8.137807334617866,8
,,,,,,3.641866910310411,3.588747100587885,4.692644217185748,4.653839477269371,8
,,,,,,2.5045779425343393,2.5510336324503924,2.8248900394190914,3.0052351030793583,8
,,,,,,3.25455413045087,3.3058118177861076,3.4006350527826474,3.8066267460953465,8
,,,,,,4.655200989390862,4.932030349360498,5.346188004282079,6.551962630317229,8
,,,,,,4.788000993760266,4.676800768198218,6.728974821761452,6.474762337464325,8
,,,,,,3.498047489060199,3.527857612135696,4.467000983837004,4.571989388596277,8
,,,,,,4.547629337266745,4.953745377014402,5.076734557563043,5.466114722539912,8
,,,,,,7.251297539372674,7.144289599900371,7.417271472717188,7.7351252334088825,8
,,,,,,5.689201716357708,6.6526621935075445,6.655635479917123,7.374960123594203,8
,,,,,,6.579569122228665,7.514097833089449,7.647710906608278,8.991896557728976,8
,,,,,,3.9366310460426734,3.9748992518380524,5.263968046162989,5.259118251352151,8
,,,,,,5.024038390280226,5.016434746169572,4.968670918264162,5.2997830656223135,8
,,,,,,6.30963782628175,6.521565101861775,6.485379606707947,6.624666428764566,8
,,,,,,9.501725095504208,9.264220692515872,9.429434836389024,11.031334148925449,8
,,,,,,9.890093775501287,8.533477555778871,9.414862168940427,9.532385095018023,8
,,,,,,7.002480248079533,6.930088703253114,7.009243457091199,7.51377273667862,8
,,,,,,8.317465408863752,8.2635641516861,9.124033915851532,9.922870648500043,8
,,,,,,11.521492116555212,12.244718250503041,13.068292239687182,14.394556671213627,8
,,,,,,11.394422177366684,10.8854803253759,12.391892646526625,12.577376475555328,8
,,,,,,10.955719979328212,11.439772339183515,13.739852469985623,14.596737286017216,8
,,,,,,7.459202644659197,6.992553793037644,7.993512881838252,8.115681144609757,8
,,,,,,74.83257999771061,77.62671400214799,75.34289815743958,77.09823856081152,8
,,,,,,44.5574618104781,45.26531440953112,45.297757903808595,45.391622468851246,8
,,,,,,23.59118096808165,21.439813999321476,20.182475585496103,23.437303386899124,8
,,,,,,17.812473931381152,21.709849608629163,18.399034487811292,18.534382614409747,8
,,,,,,38.19327770982916,39.767945021707355,36.44769490870393,39.02369375480491,8
,,,,,,24.981792205752715,23.295057953752288,25.26973236036402,22.31713810178989,8
,,,,,,10.241559674055184,10.672425327250398,9.32018027129855,9.697162668576455,8
,,,,,,15.909111108825018,13.48835009141808,16.641429479623305,13.238951008449035,8
,,,,,,12.194929334937862,10.692938837442286,12.710385317120886,9.742358559183529,8
,,,,,,29.663133816465702,31.95860849065336,30.782350262203227,27.93432584765118,8
,,,,,,73.5641480364364,77.377934059112,74.51383080803905,76.51846981918573,8
,,,,,,42.45070172192339,43.28010354954376,43.156537048671694,42.518151690632486,8
,,,,,,23.734597498645446,22.238414337584185,20.612906333114974,25.902558441112127,8
,,,,,,19.117310024304174,22.66373137649038,18.45454438748702,19.894783776280395,8
,,,,,,39.24727611570312,41.49464825803847,37.547837422261935,41.52302806394568,8
,,,,,,25.887261704186745,23.67223603746384,25.693619472812923,22.301916523199807,8
,,,,,,10.142516208630743,10.74647460709059,8.695807818617471,8.836573428268625,8
,,,,,,16.897705733341034,13.649070199640223,17.760849501387842,14.332158752752196,8
,,,,,,13.073480937478022,11.392116359659243,13.811950750587467,10.1278952318772,8
,,,,,,31.840032419285716,33.51304202827922,31.843811897248415,29.70884209580303,8
,,,,,,75.84312972515298,77.82084591703578,75.95199936116308,77.52215688443926,8
,,,,,,46.23590093711159,46.81444566586164,46.87087521598461,47.492661776144175,8
,,,,,,23.476922150662404,20.81663750444445,19.866245683686742,21.634745375637703,8
,,,,,,16.77292131971767,20.965501443292794,18.358252340576204,17.539677418016918,8
,,,,,,37.35356550271136,38.42053653844713,35.639439548315984,37.196217496693954,8
,,,,,,24.26041180634168,23.000732363228366,24.958309952254183,22.328267894784233,8
,,,,,,10.320466820867443,10.614642017567178,9.778895733648929,10.326412784856009,8
,,,,,,15.121505577857594,13.36293442490834,15.81901127292149,12.43961368467025,8
,,,,,,11.494994210629756,10.147345532861634,11.90108456249596,9.460459849834407,8
,,,,,,27.928815889362195,30.745628233714935,30.00251306311455,26.63682582883837,8
,,,,,,74.83257999771061,77.62671400214799,75.34289815743958,77.09823856081152,8
,,,,,,44.5574618104781,45.26531440953112,45.297757903808595,45.391622468851246,8
,,,,,,23.59118096808165,21.439813999321476,20.182475585496103,23.437303386899124,8
,,,,,,17.812473931381152,21.709849608629163,18.399034487811292,18.534382614409747,8
,,,,,,38.19327770982916,39.767945021707355,36.44769490870393,39.02369375480491,8
,,,,,,24.981792205752715,23.295057953752288,25.26973236036402,22.31713810178989,8
,,,,,,10.241559674055184,10.672425327250398,9.32018027129855,9.697162668576455,8
,,,,,,15.909111108825018,13.48835009141808,16.641429479623305,13.238951008449035,8
,,,,,,12.194929334937862,10.692938837442286,12.710385317120886,9.742358559183529,8
,,,,,,29.663133816465702,31.95860849065336,30.782350262203227,27.93432584765118,8
,,,,,,68.24265353534996,69.2581593869656,67.6281861048224,71.07677501439353,8
,,,,,,39.354127059080454,38.160769511052116,38.6629997084811,41.840476297842,8
,,,,,,22.58769519557972,20.078267028493844,18.974889529797647,24.54383173048408,8
,,,,,,15.883559441575004,19.802028829649974,17.20172573477505,16.434908864434778,8
,,,,,,35.261425140518014,36.87193156119213,34.343173258143445,37.14172648692326,8
,,,,,,31.96296026304406,30.846824105245116,32.675083617348506,28.3686709043123,8
,,,,,,13.932231542838075,14.514750587590978,11.16712400873891,11.148878671691408,8
,,,,,,19.513888985878534,17.560094234146582,22.57856459210567,17.994101184523036,8
,,,,,,15.024226733154025,13.567544712088237,17.139905131453563,13.185366765230027,8
,,,,,,30.698657758592887,33.1022190554305,34.00524925086034,29.148906796150552,8
,,,,,,78.75798971020282,82.65785335940227,81.08419959995994,82.09732320136675,8
,,,,,,47.53891003889863,49.52336819625983,50.1510112722593,48.31256158156692,8
,,,,,,24.22604874936904,22.130152646263596,21.067105589530208,22.664730628972446,8
,,,,,,18.936032219162954,23.068943856324235,19.325918651142516,20.322188624325108,8
,,,,,,39.93584457048185,41.553707689089094,38.01455469266986,40.6923798129041,8
,,,,,,21.091375895656956,18.738419250300222,19.758453213078976,17.301015379849925,8
,,,,,,8.177968206830641,8.326046925043597,8.096351088508404,8.296558167818159,8
,,,,,,13.874903923827524,11.068796270086347,12.092554259554483,9.510726619325094,8
,,,,,,10.572215151880796,8.987685484631042,9.203906902392264,7.006854228211849,8
,,,,,,29.078313213500053,31.49802271236664,28.203297475130082,27.082615038676845,8
,,,,,,74.83257999771061,77.62671400214799,75.34289815743958,77.09823856081152,8
,,,,,,44.5574618104781,45.26531440953112,45.297757903808595,45.391622468851246,8
,,,,,,23.59118096808165,21.439813999321476,20.182475585496103,23.437303386899124,8
,,,,,,17.812473931381152,21.709849608629163,18.399034487811292,18.534382614409747,8
,,,,,,38.19327770982916,39.767945021707355,36.44769490870393,39.02369375480491,8
,,,,,,24.981792205752715,23.295057953752288,25.26973236036402,22.31713810178989,8
,,,,,,10.241559674055184,10.672425327250398,9.32018027129855,9.697162668576455,8
,,,,,,15.909111108825018,13.48835009141808,16.641429479623305,13.238951008449035,8
,,,,,,12.194929334937862,10.692938837442286,12.710385317120886,9.742358559183529,8
,,,,,,29.663133816465702,31.95860849065336,30.782350262203227,27.93432584765118,8
,,,,,,74.73622841878134,78.608608343269,75.96812864366007,77.88830388050732,8
,,,,,,44.309842948040234,45.51449535374847,45.906661034118635,46.018538636765115,8
,,,,,,23.71762482053726,21.702752968032662,20.7735137086373,23.883217201353077,8
,,,,,,17.510904336105057,21.813335271840984,17.926562239763363,18.084852299033276,8
,,,,,,38.17188707609093,40.29246671719193,36.75696920552201,39.08847313418733,8
,,,,,,25.044726346675667,22.393619018920578,24.95244257662474,21.21409218961845,8
,,,,,,10.184811241989125,10.038369847659418,8.963266726017645,9.327804043760528,8
,,,,,,16.07759374022845,13.242874544030911,16.640883803556644,12.485112419968216,8
,,,,,,12.28160660214284,10.166532210228327,12.585307421136477,9.156193395429309,8
,,,,,,29.433745438985657,31.505139648011486,30.14092763128257,26.88587333035953,8
,,,,,,75.40291487557161,72.32314731922915,71.76055103937945,72.42941216569854,8
,,,,,,46.02319465298869,43.91939795149315,41.80896069683016,41.68691264383807,8
,,,,,,22.84272059049581,20.01958547197771,16.79603848148116,20.80221216726466,8
,,,,,,19.597557893672604,21.150886090270074,21.106131523960844,21.19084525048795,8
,,,,,,38.319895504950566,36.93481352054839,34.6756637772828,38.640885310009324,8
,,,,,,24.609265507432166,28.164055870575584,27.087689365690547,28.835497712550175,8
,,,,,,10.57747124323573,14.09718843652882,11.365167261716508,11.87985725573692,8
,,,,,,14.911810160871372,14.814252360197171,16.64455600836416,17.693698498073108,8
,,,,,,11.681859708534882,13.53625153702657,13.427036936144367,13.206253657737072,8
,,,,,,31.02095476456527,34.40795781965666,34.457472579458056,34.13007025602308,8
,,,,,,1.1764265436079884,1.1327710627110879,1.310056299066557,1.304206887175566,8
,,,,,,2.22798826915215,2.27135490246848,2.4681196183721137,2.5944044339336085,8
,,,,,,3.6778695032072233,3.9162993390979657,4.3595227003123,4.994067413292508,8
,,,,,,4.063558316513148,3.791448932634225,5.036169281064064,5.074354980345334,8
,,,,,,2.5224685636586983,2.5055212343503612,2.9926983650602152,3.0169341116235833,8
,,,,,,3.5755701821676533,3.804969675419128,3.8743178575010804,4.453625503118435,8
,,,,,,6.162696525169128,6.012644601388372,6.2834562318149185,6.765991161453922,8
,,,,,,4.807759679946386,5.418447900364005,5.4078376054176,6.2247281736007745,8
,,,,,,5.475462489763032,6.137786302769655,6.38289996462266,7.719789720153841,8
,,,,,,3.0839504021610353,2.949347944282219,3.6006874277154197,3.907838077293312,8
,,,,,,1.6901426899061656,1.6460541244713718,1.7891082724315621,1.8072771538263512,8
,,,,,,3.261583785461893,3.210571046546333,3.30980248804099,3.807583490594784,8
,,,,,,4.916282456564687,5.148873292420694,5.598644373096683,6.527862980714473,8
,,,,,,5.6759287163246155,4.963362381838201,6.415048049506658,7.530458690026079,8
,,,,,,3.469406325610401,3.26622696333714,3.7904581614557613,4.052407359312232,8
,,,,,,4.782211912430879,5.454758995640805,5.191194960013551,6.0677209824887575,8
,,,,,,8.222884051735333,9.099578020443184,9.00084933968406,9.630311905307327,8
,,,,,,6.464388905652265,7.520641122745146,6.958748001527567,8.212252959205118,8
,,,,,,7.539698163371554,8.521411397267533,7.952020369794445,10.218852863865987,8
,,,,,,4.0438165446513405,3.892893461038749,4.525931481705085,5.534900410962209,8
,,,,,,1.3439550708074988,1.374945845104267,1.5180475986046589,1.489818058674191,8
,,,,,,2.582132664815136,2.6052750559202216,2.7991060602206748,2.91334042446321,8
,,,,,,4.47773009811214,4.915181030096887,5.222124477545991,5.688956641081708,8
,,,,,,4.82210254896697,4.633221127318396,6.043127697586743,5.3549451806126935,8
,,,,,,3.0765181362322136,3.1301853504139188,3.5629421983245937,3.545767573398036,8
,,,,,,4.432743174627063,4.737519270810495,4.6264744666578625,5.064083435618434,8
,,,,,,7.547937716257082,7.421563640392933,7.812565898447299,7.874062884311134,8
,,,,,,6.045736805704634,6.834165623118977,6.4227701519005445,7.260662434242719,8
,,,,,,6.504760474511909,7.611751558856773,7.49709011805478,8.696134362622724,8
,,,,,,3.825655258264254,3.673856196892146,4.266509845321228,4.307664756154177,8
,,,,,,1.1764265436079884,1.1327710627110879,1.310056299066557,1.304206887175566,8
,,,,,,2.22798826915215,2.27135490246848,2.4681196183721137,2.5944044339336085,8
,,,,,,3.6778695032072233,3.9162993390979657,4.3595227003123,4.994067413292508,8
,,,,,,4.063558316513148,3.791448932634225,5.036169281064064,5.074354980345334,8
,,,,,,2.5224685636586983,2.5055212343503612,2.9926983650602152,3.0169341116235833,8
,,,,,,3.5755701821676533,3.804969675419128,3.8743178575010804,4.453625503118435,8
,,,,,,6.162696525169128,6.012644601388372,6.2834562318149185,6.765991161453922,8
,,,,,,4.807759679946386,5.418447900364005,5.4078376054176,6.2247281736007745,8
,,,,,,5.475462489763032,6.137786302769655,6.38289996462266,7.719789720153841,8
,,,,,,3.0839504021610353,2.949347944282219,3.6006874277154197,3.907838077293312,8
,,,,,,2.2419167427073132,2.2900376642680285,2.3523459024779725,2.301632542952929,8
,,,,,,3.899117813198546,4.062448052424942,4.274765845284096,4.277659717037183,8
,,,,,,6.395798061334045,6.4050283255859695,6.607898636384914,7.457073683798948,8
,,,,,,6.781574766324322,6.486409224953775,8.88774247034131,9.57187514294563,8
,,,,,,4.464889399725217,4.194716871175097,4.9407010640404,4.894739941845628,8
,,,,,,4.665389391497599,5.086948776651897,4.876788140450642,5.861862777303121,8
,,,,,,8.11334673835149,8.294495210939397,8.438638377228472,9.033408227358436,8
,,,,,,6.6635541330055075,7.668577465599344,6.60737455166739,8.095313906859609,8
,,,,,,8.021487855111722,8.891968598902274,7.786902306409902,10.29669234180239,8
,,,,,,4.716914618745807,4.702085443598941,5.089902201943845,6.197253398261637,8
,,,,,,1.2854522608827863,1.1736766964146657,1.4049862897514163,1.3285802728709795,8
,,,,,,2.5457766522447525,2.589665222647616,2.6936741997584344,3.0786074716735863,8
,,,,,,4.231943308621067,4.753196357224557,5.19307006090278,6.6184336554844485,8
,,,,,,4.796524056914274,4.472395984860491,5.236108833329161,5.444440031667968,8
,,,,,,2.8992596544924063,2.9700294770417446,3.4258552983965656,3.7477602119911824,8
,,,,,,4.87017934147862,5.4836093291824,5.685238752258286,6.1282122735168,8
,,,,,,8.81365984885857,8.370883108437441,8.981238389424385,9.049444613309834,8
,,,,,,6.147795532623021,7.570828726148439,8.084598508126907,8.595830613051598,8
,,,,,,6.907187497417961,8.363815937697343,9.523945166353107,10.38165617233598,8
,,,,,,3.7068795558587624,3.6065355649827104,4.322914858110845,4.627879902588847,8
,,,,,,1.1764265436079884,1.1327710627110879,1.310056299066557,1.304206887175566,8
,,,,,,2.22798826915215,2.27135490246848,2.4681196183721137,2.5944044339336085,8
,,,,,,3.6778695032072233,3.9162993390979657,4.3595227003123,4.994067413292508,8
,,,,,,4.063558316513148,3.791448932634225,5.036169281064064,5.074354980345334,8
,,,,,,2.5224685636586983,2.5055212343503612,2.9926983650602152,3.0169341116235833,8
,,,,,,3.5755701821676533,3.804969675419128,3.8743178575010804,4.453625503118435,8
,,,,,,6.162696525169128,6.012644601388372,6.2834562318149185,6.765991161453922,8
,,,,,,4.807759679946386,5.418447900364005,5.4078376054176,6.2247281736007745,8
,,,,,,5.475462489763032,6.137786302769655,6.38289996462266,7.719789720153841,8
,,,,,,3.0839504021610353,2.949347944282219,3.6006874277154197,3.907838077293312,8
,,,,,,1.3046986535831375,1.205747253547934,1.4008414072585056,1.3928810115351309,8
,,,,,,2.429250892248434,2.4903305195577747,2.7149202348059958,2.837021346891942,8
,,,,,,4.044237339792852,4.313068525934488,4.71276305397375,5.483196166214679,8
,,,,,,4.463224040007267,4.180846063045345,5.841868731629466,5.782917074237711,8
,,,,,,2.7958122958838247,2.7313553946088405,3.355515655078451,3.3534959280481447,8
,,,,,,3.866570396535639,4.3576399811046596,4.265259935416723,4.929032239870672,8
,,,,,,6.841064187260044,6.843136099100369,7.137770177971923,7.422092484078348,8
,,,,,,5.136849705175474,6.147114494165338,5.880966683945147,6.936032793038387,8
,,,,,,6.077065432459617,7.092496711418576,6.935328211072846,8.567724444518829,8
,,,,,,3.35177170681639,3.3007461451401814,4.104897731659811,4.426469199657786,8
,,,,,,2.2930388200035816,2.753410540518756,2.9065103800022567,3.176878280972813,8
,,,,,,4.594003383070764,4.895643172006765,5.062037184761374,5.2262074467930475,8
,,,,,,8.108642353093275,8.238317181279548,8.79274441095135,9.752122516381332,8
,,,,,,8.891414794524634,7.681191529357062,8.282512633114251,8.53299411487886,8
,,,,,,5.403170193203234,5.588902608074919,5.769610757244694,5.884112350174668,8
,,,,,,7.301146556500291,6.883657582291369,7.539122005811366,8.103440813361953,8
,,,,,,11.118280864594103,11.229300649447953,12.224776765455385,13.335844155731769,8
,,,,,,10.470940626148119,10.066630844479452,11.092217848374377,11.157872556001328,8
,,,,,,10.481526643277293,10.64131238215059,12.594469199898933,13.360943847931836,8
,,,,,,6.316202000012673,5.775820560059879,6.30662086221948,6.422968881763773,8
,,,,,,1038.133114064166,845.8404752291372,805.6642129738251,681.3242696518076,8
,,,,,,604.5683837242939,477.4870664285483,447.43526588006483,390.3833121786435,8
,,,,,,384.5922855975404,264.89988339108976,252.86998079186142,225.0032079187923,8
,,,,,,275.42002256543566,271.38821914354605,238.19662352886456,200.35566047455296,8
,,,,,,589.2711421369178,480.6335624792789,451.71123209291255,382.598592731237,8
,,,,,,323.4107372443488,203.31006206353288,267.98817228492607,179.77091235718532,8
,,,,,,109.97105537288657,72.61852472585132,79.64829045741116,55.198139798514646,8
,,,,,,240.17678962187557,145.27590202856015,199.0427710455389,134.07976794521474,8
,,,,,,188.28039196919065,114.50840363533074,158.12072258617468,100.7901831977313,8
,,,,,,453.6549738776189,378.6191924735857,388.7094468037207,294.91909988702287,8
,,,,,,468.15115744483,360.37882930038256,337.9981837360902,280.3116599891244,8
,,,,,,271.75677176690186,199.98770522245997,182.2979445007947,151.55364773660827,8
,,,,,,170.40208558293736,116.13073378382198,99.24898239840182,104.81941668256974,8
,,,,,,134.0741051896524,117.5760026037623,100.82284058457815,91.1338430112606,8
,,,,,,271.7441599713187,209.0864745004052,191.27783806996445,170.23933861153702,8
,,,,,,152.37333326192382,89.78257414685747,122.64156104749381,80.13900813978096,8
,,,,,,53.312651461330354,36.56567060687732,35.38445014524073,27.222424948547395,8
,,,,,,114.02840146320506,58.47827490700647,93.42610887994842,57.751829265424384,8
,,,,,,92.16538641512017,48.14772206374403,80.70262114030626,43.40084078903872,8
,,,,,,222.79845259358683,161.5801960768277,176.47301047513824,131.42760783742938,8
,,,,,,569.9819566193362,485.46164592875436,467.6660292377344,401.01260966268313,8
,,,,,,332.8116119573915,277.49936120608794,265.13732137927025,238.82966444203515,8
,,,,,,214.19020001460285,148.76914960726788,153.62099839345964,120.1837912362227,8
,,,,,,141.34591737578322,153.8122165397836,137.3737829442863,109.22181746329248,8
,,,,,,317.52698216559867,271.5470879788736,260.4333940229481,212.35925411969987,8
,,,,,,171.0374039824251,113.52748791667555,145.34661123743214,99.63190421740451,8
,,,,,,56.65840391155624,36.05285411897396,44.26384031217043,27.975714849967233,8
,,,,,,126.14838815867043,86.79762712155363,105.61666216559034,76.32793867979042,8
,,,,,,96.11500555407052,66.36068157158665,77.41810144586842,57.389342408692606,8
,,,,,,230.8565212840321,217.03899639675805,212.23643632858247,163.49149204959318,8
,,,,,,1038.133114064166,845.8404752291372,805.6642129738251,681.3242696518076,8
,,,,,,604.5683837242939,477.4870664285483,447.43526588006483,390.3833121786435,8
,,,,,,384.5922855975404,264.89988339108976,252.86998079186142,225.0032079187923,8
,,,,,,275.42002256543566,271.38821914354605,238.19662352886456,200.35566047455296,8
,,,,,,589.2711421369178,480.6335624792789,451.71123209291255,382.598592731237,8
,,,,,,323.4107372443488,203.31006206353288,267.98817228492607,179.77091235718532,8
,,,,,,109.97105537288657,72.61852472585132,79.64829045741116,55.198139798514646,8
,,,,,,240.17678962187557,145.27590202856015,199.0427710455389,134.07976794521474,8
,,,,,,188.28039196919065,114.50840363533074,158.12072258617468,100.7901831977313,8
,,,,,,453.6549738776189,378.6191924735857,388.7094468037207,294.91909988702287,8
,,,,,,291.0922526322552,248.61163367664884,284.2418738849967,267.5657031804664,8
,,,,,,169.99277542757318,127.4280727052741,131.5468325830448,150.69131835072193,8
,,,,,,106.77925625487401,89.36045304899795,104.8897513194291,107.90010632101821,8
,,,,,,74.97035650424891,83.80637753132449,90.01702634160847,78.69440485472278,8
,,,,,,162.11089420627047,151.86436813433804,178.9603705627463,160.07032997725713,8
,,,,,,122.46886153310899,86.9743801679244,151.73228362571933,107.46948107064057,8
,,,,,,45.86897455290633,26.087067919844383,39.76496374804468,30.47003356795978,8
,,,,,,88.4102524166878,69.24475937536037,117.621496662892,83.44670168955948,8
,,,,,,68.46074271646614,55.26060343366949,89.6249739547615,62.644314048434396,8
,,,,,,142.31207874744663,138.12323702204455,175.5273031834409,135.81980264161942,8
,,,,,,728.5312089488393,589.8839272186943,510.5095877171003,407.80412197763616,8
,,,,,,420.50120266300274,347.31286351586175,308.16766356508765,235.1575413890133,8
,,,,,,270.9334637428881,170.92582633684083,144.8591460432984,116.90208717984605,8
,,,,,,197.01789146006425,186.51571613819908,145.55105064768395,120.10505006499076,8
,,,,,,417.3878268022523,323.0894648656673,267.24641475904934,220.77104278121197,8
,,,,,,196.10917993350145,114.22453309130618,109.60131591306934,70.85895418220713,8
,,,,,,63.475127178811846,45.117557253709755,39.47823380227015,24.30899809746916,8
,,,,,,147.34307180011834,75.3338934011945,75.17179454360591,49.609697284403246,8
,,,,,,115.39618384765514,58.95043421176071,62.246268792372256,37.12250017804487,8
,,,,,,303.4876551239805,239.13246398761825,204.3041172416667,156.51972271931155,8
,,,,,,1038.133114064166,845.8404752291372,805.6642129738251,681.3242696518076,8
,,,,,,604.5683837242939,477.4870664285483,447.43526588006483,390.3833121786435,8
,,,,,,384.5922855975404,264.89988339108976,252.86998079186142,225.0032079187923,8
,,,,,,275.42002256543566,271.38821914354605,238.19662352886456,200.35566047455296,8
,,,,,,589.2711421369178,480.6335624792789,451.71123209291255,382.598592731237,8
,,,,,,323.4107372443488,203.31006206353288,267.98817228492607,179.77091235718532,8
,,,,,,109.97105537288657,72.61852472585132,79.64829045741116,55.198139798514646,8
,,,,,,240.17678962187557,145.27590202856015,199.0427710455389,134.07976794521474,8
,,,,,,188.28039196919065,114.50840363533074,158.12072258617468,100.7901831977313,8
,,,,,,453.6549738776189,378.6191924735857,388.7094468037207,294.91909988702287,8
,,,,,,911.6526356608799,753.7561060528155,719.1647493006396,608.6867840886074,8
,,,,,,541.7664647590269,421.1221221187469,402.46500052104994,351.45931988705604,8
,,,,,,333.85880215929325,239.0915022477799,229.71273184998736,203.71452829727076,8
,,,,,,229.02768732736908,234.97802886128437,204.31843551311846,171.1601646571616,8
,,,,,,505.03291140411386,427.471270642343,401.08309472016055,336.96919445027083,8
,,,,,,286.83519206590245,180.15715146481125,232.5317651201541,157.7032125915349,8
,,,,,,101.6276470631733,64.77218106484449,66.72636922677125,50.88666989332425,8
,,,,,,211.0499337456555,127.82737574927681,176.25879508183968,115.5394213429276,8
,,,,,,170.13656270862947,101.04615685445091,137.49450008345502,87.44309009359094,8
,,,,,,390.0755385816159,328.74675541044417,334.20503628525495,252.85403648439146,8
,,,,,,126.48047840328631,92.08436917632129,86.49946367318516,72.63748556320013,8
,,,,,,62.801918965267035,56.364944309801196,44.970265359014896,38.92399229158736,8
,,,,,,50.733483438247134,25.80838114330992,23.157248941874094,21.288679621521613,8
,,,,,,46.392335238066494,36.41019028226172,33.87818801574612,29.195495817391436,8
,,,,,,84.23823073280373,53.16229183693581,50.62813737275222,45.62939828096617,8
,,,,,,36.57554517844639,23.152910598721718,35.45640716477187,22.067699765650552,8
,,,,,,8.343408309713256,7.8463436610068245,12.921921230639946,4.311469905190398,8
,,,,,,29.126855876220098,17.44852627928333,22.78397596369921,18.540346602287144,8
,,,,,,18.143829260561187,13.462246780879822,20.62622250271966,13.347093104140342,8
,,,,,,63.579435296002984,49.87243706314155,54.504410518465775,42.06506340263121,8
,,,,,,3.95351273018901,3.9886807044325776,4.227099511269839,4.687405343094735,8
,,,,,,5.121193149815755,5.118394641282021,5.387002248144618,6.391990373142253,8
,,,,,,6.414664091614035,7.283083398316526,7.652421905070211,9.394895339216127,8
,,,,,,7.384907924629057,7.0781555127204365,8.069923517387716,9.192191321082872,8
,,,,,,5.0851591728577965,5.333531270503628,5.908363679086762,6.4947284738194275,8
,,,,,,7.434141056699451,8.283405921801014,8.229888589443538,10.10436353376933,8
,,,,,,11.617481398287627,10.814713358704715,11.961317775259943,15.53162277794608,8
,,,,,,9.133604733544253,10.547262745059745,10.218894364429957,12.141090283033227,8
,,,,,,9.95292129898528,11.717953923983044,11.24761163013186,14.66901523161829,8
,,,,,,6.148707333471047,6.072217380532629,6.6755703577400185,7.899405666247916,8
,,,,,,5.572388506467264,5.369995412994159,5.480025545852447,6.774908766463287,8
,,,,,,7.144231873193705,7.181227996663307,7.08735204274836,9.683690696097337,8
,,,,,,9.036304541077,8.949890824242015,9.598695179015564,13.917344187040772,8
,,,,,,10.831667088077538,8.850236850596401,10.973462811239802,14.108648826837394,8
,,,,,,7.470330954821723,6.662517308379852,7.52575571206556,9.67925134812383,8
,,,,,,9.241456253360505,11.321307835699733,10.793718306850417,12.657098527641969,8
,,,,,,14.700952436666315,15.51264707240094,18.1663327177299,19.678767041246605,8
,,,,,,11.204569566465485,14.772950045310546,12.86678443161509,15.528361390490101,8
,,,,,,12.732281058440895,16.84155881250881,14.056129755033343,18.30725877507585,8
,,,,,,8.203832118991796,8.01785354897668,8.752238834015689,11.399359285447234,8
,,,,,,4.386197615147258,4.455723289258195,4.973241926656515,5.1622613095811785,8
,,,,,,5.642529437569782,5.453092926415523,6.3520224697010725,6.7437747925109885,8
,,,,,,7.344966871783319,8.989766758362146,9.505187491777905,9.733003721976436,8
,,,,,,8.537551249951626,8.35986815775406,9.468896931691246,9.69959729910017,8
,,,,,,5.792726112972975,6.3925547628323445,7.088676166358781,7.107323590554346,8
,,,,,,9.76576115487681,10.085202547881348,9.918294763209017,11.216861760535592,8
,,,,,,15.90589107879783,13.84258455029076,14.520821101917292,18.24473602261513,8
,,,,,,12.042639190478578,12.328928963075517,12.377601661738865,13.442214957834453,8
,,,,,,11.927247980539137,13.131366611951249,13.079989468347405,16.01222063359477,8
,,,,,,7.774076648748385,7.044558361954537,7.832549317628472,8.454446619511275,8
,,,,,,3.95351273018901,3.9886807044325776,4.227099511269839,4.687405343094735,8
,,,,,,5.121193149815755,5.118394641282021,5.387002248144618,6.391990373142253,8
,,,,,,6.414664091614035,7.283083398316526,7.652421905070211,9.394895339216127,8
,,,,,,7.384907924629057,7.0781555127204365,8.069923517387716,9.192191321082872,8
,,,,,,5.0851591728577965,5.333531270503628,5.908363679086762,6.4947284738194275,8
,,,,,,7.434141056699451,8.283405921801014,8.229888589443538,10.10436353376933,8
,,,,,,11.617481398287627,10.814713358704715,11.961317775259943,15.53162277794608,8
,,,,,,9.133604733544253,10.547262745059745,10.218894364429957,12.141090283033227,8
,,,,,,9.95292129898528,11.717953923983044,11.24761163013186,14.66901523161829,8
,,,,,,6.148707333471047,6.072217380532629,6.6755703577400185,7.899405666247916,8
,,,,,,7.357209817058958,7.083690175483586,7.622994356869804,8.212454373178096,8
,,,,,,9.906419907284224,9.387355256166733,9.253112167878404,10.851219601007546,8
,,,,,,12.725552821199065,12.823897722306416,13.086589506173315,16.221448974734898,8
,,,,,,12.287316534581977,12.429558264250684,14.697621060030915,18.156627313082716,8
,,,,,,9.692312972725299,9.122320204263454,10.535940420458859,11.910445318459308,8
,,,,,,10.674850084337697,13.285229867280027,10.853211515883984,14.430998110855972,8
,,,,,,19.15447867716908,17.52945105934231,18.231734708219626,21.086220844878802,8
,,,,,,12.873230334570723,15.929303362126252,12.904304807326339,17.10591277587673,8
,,,,,,15.198555321118059,18.01595772664826,14.189475748621295,21.077883921522126,8
,,,,,,9.74796751841648,10.383476266052863,10.662877162564435,14.065211258792665,8
,,,,,,4.383622801944177,4.645111458948197,4.822172389076563,5.312088431721677,8
,,,,,,5.591111032268714,5.996633377350075,6.406276370797466,7.255553599677514,8
,,,,,,7.18637994594226,8.463392199380674,8.550939114943333,9.663550861941337,8
,,,,,,8.433346882681489,8.346213539971718,8.81262498135446,9.458859759580838,8
,,,,,,5.732369706519773,6.33541245562111,6.492547682001532,6.9787429360801925,8
,,,,,,8.749360558351963,10.424752676501566,11.160217592991087,11.784682120730835,8
,,,,,,14.476814892852662,13.39571787961388,15.320502216585455,20.039594133379676,8
,,,,,,10.43603214993234,13.820940677158386,14.443107504005892,14.166179292835205,8
,,,,,,11.594069695353452,14.783914148994493,16.47512461434843,16.960482632194843,8
,,,,,,6.770001211783034,7.282219595429337,7.88071076340885,8.340804580494936,8
,,,,,,3.95351273018901,3.9886807044325776,4.227099511269839,4.687405343094735,8
,,,,,,5.121193149815755,5.118394641282021,5.387002248144618,6.391990373142253,8
,,,,,,6.414664091614035,7.283083398316526,7.652421905070211,9.394895339216127,8
,,,,,,7.384907924629057,7.0781555127204365,8.069923517387716,9.192191321082872,8
,,,,,,5.0851591728577965,5.333531270503628,5.908363679086762,6.4947284738194275,8
,,,,,,7.434141056699451,8.283405921801014,8.229888589443538,10.10436353376933,8
,,,,,,11.617481398287627,10.814713358704715,11.961317775259943,15.53162277794608,8
,,,,,,9.133604733544253,10.547262745059745,10.218894364429957,12.141090283033227,8
,,,,,,9.95292129898528,11.717953923983044,11.24761163013186,14.66901523161829,8
,,,,,,6.148707333471047,6.072217380532629,6.6755703577400185,7.899405666247916,8
,,,,,,4.209773405193174,4.240129109432805,4.501866147980944,4.991604337337704,8
,,,,,,5.483768203135887,5.377424636759146,5.650711403711128,6.733014740336,8
,,,,,,6.813662172123487,7.771242136772222,8.112984799630162,10.0282143060095,8
,,,,,,8.132165402791136,7.615840889103119,8.797917047748708,10.359042772714428,8
,,,,,,5.518403882591663,5.669510996832388,6.337162422902827,7.067605006760826,8
,,,,,,7.550780928802412,8.89888006077553,9.00982921097647,10.267839461658301,8
,,,,,,12.140196366885508,11.708630506748735,13.168857763023817,16.546401355774908,8
,,,,,,9.245442055850031,11.35335966292888,11.031734319965725,12.553852820388617,8
,,,,,,10.711359387832037,12.512801839088613,12.22651220020196,15.113855900797862,8
,,,,,,6.483918243036658,6.535568363346514,7.303162436829575,8.61326148454928,8
,,,,,,9.274890719127486,9.405361135473832,9.84484906046558,10.460408391393825,8
,,,,,,12.371658144963968,12.750283804936997,12.821696301420651,14.577250249199434,8
,,,,,,15.591795937708019,15.356458388601634,16.468510041779023,19.729121847363036,8
,,,,,,15.684587529707498,14.533851239850549,17.194020636326414,16.23998596634488,8
,,,,,,10.996857996877923,11.710584121932046,13.187678714350046,13.17903746572387,8
,,,,,,19.386336719485982,18.107377544803903,16.897715749718696,21.97249470908341,8
,,,,,,33.80246552813564,25.939363031449037,28.508271097794086,35.98010546009078,8
,,,,,,22.43784671535032,22.11237780134577,20.823194358108836,24.964624018824072,8
,,,,,,18.54447300570603,24.587163909222635,21.670831942351345,24.906470647991267,8
,,,,,,12.65627361088027,12.457131008934242,13.5000214696542,13.70430916323916,8
,,,,,,78.24076824171851,82.25502058644385,75.67631892460452,78.94973166424046,8
,,,,,,45.56438298366336,46.4339430767973,42.02774969223449,45.236400808754794,8
,,,,,,28.985488929438038,25.760584885439506,23.752164989715446,26.072670063346294,8
,,,,,,20.757525082991627,26.3915527883948,22.373891453361548,23.216589128641292,8
,,,,,,44.41147887381385,46.73992878569578,42.429392681489134,44.334331795760164,8
,,,,,,24.374431560666306,19.77119070346779,25.1722219595657,20.83129271013459,8
,,,,,,8.288166267081806,7.061896919349879,7.481391544259162,6.396188304997656,8
,,,,,,18.10135548058786,14.127572115576838,18.696156511259378,15.536745383058372,8
,,,,,,14.190090184919045,11.135540771790788,14.852334307927165,11.679252115761487,8
,,,,,,34.19052257557382,36.81938897863791,36.51161314059842,34.174305592605705,8
,,,,,,76.86943483874197,82.1989578967136,73.86401123438732,77.25929866363127,8
,,,,,,44.621890018043025,45.615279325243975,39.838253779275114,41.771107682426276,8
,,,,,,27.979663845318985,26.488307638222043,21.689252497880492,28.890252440945417,8
,,,,,,22.014685916168386,26.817959607818416,22.033193632297454,25.118244442077952,8
,,,,,,44.61981918774949,47.690621415237636,41.800663612798516,46.92124439846016,8
,,,,,,25.019380655316844,20.47854488701029,26.80132047717752,22.08785594120034,8
,,,,,,8.753825174661126,8.340279101618737,7.732696649906896,7.50302523815709,8
,,,,,,18.723223550023402,13.338334180965072,20.416758100930473,15.917517757775656,8
,,,,,,15.133362489356788,10.982034062388148,17.636246587663518,11.96210860762319,8
,,,,,,36.58303704147855,36.854894501006676,38.56530909195519,36.2239830014653,8
,,,,,,79.40424600260341,82.29668778680856,77.04249900345236,80.17596905037453,8
,,,,,,46.36402047729522,47.042394557298955,43.67826726998943,47.750118882104125,8
,,,,,,29.83885917052795,25.21972304138549,25.307259616287126,24.02880032779365,8
,,,,,,19.69091453585425,26.074636520779357,22.63072122821554,21.83713141571439,8
,,,,,,44.23471710207134,46.03335012400559,42.903350350638995,42.457789544781164,8
,,,,,,23.82723864105982,19.245467292117404,23.944151277497852,19.91978375862988,8
,,,,,,7.893088175969555,6.111771144301668,7.291949083190341,5.593290569739907,8
,,,,,,17.573745150800722,14.71415358919341,17.399107655741428,15.260533713434569,8
,,,,,,13.389791478353782,11.249630817216344,12.753725159841558,11.474068470443058,8
,,,,,,32.16064613004043,36.7930003818419,34.96346626029805,32.68747288917864,8
,,,,,,78.24076824171851,82.25502058644385,75.67631892460452,78.94973166424046,8
,,,,,,45.56438298366336,46.4339430767973,42.02774969223449,45.236400808754794,8
,,,,,,28.985488929438038,25.760584885439506,23.752164989715446,26.072670063346294,8
,,,,,,20.757525082991627,26.3915527883948,22.373891453361548,23.216589128641292,8
,,,,,,44.41147887381385,46.73992878569578,42.429392681489134,44.334331795760164,8
,,,,,,24.374431560666306,19.77119070346779,25.1722219595657,20.83129271013459,8
,,,,,,8.288166267081806,7.061896919349879,7.481391544259162,6.396188304997656,8
,,,,,,18.10135548058786,14.127572115576838,18.696156511259378,15.536745383058372,8
,,,,,,14.190090184919045,11.135540771790788,14.852334307927165,11.679252115761487,8
,,,,,,34.19052257557382,36.81938897863791,36.51161314059842,34.174305592605705,8
,,,,,,73.26322688364519,74.76692859485851,65.51532086130828,71.05511234288244,8
,,,,,,42.78444088467237,38.322444819003415,30.32041981419648,40.017791619898816,8
,,,,,,26.874617262145843,26.87407066802192,24.176190576113257,28.654099106557773,8
,,,,,,18.868830030517717,25.203749929208684,20.748154672444308,20.898193270821313,8
,,,,,,40.80069845606244,45.67136380742038,41.24883479912854,42.50849471400642,8
,,,,,,30.82343795668463,26.15648823600511,34.972993637032005,28.539741678907088,8
,,,,,,11.544481377301194,7.845368760775843,9.165484041403069,8.091663589643648,8
,,,,,,22.25143514838571,20.824520169154113,27.110748985473187,22.160219687033155,8
,,,,,,17.23046519068899,16.618955154800673,20.657789950429024,16.63590930916915,8
,,,,,,35.81765580937365,41.53888555814556,40.45754213060118,36.06849166531345,8
,,,,,,80.45544609722228,85.85869769494295,83.25257577665005,85.13172894307601,8
,,,,,,46.438109210838405,50.55203028632085,50.255181058583446,49.09064669421727,8
,,,,,,29.920575014968747,24.878570468783593,23.623252771490606,24.404061318488232,8
,,,,,,21.757698437414113,27.147707791889612,23.73608677479385,25.07270038675107,8
,,,,,,46.094283111601754,47.02626976652271,43.58185023568075,46.08737273519038,8
,,,,,,21.657344752705406,16.62559226231727,17.873497536210362,14.792261665663853,8
,,,,,,7.009884560220465,6.566943987175946,6.438007689236806,5.074659439133826,8
,,,,,,16.27185277088939,10.964987654797083,12.258820739281262,10.356342848333137,8
,,,,,,12.743793725427276,8.58034483807304,10.15095961786794,7.749560273007525,8
,,,,,,33.515701699629524,34.806172853982176,33.317384063644504,32.674497119272786,8
,,,,,,78.24076824171851,82.25502058644385,75.67631892460452,78.94973166424046,8
,,,,,,45.56438298366336,46.4339430767973,42.02774969223449,45.236400808754794,8
,,,,,,28.985488929438038,25.760584885439506,23.752164989715446,26.072670063346294,8
,,,,,,20.757525082991627,26.3915527883948,22.373891453361548,23.216589128641292,8
,,,,,,44.41147887381385,46.73992878569578,42.429392681489134,44.334331795760164,8
,,,,,,24.374431560666306,19.77119070346779,25.1722219595657,20.83129271013459,8
,,,,,,8.288166267081806,7.061896919349879,7.481391544259162,6.396188304997656,8
,,,,,,18.10135548058786,14.127572115576838,18.696156511259378,15.536745383058372,8
,,,,,,14.190090184919045,11.135540771790788,14.852334307927165,11.679252115761487,8
,,,,,,34.19052257557382,36.81938897863791,36.51161314059842,34.174305592605705,8
,,,,,,77.60490980717708,82.65189357794361,76.51895185395486,78.94979113653167,8
,,,,,,46.11815508403463,46.1774578556284,42.822176737277914,45.58607254734031,8
,,,,,,28.419906021685485,26.217187815112055,24.441377981558418,26.4228169248461,8
,,,,,,19.496102268713617,25.76613161557193,21.739431117984296,22.20034934849211,8
,,,,,,42.99119204625589,46.873663357472864,42.6751423010826,43.706629118173,8
,,,,,,24.416996495229743,19.75483792516262,24.741322425838202,20.45491379331356,8
,,,,,,8.651106875302174,7.1024876258948675,7.09966921935169,6.600261521575516,8
,,,,,,17.965736545333495,14.016701917154007,18.753892300504326,14.986054275382433,8
,,,,,,14.482964330306372,11.080051140851491,14.629380878721738,11.341816316184314,8
,,,,,,33.20538525912071,36.04818803335093,35.55933338741849,32.79646263120711,8
,,,,,,83.15151209183325,79.14428413577856,69.32887939620375,78.94923330252516,8
,,,,,,41.28759307487761,48.44430393187013,36.04343854974588,42.306246212507794,8
,,,,,,33.353493873775676,22.181678264847395,18.56041703454806,23.138534065580572,8
,,,,,,30.49951164966684,31.29367634173987,27.15319507621048,31.732403631519457,8
,,,,,,55.38037450363859,45.69170173056419,40.57819414038831,49.594310463892285,8
,,,,,,24.04570195784423,19.899365672873635,28.41812968270683,23.985246236704537,8
,,,,,,5.485170721288144,6.743742262539953,10.356854025720382,4.686109944231618,8
,,,,,,19.14874247127824,14.996585565504414,18.261240644466326,20.151387924077813,8
,,,,,,11.928218940959598,11.570474922750483,16.531812239821008,14.506872852481443,8
,,,,,,41.79875226238989,42.86415126449036,43.6850073160315,45.720256954246004,8
,,,,,,1.8422528497380648,1.6117119080830262,2.314801880518683,2.3066615271448097,8
,,,,,,3.870134104151717,3.806711560758006,4.493504397632624,4.57967162674175,8
,,,,,,5.360705942527109,6.198742147016337,6.632789308178673,7.760222115990143,8
,,,,,,6.58202768389457,6.0284666676709655,6.876053469200169,7.943851645550312,8
,,,,,,3.811664434671854,3.808421750239094,4.337799587702449,4.70991860295469,8
,,,,,,6.452725377916059,7.322661393381891,6.840497785040444,8.89265630056918,8
,,,,,,10.922349103736153,10.54760369700479,11.555135275336573,15.089005875130843,8
,,,,,,8.183408344915744,9.622416893986035,8.864432619320015,10.973041443545908,8
,,,,,,9.117027174474426,10.931589208838426,10.048642170881578,13.556737470156518,8
,,,,,,5.007706859721123,4.71092947268288,4.95929370201015,6.155367624059573,8
,,,,,,2.6025313554643623,2.3949024591910737,3.2338483107444804,3.2790725019268394,8
,,,,,,5.487981356486481,5.252530552936839,5.955575895759754,7.191276389377585,8
,,,,,,7.786861509373179,7.847912354629407,8.783701497085461,10.921148884851767,8
,,,,,,9.402839772312541,7.724187733500437,9.618602538855482,11.599432028022168,8
,,,,,,5.503484834535181,5.022618936826609,5.820535071627778,6.471439789635651,8
,,,,,,8.208437624471165,9.951215663693793,8.938414553519186,11.240085876326736,8
,,,,,,14.037681346982723,14.839945187807487,17.350825048902777,19.151696264473284,8
,,,,,,10.231101835259885,13.603333585558378,11.130746686378638,14.216950659016705,8
,,,,,,11.797630721671185,15.721850963679906,12.402993089384758,17.05250794091179,8
,,,,,,6.444579090297021,6.372345441693559,6.596426935404762,8.451811328550942,8
,,,,,,2.0011761624900575,1.9126577213201525,2.5585282941080263,2.4487383214297314,8
,,,,,,4.399236916073916,4.31037735219691,5.155064378011709,4.868482994332732,8
,,,,,,5.872353356213412,7.586360790851142,7.927735162420717,8.439243293477242,8
,,,,,,7.5123583032620695,7.100400365240842,8.103213335933116,8.757421541186398,8
,,,,,,4.21415008285328,4.495198316476367,5.071476931192031,5.479231681584665,8
,,,,,,8.120456494545863,8.923170609588515,8.30183184686047,9.973366588751437,8
,,,,,,14.680977383953595,13.501070561031014,14.127619244204457,17.842143756224754,8
,,,,,,10.496689301994802,11.195988532650365,10.84975165381302,12.229484118024775,8
,,,,,,10.6673169783271,12.248770833473664,11.960591481441949,14.884415228937714,8
,,,,,,6.254623588562472,5.424856857836591,6.0223083287780845,6.944438707310588,8
,,,,,,1.8422528497380648,1.6117119080830262,2.314801880518683,2.3066615271448097,8
,,,,,,3.870134104151717,3.806711560758006,4.493504397632624,4.57967162674175,8
,,,,,,5.360705942527109,6.198742147016337,6.632789308178673,7.760222115990143,8
,,,,,,6.58202768389457,6.0284666676709655,6.876053469200169,7.943851645550312,8
,,,,,,3.811664434671854,3.808421750239094,4.337799587702449,4.70991860295469,8
,,,,,,6.452725377916059,7.322661393381891,6.840497785040444,8.89265630056918,8
,,,,,,10.922349103736153,10.54760369700479,11.555135275336573,15.089005875130843,8
,,,,,,8.183408344915744,9.622416893986035,8.864432619320015,10.973041443545908,8
,,,,,,9.117027174474426,10.931589208838426,10.048642170881578,13.556737470156518,8
,,,,,,5.007706859721123,4.71092947268288,4.95929370201015,6.155367624059573,8
,,,,,,3.6460274233484884,3.845497989652416,4.55523688644205,4.5994231152512315,8
,,,,,,7.359047805291233,7.761843052648026,8.719739262104254,8.210850969292434,8
,,,,,,10.772298856596631,10.794689171170411,10.853208579961812,12.571542554711776,8
,,,,,,11.554020522382032,10.825532191649923,12.203626849554881,15.499969414700503,8
,,,,,,7.5735398385551225,6.8528946261751935,7.280686690715229,8.20372791150235,8
,,,,,,8.973136613479126,11.13230186533685,8.540147117019446,12.014785170919835,8
,,,,,,17.91617860444473,17.2054694752429,17.712625081249644,20.323334583974805,8
,,,,,,11.279245374377538,13.74378015183051,10.588837885412076,14.703572410652873,8
,,,,,,13.604499396675237,16.05145000842649,12.293144432899815,18.77053242167232,8
,,,,,,8.022729749818962,7.651600477660211,7.366485429244131,10.345657793213945,8
,,,,,,1.9606669191453256,1.5206985512809101,2.2106956266286537,1.8541862908161886,8
,,,,,,4.232159736846142,4.238445032785427,4.577464778161442,4.933537315728263,8
,,,,,,5.961843177620978,7.34577923447119,7.616277087929807,8.565776211333063,8
,,,,,,7.448046611647165,7.033094997892082,7.761586162302009,8.22601641897646,8
,,,,,,4.167782482879912,4.524030644998208,5.027454637669257,5.261682911695972,8
,,,,,,7.750250895128043,9.467056051114414,9.783156965618328,10.9418860001795,8
,,,,,,13.847738673543583,13.034218109100854,14.743549260361227,19.642866281535,8
,,,,,,9.57874399880645,12.937328413201914,13.142384861910816,13.384025358649337,8
,,,,,,10.922605587741705,14.005067550399323,15.17777626965566,16.202432540271786,8
,,,,,,5.572814379191314,5.752756495701352,6.283952526566271,6.83745268272335,8
,,,,,,1.8422528497380648,1.6117119080830262,2.314801880518683,2.3066615271448097,8
,,,,,,3.870134104151717,3.806711560758006,4.493504397632624,4.57967162674175,8
,,,,,,5.360705942527109,6.198742147016337,6.632789308178673,7.760222115990143,8
,,,,,,6.58202768389457,6.0284666676709655,6.876053469200169,7.943851645550312,8
,,,,,,3.811664434671854,3.808421750239094,4.337799587702449,4.70991860295469,8
,,,,,,6.452725377916059,7.322661393381891,6.840497785040444,8.89265630056918,8
,,,,,,10.922349103736153,10.54760369700479,11.555135275336573,15.089005875130843,8
,,,,,,8.183408344915744,9.622416893986035,8.864432619320015,10.973041443545908,8
,,,,,,9.117027174474426,10.931589208838426,10.048642170881578,13.556737470156518,8
,,,,,,5.007706859721123,4.71092947268288,4.95929370201015,6.155367624059573,8
,,,,,,2.047175631252281,1.6804774370027167,2.4194230682171347,2.470596781732195,8
,,,,,,4.1091917157749265,4.07541104679508,4.692418303404891,4.8735850407575425,8
,,,,,,5.862223391098925,6.564179431628298,6.983771971448435,8.296706534144434,8
,,,,,,7.39168667039484,6.531260408543477,7.509961413549822,8.90976664270768,8
,,,,,,4.27925922987666,4.044431276152087,4.640925608469537,5.133242191217811,8
,,,,,,6.640807803177445,7.825992944532485,7.46981593758695,9.149544813688163,8
,,,,,,11.538751640511249,11.384462769662909,12.74130269109068,16.10231280935663,8
,,,,,,8.380939480794828,10.328239329319464,9.523471131433633,11.492473530281433,8
,,,,,,9.88503848798144,11.655460381660305,10.907769387344718,14.049928306407653,8
,,,,,,5.364524521585939,5.112337643642901,5.452886095436265,6.746600703999002,8
,,,,,,3.273570117500788,4.4178349384014375,6.291199928352826,5.332377233045238,8
,,,,,,9.50787916226293,8.600787926060411,11.07263911303484,10.976301038591632,8
,,,,,,12.179744303313338,14.146987566844752,15.623591516269803,17.428600522760444,8
,,,,,,12.694303606759307,12.2938144100359,14.448093504106044,13.523420035020834,8
,,,,,,7.214158091619552,9.100735909368925,10.415948227961689,9.513673396666999,8
,,,,,,16.23489333460611,16.394023644138535,14.141348563973608,18.591563151783028,8
,,,,,,32.93999416658234,25.384133070821868,26.78736921426414,35.51398876741405,8
,,,,,,19.476303394716656,20.45521469382757,18.79088011676644,21.594890320521674,8
,,,,,,17.956959273970636,23.262619793786794,19.812605556575264,22.4803766796451,8
,,,,,,9.59170412344228,9.675700427623804,9.95547151040662,9.786083374554904,8
,,,,,,1117.7475904943421,952.1103370184971,966.8881335576698,791.363828602416,8
,,,,,,532.0066564616166,437.61570634981234,423.6226513500501,355.4737929969471,8
,,,,,,585.7409340327263,514.4946306686849,543.2654822076195,435.89003560546894,8
,,,,,,1117.7475904943421,952.1103370184971,966.8881335576698,791.363828602416,8
,,,,,,415.5705622846933,370.9656418728901,444.0173613578146,359.4918376060428,8
,,,,,,685.9173617471467,577.2228038334606,507.975594274586,427.19203479952773,8
,,,,,,1117.7475904943421,952.1103370184971,966.8881335576698,791.363828602416,8
,,,,,,948.8128088318276,791.9754582207213,806.0585693592377,651.4264602358822,8
,,,,,,168.93478166251546,160.13487879777597,160.82956419843165,139.93736836653343,8
,,,,,,3.641866910310411,3.588747100587885,4.692644217185748,4.653839477269371,8
,,,,,,4.989842915440011,4.796307199168005,5.659147926900129,6.82677803143239,8
,,,,,,4.460594437122778,4.424182941823426,5.5223356515046,4.9463979936665545,8
,,,,,,3.641866910310411,3.588747100587885,4.692644217185748,4.653839477269371,8
,,,,,,5.656118327511747,5.866965520329462,6.859392815955504,7.863675692877814,8
,,,,,,4.338068171463975,4.400876529034655,5.272879851484784,5.173178590526746,8
,,,,,,3.641866910310411,3.588747100587885,4.692644217185748,4.653839477269371,8
,,,,,,3.9366310460426734,3.9748992518380524,5.263968046162989,5.259118251352151,8
,,,,,,7.459202644659197,6.992553793037644,7.993512881838252,8.115681144609757,8
,,,,,,100.0,100.0,100.0,100.0,8
,,,,,,47.59631431872093,45.96270929272669,43.812995179838275,44.91913581957995,8
,,,,,,52.40368568127918,54.03729070727328,56.18700482016175,55.080864180419994,8
,,,,,,100.0,100.0,100.0,100.0,8
,,,,,,37.17928500305697,38.96246342987483,45.92230951517116,45.42687252220276,8
,,,,,,61.36603358221403,60.62562093811674,52.537162950328906,53.981748894685836,8
,,,,,,100.0,100.0,100.0,100.0,8
,,,,,,84.88614217564087,83.18105868913962,83.36626972484822,82.31693649510497,8
,,,,,,15.11385782435919,16.818941310860367,16.633730275151745,17.68306350489498,8
,,,,,,0.0,0.0,0.0,0.0,8
,,,,,,3.150360443989368,3.1184019022226095,3.4246847138706653,3.954470126328961,8
,,,,,,2.8613549592934473,2.6524312787290034,2.6704697170018914,3.2249200033826995,8
,,,,,,0.0,0.0,0.0,0.0,8
,,,,,,4.194290884490651,4.376689677043047,4.129742247162927,5.004268907708683,8
,,,,,,2.5458838766824483,2.8117918855086703,3.579199721442595,4.193340654402862,8
,,,,,,0.0,0.0,0.0,0.0,8
,,,,,,1.215720429960788,1.3099873012091392,1.5283930403356967,1.6553616059370362,8
,,,,,,6.828026203684244,6.4787746487671685,7.6601233961661155,7.705921327185959,8
,,,,,,29.663133816465702,31.95860849065336,30.782350262203227,27.93432584765118,8
,,,,,,31.840032419285716,33.51304202827922,31.843811897248415,29.70884209580303,8
,,,,,,27.928815889362195,30.745628233714935,30.00251306311455,26.63682582883837,8
,,,,,,29.663133816465702,31.95860849065336,30.782350262203227,27.93432584765118,8
,,,,,,30.698657758592887,33.1022190554305,34.00524925086034,29.148906796150552,8
,,,,,,29.078313213500053,31.49802271236664,28.203297475130082,27.082615038676845,8
,,,,,,29.663133816465702,31.95860849065336,30.782350262203227,27.93432584765118,8
,,,,,,29.433745438985657,31.505139648011486,30.14092763128257,26.88587333035953,8
,,,,,,31.02095476456527,34.40795781965666,34.457472579458056,34.13007025602308,8
,,,,,,3.0839504021610353,2.949347944282219,3.6006874277154197,3.907838077293312,8
,,,,,,4.0438165446513405,3.892893461038749,4.525931481705085,5.534900410962209,8
,,,,,,3.825655258264254,3.673856196892146,4.266509845321228,4.307664756154177,8
,,,,,,3.0839504021610353,2.949347944282219,3.6006874277154197,3.907838077293312,8
,,,,,,4.716914618745807,4.702085443598941,5.089902201943845,6.197253398261637,8
,,,,,,3.7068795558587624,3.6065355649827104,4.322914858110845,4.627879902588847,8
,,,,,,3.0839504021610353,2.949347944282219,3.6006874277154197,3.907838077293312,8
,,,,,,3.35177170681639,3.3007461451401814,4.104897731659811,4.426469199657786,8
,,,,,,6.316202000012673,5.775820560059879,6.30662086221948,6.422968881763773,8
,,,,,,453.6549738776189,378.6191924735857,388.7094468037207,294.91909988702287,8
,,,,,,222.79845259358683,161.5801960768277,176.47301047513824,131.42760783742938,8
,,,,,,230.8565212840321,217.03899639675805,212.23643632858247,163.49149204959318,8
,,,,,,453.6549738776189,378.6191924735857,388.7094468037207,294.91909988702287,8
,,,,,,142.31207874744663,138.12323702204455,175.5273031834409,135.81980264161942,8
,,,,,,303.4876551239805,239.13246398761825,204.3041172416667,156.51972271931155,8
,,,,,,453.6549738776189,378.6191924735857,388.7094468037207,294.91909988702287,8
,,,,,,390.0755385816159,328.74675541044417,334.20503628525495,252.85403648439146,8
,,,,,,63.579435296002984,49.87243706314155,54.504410518465775,42.06506340263121,8
,,,,,,6.148707333471047,6.072217380532629,6.6755703577400185,7.899405666247916,8
,,,,,,8.203832118991796,8.01785354897668,8.752238834015689,11.399359285447234,8
,,,,,,7.774076648748385,7.044558361954537,7.832549317628472,8.454446619511275,8
,,,,,,6.148707333471047,6.072217380532629,6.6755703577400185,7.899405666247916,8
,,,,,,9.74796751841648,10.383476266052863,10.662877162564435,14.065211258792665,8
,,,,,,6.770001211783034,7.282219595429337,7.88071076340885,8.340804580494936,8
,,,,,,6.148707333471047,6.072217380532629,6.6755703577400185,7.899405666247916,8
,,,,,,6.483918243036658,6.535568363346514,7.303162436829575,8.61326148454928,8
,,,,,,12.65627361088027,12.457131008934242,13.5000214696542,13.70430916323916,8
,,,,,,100.0,100.0,100.0,100.0,8
,,,,,,49.111872551339104,42.6761768259015,45.399722575882905,44.5639525848874,8
,,,,,,50.88812744866094,57.323823174098564,54.600277424117074,55.43604741511261,8
,,,,,,100.0,100.0,100.0,100.0,8
,,,,,,31.37011317897238,36.48078062806622,45.15642843948521,46.05324059840451,8
,,,,,,66.89834182350471,63.159097251601004,52.559596614288154,53.07208749086482,8
,,,,,,100.0,100.0,100.0,100.0,8
,,,,,,85.98506817801268,86.82781061960539,85.97811013685298,85.73674495183747,8
,,,,,,14.014931821987386,13.172189380394627,14.021889863147019,14.263255048162518,8
,,,,,,0.0,0.0,0.0,0.0,8
,,,,,,5.190607462919531,5.053243423346485,5.339981438011341,6.610881018057597,8
,,,,,,5.009428818934495,3.762015475208221,4.440154652748991,5.314357750418137,8
,,,,,,0.0,0.0,0.0,0.0,8
,,,,,,7.227668272704042,7.897599131635269,7.1159075475727365,8.766062184071526,8
,,,,,,3.4363396524152905,4.561201660878718,5.988772957298549,7.545809761617098,8
,,,,,,0.0,0.0,0.0,0.0,8
,,,,,,1.8409011736430492,1.7702067130676415,2.092545049647983,2.1580166894536608,8
,,,,,,11.294383371622772,11.668764303416545,12.83087162293413,12.971886563111887,8
,,,,,,34.19052257557382,36.81938897863791,36.51161314059842,34.174305592605705,8
,,,,,,36.58303704147855,36.854894501006676,38.56530909195519,36.2239830014653,8
,,,,,,32.16064613004043,36.7930003818419,34.96346626029805,32.68747288917864,8
,,,,,,34.19052257557382,36.81938897863791,36.51161314059842,34.174305592605705,8
,,,,,,35.81765580937365,41.53888555814556,40.45754213060118,36.06849166531345,8
,,,,,,33.515701699629524,34.806172853982176,33.317384063644504,32.674497119272786,8
,,,,,,34.19052257557382,36.81938897863791,36.51161314059842,34.174305592605705,8
,,,,,,33.20538525912071,36.04818803335093,35.55933338741849,32.79646263120711,8
,,,,,,41.79875226238989,42.86415126449036,43.6850073160315,45.720256954246004,8
,,,,,,5.007706859721123,4.71092947268288,4.95929370201015,6.155367624059573,8
,,,,,,6.444579090297021,6.372345441693559,6.596426935404762,8.451811328550942,8
,,,,,,6.254623588562472,5.424856857836591,6.0223083287780845,6.944438707310588,8
,,,,,,5.007706859721123,4.71092947268288,4.95929370201015,6.155367624059573,8
,,,,,,8.022729749818962,7.651600477660211,7.366485429244131,10.345657793213945,8
,,,,,,5.572814379191314,5.752756495701352,6.283952526566271,6.83745268272335,8
,,,,,,5.007706859721123,4.71092947268288,4.95929370201015,6.155367624059573,8
,,,,,,5.364524521585939,5.112337643642901,5.452886095436265,6.746600703999002,8
,,,,,,9.59170412344228,9.675700427623804,9.95547151040662,9.786083374554904,8
,,,,,,112.83037820647459,114.64147724437676,137.54587864526124,125.0692353963277,8
,,,,,,67.00714715939071,63.242431905680064,73.44767530416446,59.14831961495559,8
,,,,,,45.82323104708392,51.39904533869669,64.09820334109679,65.9209157813721,8
,,,,,,112.83037820647459,114.64147724437676,137.54587864526124,125.0692353963277,8
,,,,,,48.0138696882753,45.12571439729078,59.541455245164514,55.74524067131884,8
,,,,,,63.49401695165115,69.1425235945038,77.64052353566109,69.00753099038889,8
,,,,,,112.83037820647459,114.64147724437676,137.54587864526124,125.0692353963277,8
,,,,,,66.40312869260882,65.37030521335323,86.60903848737163,63.18460724437994,8
,,,,,,46.427249513865824,49.27117203102351,50.936840157889584,61.88462815194777,8
,,,,,,9.179378775222233,8.57691837881297,8.418255407682514,8.66691724136643,8
,,,,,,12.073381210820369,10.729535989570422,11.88988498477823,11.774631881357058,8
,,,,,,12.80538327726114,13.389592127204608,11.295819952150792,12.18543627649762,8
,,,,,,9.179378775222233,8.57691837881297,8.418255407682514,8.66691724136643,8
,,,,,,14.170354308187266,13.742968745162273,13.627582399735013,13.39634151241415,8
,,,,,,11.682246038497198,10.972997487418262,10.638398988759395,11.223128583312572,8
,,,,,,9.179378775222233,8.57691837881297,8.418255407682514,8.66691724136643,8
,,,,,,12.491099868206623,11.796003310009311,11.41173918652017,12.047920381594182,8
,,,,,,12.698227183365294,12.53024437630643,11.609040228414825,11.73815212787153,8
,,,,,,100.0,100.0,100.0,100.0,8
,,,,,,59.3875055853935,55.16540210910633,53.398673975241536,47.29246119361205,8
,,,,,,40.61249441460654,44.83459789089366,46.601326024758414,52.70753880638795,8
,,,,,,100.0,100.0,100.0,100.0,8
,,,,,,42.55402707275523,39.362467653045044,43.288432799011964,44.57150513047402,8
,,,,,,56.27386698594581,60.311961478929135,56.44700103003485,55.17546403135288,8
,,,,,,100.0,100.0,100.0,100.0,8
,,,,,,58.852172391990045,57.02151331669072,62.96738174957704,50.5197037817944,8
,,,,,,41.147827608009976,42.97848668330929,37.03261825042291,49.480296218205595,8
,,,,,,0.0,0.0,0.0,0.0,8
,,,,,,6.8643111313052785,7.560083160622276,7.47837458669255,8.751136454679857,8
,,,,,,10.03765765994554,9.302080249474463,8.56918290709942,7.85206045577663,8
,,,,,,0.0,0.0,0.0,0.0,8
,,,,,,10.247184065328101,10.617879015042694,9.792310615999076,9.603932550492821,8
,,,,,,7.762261165494082,6.933435584189778,7.505977752586706,7.756865400269121,8
,,,,,,0.0,0.0,0.0,0.0,8
,,,,,,7.188758201518171,7.430803516614916,5.991721318501017,8.063819653652041,8
,,,,,,10.281807365152922,9.858785042818173,10.187856582212465,8.233212235750976,8
,,,,,,10.094441640135724,12.040776450697175,11.177709785708458,12.020082603169007,8
,,,,,,12.595170820804409,14.451590970806388,13.559815577775415,12.93808679534934,8
,,,,,,7.823122541837535,9.990200533656429,9.330053120504807,11.27923565970669,8
,,,,,,10.094441640135724,12.040776450697175,11.177709785708458,12.020082603169007,8
,,,,,,11.553722531333355,12.164391874531855,10.862119270919282,10.847852076222173,8
,,,,,,9.256802713073373,11.978480949698014,11.726586709969439,13.064721625664562,8
,,,,,,10.094441640135724,12.040776450697175,11.177709785708458,12.020082603169007,8
,,,,,,6.998548931307529,8.254082185856657,8.463266529233938,6.563638472459836,8
,,,,,,27.48235091493149,30.768544867258385,24.614407941200618,37.354569794962856,8
,,,,,,8.8968634001694,8.16878271956812,9.531367597759239,9.184569210859744,8
,,,,,,11.500975325734696,10.090091138107752,12.685752796726371,12.990423193257186,8
,,,,,,12.549566801906472,12.807028081203306,12.825525813974384,12.604322309479116,8
,,,,,,8.8968634001694,8.16878271956812,9.531367597759239,9.184569210859744,8
,,,,,,13.655256131599424,13.031782803759187,15.186811422441131,14.60954742272092,8
,,,,,,11.219672117734314,10.496780686675377,11.48342639684166,11.653616601974024,8
,,,,,,8.8968634001694,8.16878271956812,9.531367597759239,9.184569210859744,8
,,,,,,12.254425328485699,11.384948938855704,12.71023135868041,13.97084219801795,8
,,,,,,11.163557186340247,10.534126695670498,11.913174645065713,10.400588932455458,8
,,,,,,30.74314602229151,25.121907923653414,35.993881043999764,25.802367457283797,8
,,,,,,21.055395905711848,17.07006139076543,19.35219355671165,15.07978718368502,8
,,,,,,9.687750116579668,8.05184653288797,16.641687487288117,10.722580273598775,8
,,,,,,30.74314602229151,25.121907923653414,35.993881043999764,25.802367457283797,8
,,,,,,13.867116606829462,7.269817659514081,17.915711575623543,10.823247014777072,8
,,,,,,16.876029415462053,17.47885101155716,18.078169468376224,14.662656707886752,8
,,,,,,30.74314602229151,25.121907923653414,35.993881043999764,25.802367457283797,8
,,,,,,19.19525620454563,14.535466782916743,19.93364517679669,9.63679540377127,8
,,,,,,11.547889817745887,10.586441140736659,16.060235867203073,16.165572053512523,8
,,,,,,19.727232550054865,15.116804812902245,16.707625143815402,15.306403441926172,8
,,,,,,23.60975444353386,18.545988393531726,24.729703104700896,18.497750187875113,8
,,,,,,27.2622378910596,25.56988873839643,21.967425265058598,26.052385405071387,8
,,,,,,19.727232550054865,15.116804812902245,16.707625143815402,15.306403441926172,8
,,,,,,29.698974190088652,24.087121203317558,26.219283429803795,23.34473980093333,8
,,,,,,22.76972078727393,19.151879791473096,20.91229631125536,20.58308731409309,8
,,,,,,19.727232550054865,15.116804812902245,16.707625143815402,15.306403441926172,8
,,,,,,26.722422347988704,21.39795796548918,24.670278950455817,25.309744994627366,8
,,,,,,23.407630757180222,20.648733025886138,21.755851911192835,18.515763293287456,8
,,,,,,100.0,100.0,100.0,100.0,8
,,,,,,68.48809777127174,67.94890516533263,53.76523174329287,58.44342465337663,8
,,,,,,31.511902228728278,32.051094834667374,46.23476825670709,41.55657534662341,8
,,,,,,100.0,100.0,100.0,100.0,8
,,,,,,45.10636808859631,28.938159002920393,49.77432567975359,41.94672071349701,8
,,,,,,54.89363191140371,69.57612879036166,50.225674320246384,56.82678820910911,8
,,,,,,100.0,100.0,100.0,100.0,8
,,,,,,62.437514334503575,57.859724775246654,55.380649706624666,37.34849300059436,8
,,,,,,37.56248566549644,42.14027522475334,44.61935029337531,62.65150699940566,8
,,,,,,0.0,0.0,0.0,0.0,8
,,,,,,10.215501573427547,10.064634159120363,15.315666461092059,13.272516222353763,8
,,,,,,22.202413090303665,21.33720784046765,17.810197555475757,18.665910155777027,8
,,,,,,0.0,0.0,0.0,0.0,8
,,,,,,18.89252858967448,21.73294399170351,16.889096160571476,17.941804340061545,8
,,,,,,15.524083924079987,9.200239135323596,16.73732377136229,13.2781521191523,8
,,,,,,0.0,0.0,0.0,0.0,8
,,,,,,12.566786497618768,12.54490545551494,14.724611724688108,19.199775993225803,8
,,,,,,20.888897477955226,17.22449065926416,18.27589506860396,11.445577826288776,8
,,,,,,27.247224117278865,21.913454473464274,26.168636529510316,20.63046709729976,8
,,,,,,31.422612062004568,26.99146898117987,26.348272394694003,25.494869984222028,8
,,,,,,21.14156923291897,15.665362031200987,25.962798674293342,16.265824202382742,8
,,,,,,27.247224117278865,21.913454473464274,26.168636529510316,20.63046709729976,8
,,,,,,28.881480907204892,16.110144197408065,30.089475478647334,19.415553479430347,8
,,,,,,26.57892857576277,25.27945192464248,23.28445075473085,21.24790801445847,8
,,,,,,27.247224117278865,21.913454473464274,26.168636529510316,20.63046709729976,8
,,,,,,28.90715630795603,22.235580414496184,23.01566386711843,15.251808666783209,8
,,,,,,24.873086255727966,21.48607533441852,31.52970584241377,26.122112285817657,8
,,,,,,16.074584103017113,14.260064917594367,14.26080090598901,13.88719794159751,8
,,,,,,18.861267482299247,16.55517339461828,20.794545933282873,17.504614028338732,8
,,,,,,24.111473955821996,25.10968751232816,18.97444825388166,23.187271855275664,8
,,,,,,16.074584103017113,14.260064917594367,14.26080090598901,13.88719794159751,8
,,,,,,23.79703513633494,24.16116243369423,21.497166402559518,20.789446691421542,8
,,,,,,19.283411647284236,17.42382371686585,18.407970146313172,19.113575356962002,8
,,,,,,16.074584103017113,14.260064917594367,14.26080090598901,13.88719794159751,8
,,,,,,21.464691598462238,19.868366129769054,21.469544504802204,24.29117354084946,8
,,,,,,20.4335331850621,20.037431390902512,17.49219922584289,17.245591529288916,8
,,,,,,61.42946876594152,56.79242296699883,71.02136794772314,51.52826760578672,8
,,,,,,38.28639874165759,28.54928071386745,38.068378001953825,25.12690291194976,8
,,,,,,23.143070024283936,28.24314225313141,32.95298994576929,26.401364693836957,8
,,,,,,61.42946876594152,56.79242296699883,71.02136794772314,51.52826760578672,8
,,,,,,23.75414370460537,23.597109359188117,30.441567542191315,24.969965663418993,8
,,,,,,37.67532506133614,33.195313607810746,40.48459986213303,26.241838207747747,8
,,,,,,61.42946876594152,56.79242296699883,71.02136794772314,51.52826760578672,8
,,,,,,36.44327209529078,36.72932704286324,45.43409111891777,26.74574301140109,8
,,,,,,24.98619667065074,20.063095924135624,25.587276828805347,24.782524594385627,8
,,,,,,12.708842838497212,12.627885959885262,11.904196600397805,13.042926737301496,8
,,,,,,16.018443035300344,15.60242601735902,16.49831316824168,17.60917961620159,8
,,,,,,17.171001026853148,19.424846004052707,16.743080033198552,17.81033370867352,8
,,,,,,12.708842838497212,12.627885959885262,11.904196600397805,13.042926737301496,8
,,,,,,20.514585842118006,20.751964024774242,19.988815419349024,18.98537028869259,8
,,,,,,15.045952949275598,15.38136487418874,14.68038428764916,17.329431033204454,8
,,,,,,12.708842838497212,12.627885959885262,11.904196600397805,13.042926737301496,8
,,,,,,17.08461046591393,16.805332760991423,15.476097791466648,17.481020953643025,8
,,,,,,17.22040267548757,18.279094272147123,18.061872884923442,18.72170225198056,8
,,,,,,100.0,100.0,100.0,100.0,8
,,,,,,62.325785182249206,50.26952403572737,53.60130211794135,48.76333725049969,8
,,,,,,37.67421481775079,49.7304759642726,46.39869788205867,51.236662749500304,8
,,,,,,100.0,100.0,100.0,100.0,8
,,,,,,38.66897139402813,41.54974929120386,42.86254745839099,48.458771900600084,8
,,,,,,61.33102860597186,58.45025070879611,57.00340761097791,50.927072511944374,8
,,,,,,100.0,100.0,100.0,100.0,8
,,,,,,59.32539028482713,64.6729354445857,63.972424682611816,51.90499167567103,8
,,,,,,40.674609715172885,35.32706455541428,36.02757531738821,48.09500832432897,8
,,,,,,0.0,0.0,0.0,0.0,8
,,,,,,8.135233346954196,12.204153781291016,10.780475923360386,12.284140368664687,8
,,,,,,13.458404068738286,12.336439375425863,12.453960419580516,11.691153316489483,8
,,,,,,0.0,0.0,0.0,0.0,8
,,,,,,14.904692473500988,14.896981029686195,14.240997757557016,12.897771799219063,8
,,,,,,9.397349759082244,10.589617999467944,10.704233089724523,12.26342152230851,8
,,,,,,0.0,0.0,0.0,0.0,8
,,,,,,9.522746302747564,8.783014171304353,8.524894893627813,12.064040691415654,8
,,,,,,13.889270111008676,16.07898407801878,15.137243950096687,13.019728106505582,8
,,,,,,13.541010746751594,14.999879587710272,14.61828665358849,13.333427503478829,8
,,,,,,17.184319862174682,17.668799399335366,16.514476509087057,16.50782482112848,8
,,,,,,10.024871680280617,13.012934413639453,13.041618961551949,10.78159168282528,8
,,,,,,13.541010746751594,14.999879587710272,14.61828665358849,13.333427503478829,8
,,,,,,16.691586486316837,17.084098134350853,14.18094062783082,12.989930317111858,8
,,,,,,12.414121110114039,13.88155880396461,15.58267078495178,13.649054925208759,8
,,,,,,13.541010746751594,14.999879587710272,14.61828665358849,13.333427503478829,8
,,,,,,9.342619182890836,11.172529139338955,10.86301273935567,7.56633064052268,8
,,,,,,39.29917992244504,40.228825992069545,37.64452329809008,47.99957567107483,8
,,,,,,12.3695984601654,11.866149461914276,12.934889908984253,13.70183512708532,8
,,,,,,15.338267152851248,14.402906367845258,17.649172773032173,18.871565301677414,8
,,,,,,17.039496426455635,18.14351210336669,17.93699607578909,19.989784723669846,8
,,,,,,12.3695984601654,11.866149461914276,12.934889908984253,13.70183512708532,8
,,,,,,19.186968179430337,19.13078150976774,21.266115161838417,20.8669108665715,8
,,,,,,14.539982959951706,15.037984400954747,15.661099123964577,18.232886576275533,8
,,,,,,12.3695984601654,11.866149461914276,12.934889908984253,13.70183512708532,8
,,,,,,16.613037738132014,15.951235103526773,16.73477576703654,20.210166764785857,8
,,,,,,14.8209794203737,14.82613826796715,15.412313124343497,14.220651776974394,8
,,,,,,22.149670836965623,16.479771094914316,23.33145224635537,14.416486253422256,8
,,,,,,25.11130919854045,17.761250074739145,20.53714292377014,20.20118278030997,8
,,,,,,36.05707697287807,29.017552402175976,32.85131351388362,27.97782056970077,8
,,,,,,18.085946976808852,17.107083345205282,16.99686950088887,18.311493220119463,8
,,,,,,210869.40100000007,211000.54200000002,211131.42099999997,211262.05499999973,8
,,,,,,61541.39324164641,56849.17413864094,56635.00114454251,56016.794292717925,8
,,,,,,148760.99690701743,152540.66613573776,153307.27018392604,154096.08046979015,8
,,,,,,103090.47399999996,103152.95100000004,103215.34300000004,103277.54799999986,8
,,,,,,29234.922995275767,27110.614415859818,26940.517507482295,26839.405754550004,8
,,,,,,73605.4888509991,75240.90440640463,75693.18670918363,75891.63933901451,8
,,,,,,107778.92700000008,107847.59099999999,107916.07800000002,107984.50699999985,8
,,,,,,32306.470246370638,29738.559722781065,29694.483637060206,29177.388538167947,8
,,,,,,75155.50805601839,77299.76172933329,77614.0834747426,78204.44113077571,8
,,,,,,210869.40100000007,211000.54200000002,211131.42099999997,211262.05499999973,8
,,,,,,61541.39324164641,56849.17413864094,56635.00114454251,56016.794292717925,8
,,,,,,148760.99690701743,152540.66613573776,153307.27018392604,154096.08046979015,8
,,,,,,92966.51982290966,92802.29479400648,92839.9689889746,93249.23563760116,8
,,,,,,36504.4313655143,33976.1333344345,34284.64384452437,33938.4486319687,8
,,,,,,56195.62967357981,58083.30699129965,58015.60548080354,58830.525453544644,8
,,,,,,115474.5256678972,115950.4616469462,115983.51140953686,115779.0665910117,8
,,,,,,24227.173706953956,22107.42261476452,21563.136179580073,21337.444690515007,8
,,,,,,90977.45676666006,93001.15351703798,93789.85181771239,93800.8084394037,8
,,,,,,210869.40100000007,211000.54200000002,211131.42099999997,211262.05499999973,8
,,,,,,61541.39324164641,56849.17413864094,56635.00114454251,56016.794292717925,8
,,,,,,148760.99690701743,152540.66613573776,153307.27018392604,154096.08046979015,8
,,,,,,180886.05400000003,180924.68699999995,180963.96800000005,180998.7769999998,8
,,,,,,51283.02801668769,47214.628154674734,46986.7481655652,46704.25617020861,8
,,,,,,129129.97080200857,132305.09164721763,132908.2255918098,133265.1421416956,8
,,,,,,29983.346999999994,30075.855000000014,30167.453,30263.277999999984,8
,,,,,,10258.365224958718,9634.545983966205,9648.252978977318,9312.538122509322,8
,,,,,,19631.026105008958,20235.574488520153,20399.044592116414,20830.938328094682,8
,,,,,,0.0,0.0,0.0,0.0,8
,,,,,,0.8627255588506794,0.9086933060998311,0.9277864271473014,0.9374259515579189,8
,,,,,,0.3554302705650103,0.33976427563467415,0.33938358305609634,0.3406962668114785,8
,,,,,,0.0,0.0,0.0,0.0,8
,,,,,,0.9413400337190507,0.991990879293158,1.0026397332285109,1.0259360938967577,8
,,,,,,0.3721144292881888,0.3586929430579876,0.3548830413918928,0.3628893085202508,8
,,,,,,0.0,0.0,0.0,0.0,8
,,,,,,0.8801564025438805,0.9180760768338476,0.9411054704978075,0.9437552275736305,8
,,,,,,0.3779374551968801,0.3540526099880793,0.35575771336992107,0.35191794253135106,8
,,,,,,0.0,0.0,0.0,0.0,8
,,,,,,0.8627255588506794,0.9086933060998311,0.9277864271473014,0.9374259515579189,8
,,,,,,0.3554302705650103,0.33976427563467415,0.33938358305609634,0.3406962668114785,8
,,,,,,0.4918286120901391,0.47942511701296425,0.4814368876298619,0.4821362887546978,8
,,,,,,1.2636378096700343,1.3233466807034249,1.3362235997663652,1.3526315714249357,8
,,,,,,0.6468085571658246,0.6115096752310769,0.6274482866787738,0.6257820558620066,8
,,,,,,0.39763649516712807,0.38567782360328506,0.3878225743451994,0.3916026968142435,8
,,,,,,1.113461334148845,1.124169508146562,1.1296595838365266,1.160244850394108,8
,,,,,,0.5010836570052677,0.4850696627855521,0.48499034413938025,0.4844032797639053,8
,,,,,,0.0,0.0,0.0,0.0,8
,,,,,,0.8627255588506794,0.9086933060998311,0.9277864271473014,0.9374259515579189,8
,,,,,,0.3554302705650103,0.33976427563467415,0.33938358305609634,0.3406962668114785,8
,,,,,,0.0,0.0,0.0,0.0,8
,,,,,,0.93112728139443,0.9751531979090153,0.9999996578810316,1.0076127769086456,8
,,,,,,0.368469187120151,0.34919713769996974,0.3499804339196271,0.35397116885371255,8
,,,,,,0.0,0.0,0.0,0.0,8
,,,,,,1.1109407695425744,1.1504187236621362,1.1660464290306096,1.1970668131658075,8
,,,,,,0.5806187691797202,0.5509192656549948,0.5521294204388671,0.5341244094415408,8
,,,,,,100.0,100.0,100.0,100.0,8
,,,,,,29.26328759180646,27.149920007650458,26.976463951813344,26.66033404951223,8
,,,,,,70.73671240819344,72.85007999234949,73.0235360481867,73.3396659504877,8
,,,,,,100.0,100.0,100.0,100.0,8
,,,,,,28.42746588663601,26.487749989267893,26.249191445540426,26.12589576024013,8
,,,,,,71.57253411336403,73.51225001073219,73.75080855445961,73.87410423975976,8
,,,,,,100.0,100.0,100.0,100.0,8
,,,,,,30.063163508364738,27.783096109261418,27.672053067414538,27.171625430597818,8
,,,,,,69.93683649163522,72.21690389073859,72.32794693258553,72.82837456940207,8
,,,,,,100.0,100.0,100.0,100.0,8
,,,,,,29.26328759180646,27.149920007650458,26.976463951813344,26.66033404951223,8
,,,,,,70.73671240819344,72.85007999234949,73.0235360481867,73.3396659504877,8
,,,,,,100.0,100.0,100.0,100.0,8
,,,,,,39.379080182179585,36.90673462082399,37.14469256056105,36.58383523858377,8
,,,,,,60.62091981782037,63.093265379175975,62.85530743943889,63.41616476141613,8
,,,,,,100.0,100.0,100.0,100.0,8
,,,,,,21.02968744168913,19.20571286491363,18.693175230177985,18.532020514883463,8
,,,,,,78.97031255831091,80.7942871350863,81.30682476982196,81.46797948511652,8
,,,,,,100.0,100.0,100.0,100.0,8
,,,,,,29.26328759180646,27.149920007650458,26.976463951813344,26.66033404951223,8
,,,,,,70.73671240819344,72.85007999234949,73.0235360481867,73.3396659504877,8
,,,,,,100.0,100.0,100.0,100.0,8
,,,,,,28.425350918435722,26.30052464808772,26.118988865656924,25.951220934386672,8
,,,,,,71.57464908156429,73.69947535191226,73.88101113434307,74.04877906561325,8
,,,,,,100.0,100.0,100.0,100.0,8
,,,,,,34.32109109118417,32.25479452900325,32.11021875144997,30.89404149441672,8
,,,,,,65.67890890881577,67.7452054709968,67.88978124855,69.1059585055833,8
,,,,,,0.0,0.0,0.0,0.0,8
,,,,,,0.8606687242178083,0.9068284367467785,0.9224398638903666,0.9335528458521422,8
,,,,,,0.35605268524101763,0.3379587163243102,0.3407691147623081,0.3393638408456018,8
,,,,,,0.0,0.0,0.0,0.0,8
,,,,,,0.939266307334101,0.9895449824462934,0.9982102912257768,1.0227432370110003,8
,,,,,,0.37306155553909787,0.35655037213995405,0.355280349475025,0.3616975593087321,8
,,,,,,0.0,0.0,0.0,0.0,8
,,,,,,0.8784537415321916,0.9160935472933927,0.9348485017287489,0.9390639938287015,8
,,,,,,0.3776135694867427,0.35243708464758233,0.35766503055786597,0.3503565093486911,8
,,,,,,0.0,0.0,0.0,0.0,8
,,,,,,0.8606687242178083,0.9068284367467785,0.9224398638903666,0.9335528458521422,8
,,,,,,0.35605268524101763,0.3379587163243102,0.3407691147623081,0.3393638408456018,8
,,,,,,0.0,0.0,0.0,0.0,8
,,,,,,0.9914821874428718,1.054729516246356,1.0678349719395155,1.0855776516721651,8
,,,,,,0.644062423926438,0.616969531041297,0.6310429994527555,0.626253481220082,8
,,,,,,0.0,0.0,0.0,0.0,8
,,,,,,1.062867182345176,1.0927368094009813,1.102046496397705,1.1257964132594727,8
,,,,,,0.28304009332929425,0.2597558582723508,0.2533704683129164,0.25609180880591625,8
,,,,,,0.0,0.0,0.0,0.0,8
,,,,,,0.8606687242178083,0.9068284367467785,0.9224398638903666,0.9335528458521422,8
,,,,,,0.35605268524101763,0.3379587163243102,0.3407691147623081,0.3393638408456018,8
,,,,,,0.0,0.0,0.0,0.0,8
,,,,,,0.9290525505139275,0.9729260543985356,0.9937636823007382,1.0035242079821782,8
,,,,,,0.36896645822086593,0.3472001062733683,0.35132305520168616,0.3516962570209965,8
,,,,,,0.0,0.0,0.0,0.0,8
,,,,,,1.1094278983102348,1.1494760548759382,1.165078441060916,1.1945743793409564,8
,,,,,,0.5797412988371936,0.5472876450556452,0.5510538245527687,0.5340383266740292,8
,,,,,,68024.22888377227,68275.33113529673,68457.06279597835,68658.37651604193,8
,,,,,,2778.7752063304174,1662.6057722677417,1490.8798741024825,1151.4656766734404,8
,,,,,,65245.4536774419,66612.72536302899,66966.18292187586,67506.91083936847,8
,,,,,,22189.066042218303,22305.25557159301,22364.224357254032,22454.614793257915,8
,,,,,,681.1204248548324,414.5218169727786,375.25068019597126,274.1424149868022,8
,,,,,,21507.945617363475,21890.73375462024,21988.973677058082,22180.472378271108,8
,,,,,,45835.162841553996,45970.07556370374,46092.838438724306,46203.761722784,8
,,,,,,2097.6547814755827,1248.0839552949624,1115.6291939065125,877.3232616866372,8
,,,,,,43737.50806007841,44721.99160840873,44977.209244817815,45326.4384610974,8
,,,,,,0.21082637359087433,0.20642770542938166,0.1999629169919087,0.20795202369679566,8
,,,,,,1.9195760174191445,2.255064282864493,2.5422118717009163,3.0266044626258766,8
,,,,,,0.22803766576211565,0.21720048719399573,0.20777121724634162,0.2142035843204903,8
,,,,,,0.24851380814986593,0.23620306826446688,0.23959489079347773,0.23835658198487758,8
,,,,,,3.5214415944405517,4.137477482583845,4.520667522051068,5.158930459443747,8
,,,,,,0.2704741010678131,0.24899148866289064,0.24974240093386815,0.24728921591246728,8
,,,,,,0.3179166548624507,0.31302616269123734,0.30457653783871247,0.3173076350139535,8
,,,,,,2.243425807421886,2.6336032839193217,3.0415579365664307,3.6136487151387833,8
,,,,,,0.33995051041961777,0.3261274580895272,0.3145664578431998,0.32602001470666997,8
,,,,,,100.0,100.0,100.0,100.0,8
,,,,,,100.0,100.0,100.0,100.0,8
,,,,,,100.0,100.0,100.0,100.0,8
,,,,,,32.61935696490001,32.66956776436884,32.66898029777561,32.704843797189696,8
,,,,,,24.511533833436804,24.932056888469937,25.16974618239272,23.808127375432832,8
,,,,,,32.96466558987187,32.86269047741125,32.83593706201061,32.856595128533044,8
,,,,,,67.38064303509995,67.33043223563105,67.3310197022244,67.2951562028102,8
,,,,,,75.48846616656323,75.06794311153008,74.83025381760726,76.19187262456715,8
,,,,,,67.03533441012807,67.1373095225888,67.16406293798933,67.14340487146696,8
,,,,,,0.0,0.0,0.0,0.0,8
,,,,,,0.0,0.0,0.0,0.0,8
,,,,,,0.0,0.0,0.0,0.0,8
,,,,,,0.30079229698557264,0.29276617503213204,0.29150379315466557,0.29777356100071317,8
,,,,,,3.116682599880551,3.63536583881999,4.0816072606677665,4.775311877293299,8
,,,,,,0.31754255153005967,0.3018695269519047,0.29921933226752806,0.3051795773742598,8
,,,,,,0.14561528156615436,0.1420538094996187,0.14143750855717416,0.14471528634410974,8
,,,,,,1.0120045468468406,1.2074015105115987,1.3728808005599236,1.4921700900071824,8
,,,,,,0.1561517386890453,0.14776053582315896,0.1462857774275013,0.14933948962638907,8
,,,,,,20235.517723922512,12523.447107812754,10646.358866300314,9298.094656118157,8
,,,,,,16771.78283593638,10275.9768441518,8240.514363713504,6814.043335365718,8
,,,,,,1177.0119593054412,651.7647372158547,459.91013829425106,367.5315514664691,8
,,,,,,11513.605244493196,7220.996497380368,6246.72178778371,5487.870851147355,8
,,,,,,2939.8688764100657,1780.7002744983167,1378.629277952527,1118.655596755091,8
,,,,,,525.8294121871163,352.46884028159616,257.4303945740695,202.21179504585598,8
,,,,,,172.82945696279995,75.33792626966057,58.83908269400359,39.289365756777826,8
,,,,,,483.29591150837666,295.88013557085316,251.60461941897898,240.59835349491914,8
,,,,,,8734.262811563847,5378.693037715172,4553.561679433643,3999.161706646302,8
,,,,,,7035.722951336833,4287.099061211418,3400.5205544616074,2794.326467915034,8
,,,,,,463.0210568827976,280.00951217617734,190.88510755571565,149.38193511007265,8
,,,,,,4857.8937325221395,3070.909450094095,2617.709211306223,2339.8158223232163,8
,,,,,,1133.5155294466501,680.7903442255158,515.9686140046852,440.1368272343062,8
,,,,,,217.1481698838407,154.6568441800236,110.16537430719374,81.84285529847601,8
,,,,,,83.61951811103233,33.052296514761856,29.485572468326936,12.04756116389239,8
,,,,,,205.33986274943817,128.92942549064645,95.84090588143965,95.52874950611537,8
,,,,,,11501.254912358676,7144.754070097575,6092.7971868666755,5298.932949471856,8
,,,,,,9736.05988459955,5988.877782940378,4839.993809251895,4019.716867450683,8
,,,,,,713.9909024226441,371.7552250396775,269.0250307385351,218.14961635639605,8
,,,,,,6655.711511971058,4150.087047286275,3629.012576477492,3148.055028824148,8
,,,,,,1806.3533469634153,1099.9099302728014,862.6606639478437,678.5187695207843,8
,,,,,,308.6812423032758,197.8119961015723,147.26502026687592,120.36893974738005,8
,,,,,,89.20993885176756,42.285629754898714,29.353510225676683,27.241804592885433,8
,,,,,,277.9560487589385,166.95071008020653,155.76371353753922,145.06960398880364,8
,,,,,,20235.517723922512,12523.447107812754,10646.358866300314,9298.094656118157,8
,,,,,,16771.78283593638,10275.9768441518,8240.514363713504,6814.043335365718,8
,,,,,,1177.0119593054412,651.7647372158547,459.91013829425106,367.5315514664691,8
,,,,,,11513.605244493196,7220.996497380368,6246.72178778371,5487.870851147355,8
,,,,,,2939.8688764100657,1780.7002744983167,1378.629277952527,1118.655596755091,8
,,,,,,525.8294121871163,352.46884028159616,257.4303945740695,202.21179504585598,8
,,,,,,172.82945696279995,75.33792626966057,58.83908269400359,39.289365756777826,8
,,,,,,483.29591150837666,295.88013557085316,251.60461941897898,240.59835349491914,8
,,,,,,17220.802207599823,10537.7468959374,8859.803875510443,7739.570516333771,8
,,,,,,14107.711400539416,8522.895730946388,6746.4446898019105,5565.179026397032,8
,,,,,,1012.3626610311148,556.9421104432248,386.1544757021877,312.61218649487836,8
,,,,,,10172.543018608414,6302.439933644284,5388.8703948498805,4708.152736395923,8
,,,,,,2221.154520632849,1325.920320279879,1013.1744187599292,837.6767724873694,8
,,,,,,373.7157479836581,277.787267454703,207.28411837438298,158.82283628658794,8
,,,,,,128.37521743375865,58.00497982182618,43.18969545330169,29.575337989290016,8
,,,,,,394.21406691204584,251.49731824371284,208.7731449525772,200.74315920508735,8
,,,,,,3014.715516322702,1985.7002118753542,1786.554990789875,1558.5241397843831,8
,,,,,,2664.0714353969674,1753.0811132054093,1494.0696739115963,1248.8643089686852,8
,,,,,,164.6492982743269,94.8226267726295,73.7556625920635,54.91936497159063,8
,,,,,,1341.0622258847857,918.5565637360856,857.8513929338354,779.7181147514384,8
,,,,,,718.7143557772166,454.7799542184381,365.4548591925992,280.97882426772134,8
,,,,,,152.11366420345837,74.68157282689293,50.14627619968654,43.388958759268085,8
,,,,,,44.454239529041295,17.332946447834388,15.649387240701929,9.714027767487806,8
,,,,,,89.08184459633073,44.38281732714018,42.831474466401666,39.855194289831694,8
,,,,,,20235.517723922512,12523.447107812754,10646.358866300314,9298.094656118157,8
,,,,,,16771.78283593638,10275.9768441518,8240.514363713504,6814.043335365718,8
,,,,,,1177.0119593054412,651.7647372158547,459.91013829425106,367.5315514664691,8
,,,,,,11513.605244493196,7220.996497380368,6246.72178778371,5487.870851147355,8
,,,,,,2939.8688764100657,1780.7002744983167,1378.629277952527,1118.655596755091,8
,,,,,,525.8294121871163,352.46884028159616,257.4303945740695,202.21179504585598,8
,,,,,,172.82945696279995,75.33792626966057,58.83908269400359,39.289365756777826,8
,,,,,,483.29591150837666,295.88013557085316,251.60461941897898,240.59835349491914,8
,,,,,,8317.36123173865,5190.6673936030675,4509.696429180537,4040.421707055354,8
,,,,,,6692.005661405217,4120.82834226387,3375.0806603854885,2857.426112531666,8
,,,,,,432.53875827750386,247.75586249563295,189.32577427775914,175.45800713528487,8
,,,,,,4336.339099999512,2772.0591396143186,2439.1234461508525,2161.765642555768,8
,,,,,,1276.5846351369066,749.6765785442126,599.3219958125758,526.1783891918753,8
,,,,,,161.91660629634987,101.35356294206936,61.20971221288162,59.30596136358359,8
,,,,,,75.46696947921546,39.64473106805249,19.92752701576086,21.818406883816923,8
,,,,,,170.80186607234512,125.82074548401255,101.4055224512141,107.34633378744158,8
,,,,,,11616.968474321386,7160.999118569655,5998.309977597898,5135.7860065240975,8
,,,,,,9825.354209756542,6006.120700984099,4753.738651719315,3864.424706956265,8
,,,,,,726.9641146195545,386.26871485624736,263.40031721072927,183.93435333526782,8
,,,,,,7026.848951265551,4347.179019965462,3737.351632764457,3251.204326221245,8
,,,,,,1631.1959188090557,1002.586327469136,763.0458997969295,578.1466078606295,8
,,,,,,354.4666738174184,247.5952025397183,193.04628358540387,138.4620120052767,8
,,,,,,96.80066994494081,35.211763061784474,38.375600905354915,17.4709588729609,8
,,,,,,302.0351827135076,167.40014281811193,146.5120704640406,132.03319212622785,8
,,,,,,1.056299802101902,1.2414147774292081,1.3496519860776435,1.4425901923567837,8
,,,,,,1.1308990650397084,1.351344850617172,1.5161443858824146,1.6353703629663046,8
,,,,,,3.742962942234699,4.436405079684212,5.68064077851263,6.853072887670969,8
,,,,,,1.3441531422399031,1.5201687417459964,1.6620395665539178,1.7006140906289626,8
,,,,,,2.3616893115828206,2.8308929466699104,3.191387064581414,3.9342566645242694,8
,,,,,,5.472484476531206,6.763126354225879,8.328665930181986,7.919932065780658,8
,,,,,,9.589255522616584,12.059767041782983,17.011706735338315,15.418470013278416,8
,,,,,,5.975521861762744,7.478535323526193,8.399812556875146,9.28006300148792,8
,,,,,,1.3265825923766683,1.6424126303059565,1.6938897172395877,1.8412189338776714,8
,,,,,,1.4470553730318487,1.8317604669926224,1.9426090720175107,2.195680932124061,8
,,,,,,5.083328754707474,6.227991133005109,8.01648541376842,8.899130361559795,8
,,,,,,1.7190701161553044,2.0574219530925464,2.130130911835388,2.277065419856338,8
,,,,,,3.4165017889540836,4.258330526435304,4.905390256732854,6.067341408991069,8
,,,,,,7.125048867484537,8.644685417458946,10.423215310724686,9.810893759565808,8
,,,,,,12.051530338617681,17.132601719107292,20.92860805769377,23.023872787515582,8
,,,,,,8.014664790040282,9.99876314764859,11.14352774642136,10.785498289762192,8
,,,,,,1.1592784156198868,1.342806746164574,1.5062500735271538,1.6069424213878685,8
,,,,,,1.2484466767139362,1.447535037315904,1.671670542798974,1.820307523393291,8
,,,,,,4.215385433945961,5.044777225278395,6.396219783218707,7.663675501859317,8
,,,,,,1.493232676529973,1.6666925420597267,1.888159651695672,1.9757950146062488,8
,,,,,,2.5999399101319534,3.1098626148434976,3.567773367625488,4.184207889489814,8
,,,,,,6.097967569763782,7.274235982303121,8.53933366040297,9.00151864319567,8
,,,,,,11.045399438382592,14.737544954258839,18.350159149784638,18.785618277832075,8
,,,,,,6.61764265171395,8.290138932943362,9.125130435115711,11.128195768331949,8
,,,,,,1.056299802101902,1.2414147774292081,1.3496519860776435,1.4425901923567837,8
,,,,,,1.1308990650397084,1.351344850617172,1.5161443858824146,1.6353703629663046,8
,,,,,,3.742962942234699,4.436405079684212,5.68064077851263,6.853072887670969,8
,,,,,,1.3441531422399031,1.5201687417459964,1.6620395665539178,1.7006140906289626,8
,,,,,,2.3616893115828206,2.8308929466699104,3.191387064581414,3.9342566645242694,8
,,,,,,5.472484476531206,6.763126354225879,8.328665930181986,7.919932065780658,8
,,,,,,9.589255522616584,12.059767041782983,17.011706735338315,15.418470013278416,8
,,,,,,5.975521861762744,7.478535323526193,8.399812556875146,9.28006300148792,8
,,,,,,1.1403310315371928,1.33811442975865,1.46505220429027,1.5758886891736121,8
,,,,,,1.2175107646291021,1.4573396370228704,1.6631963081793897,1.8094246323927512,8
,,,,,,4.054747502335066,4.909332985729234,6.4141388794573,7.526375933370224,8
,,,,,,1.4239065642535007,1.6209398661546126,1.7920270811495629,1.848612986791752,8
,,,,,,2.7492238586987474,3.337769297776235,3.777824331422298,4.599420060634589,8
,,,,,,6.421595668366452,7.7065419472399945,9.669090854175332,9.205268344508273,8
,,,,,,11.550187593933497,13.859578768418862,21.23433630608277,18.68586738024741,8
,,,,,,6.735130495960185,8.452159571000891,9.539178268518812,10.3516611033752,8
,,,,,,1.80898935513826,2.1906890084228,2.3195464788363602,2.5064593286043713,8
,,,,,,1.9243995559656872,2.3767264454355375,2.5639315215457192,2.7545613863149945,8
,,,,,,7.989641439475744,9.146719298185166,10.453676952860686,10.831465794868437,8
,,,,,,2.627651992201404,3.072426138115628,3.248448247276152,3.3780110927428253,8
,,,,,,3.658685412627321,4.81870378796017,5.153464128948467,5.657365926172531,8
,,,,,,7.659806159069606,11.015834003841416,12.211337116545703,11.809532191239557,8
,,,,,,15.12954505135039,21.961783984584496,23.251900967356786,25.506415017263805,8
,,,,,,9.835106364495068,11.919390686343105,13.60558443144516,14.982543695823686,8
,,,,,,1.056299802101902,1.2414147774292081,1.3496519860776435,1.4425901923567837,8
,,,,,,1.1308990650397084,1.351344850617172,1.5161443858824146,1.6353703629663046,8
,,,,,,3.742962942234699,4.436405079684212,5.68064077851263,6.853072887670969,8
,,,,,,1.3441531422399031,1.5201687417459964,1.6620395665539178,1.7006140906289626,8
,,,,,,2.3616893115828206,2.8308929466699104,3.191387064581414,3.9342566645242694,8
,,,,,,5.472484476531206,6.763126354225879,8.328665930181986,7.919932065780658,8
,,,,,,9.589255522616584,12.059767041782983,17.011706735338315,15.418470013278416,8
,,,,,,5.975521861762744,7.478535323526193,8.399812556875146,9.28006300148792,8
,,,,,,1.5438351156123773,1.9040863825742573,1.967139817628422,2.0990065208266415,8
,,,,,,1.6911714176543216,2.113388123132803,2.2423106118376492,2.4502267371780686,8
,,,,,,5.636025582869622,6.841004600419384,8.876896702569226,10.143720013653791,8
,,,,,,1.9613567359966566,2.397111701972233,2.531279938044864,2.6095255902119696,8
,,,,,,3.4089728559885275,4.293505333188216,4.630202488933621,5.763593358908551,8
,,,,,,8.25666601716342,11.74037253012838,12.563491394851159,12.499130097099412,8
,,,,,,12.505151091654723,17.411901238443715,21.770348858102427,21.29988359327989,8
,,,,,,8.47760084105156,12.352721315255215,11.853253585464943,14.7363058886209,8
,,,,,,1.3446599495516847,1.5131921379315982,1.655973392834018,1.8217992981686075,8
,,,,,,1.427348864172579,1.6213819054722947,1.8301139198910157,2.0081409671261135,8
,,,,,,4.485762860500209,5.441901483153529,6.892578733510184,8.685965805026715,8
,,,,,,1.7163400710509105,1.8313720264908337,1.9813760468795887,2.1148606396532705,8
,,,,,,2.9997933821580727,3.51389630924157,4.1288375548434635,4.832882807197715,8
,,,,,,6.718459900778612,7.547978988722752,9.72349779384164,9.517713383183633,8
,,,,,,13.482046965690955,16.07872767964302,22.367453951766038,21.862143221436828,8
,,,,,,7.872882047511326,8.53605023293948,10.004956978195466,11.587820371460744,8
,,,,,,100.0,100.0,100.0,100.0,8
,,,,,,82.8828946447399,82.05390062086933,77.48460494605304,73.26269830050042,8
,,,,,,5.816564593817985,5.204355730534063,4.308397961660583,3.9275583907506837,8
,,,,,,56.898001828150626,57.65981550619205,58.206667388191846,58.4882994853965,8
,,,,,,14.528261231164526,14.218930771763553,12.757274582689984,11.887332846545934,8
,,,,,,2.598546868734069,2.8144714250576297,2.3859414278508044,2.172036470232196,8
,,,,,,0.8540896226167716,0.6015749946567112,0.5621347324065448,0.41291645897547774,8
,,,,,,2.3883545659769383,2.362609376026098,2.4109722373203653,2.6137059096870305,8
,,,,,,100.0,100.0,100.0,100.0,8
,,,,,,80.55314000881441,79.70521892865904,74.78665518636818,69.85753724857709,8
,,,,,,5.3012036261351625,5.2059024415924515,4.179003565248158,3.6869746138860555,8
,,,,,,55.618817950960455,57.09397112943616,56.94820521976133,57.91215118070576,8
,,,,,,12.977804239482204,12.65717042136151,11.171787876802625,10.84808856077145,8
,,,,,,2.4861648265992664,2.8753610420891498,2.3745741370864057,1.997013483509652,8
,,,,,,0.9573735060997149,0.6145042351924628,0.6685011011871178,0.29333001056379715,8
,,,,,,2.350969591590209,2.3970400353133856,2.1899205959229398,2.381263954656478,8
,,,,,,100.0,100.0,100.0,100.0,8
,,,,,,84.65215281975597,83.82202836071292,79.50627940515051,75.8488270816473,8
,,,,,,6.2079391150214835,5.2031913400008785,4.405358012691292,4.110275337214978,8
,,,,,,57.86943740216702,58.08579282882997,59.14968006458574,58.925868719347605,8
,,,,,,15.70570655748529,15.39465066930962,13.9453389515778,12.676611097148967,8
,,,,,,2.6838918418509485,2.7686326801570513,2.394459363118144,2.3049617493668677,8
,,,,,,0.7756539571686834,0.5918416412941871,0.4824304420287502,0.5037391693720588,8
,,,,,,2.4167453975849256,2.336689386957818,2.5766144832334033,2.790239360141885,8
,,,,,,100.0,100.0,100.0,100.0,8
,,,,,,82.8828946447399,82.05390062086933,77.48460494605304,73.26269830050042,8
,,,,,,5.816564593817985,5.204355730534063,4.308397961660583,3.9275583907506837,8
,,,,,,56.898001828150626,57.65981550619205,58.206667388191846,58.4882994853965,8
,,,,,,14.528261231164526,14.218930771763553,12.757274582689984,11.887332846545934,8
,,,,,,2.598546868734069,2.8144714250576297,2.3859414278508044,2.172036470232196,8
,,,,,,0.8540896226167716,0.6015749946567112,0.5621347324065448,0.41291645897547774,8
,,,,,,2.3883545659769383,2.362609376026098,2.4109722373203653,2.6137059096870305,8
,,,,,,100.0,100.0,100.0,100.0,8
,,,,,,81.92249832771127,80.87967774432141,76.24671490678683,71.91229466331447,8
,,,,,,5.878719520884705,5.285210547787427,4.342777557523967,4.0084837472381185,8
,,,,,,59.07124938766846,59.8082303160466,60.24048123169208,60.314929976614174,8
,,,,,,12.898089728088383,12.582578926725413,11.256293523063075,10.674826476984316,8
,,,,,,2.1701413411433954,2.6361163368024907,2.307984509324614,2.0551163351912822,8
,,,,,,0.7454659538282404,0.5504495448091354,0.5030294580240979,0.37376486722312025,8
,,,,,,2.2891736526540725,2.386632747278001,2.41203468457886,2.594821202888327,8
,,,,,,100.0,100.0,100.0,100.0,8
,,,,,,88.36891643582196,88.28528610317,83.65988992798324,79.93167749830339,8
,,,,,,5.46152024570342,4.775274042151416,4.136893389133404,3.5279078683971927,8
,,,,,,44.483873142384894,46.258572076626464,48.06087116605377,49.467470147742546,8
,,,,,,23.840204884535556,22.902749946777213,20.245004107657063,17.875305281706144,8
,,,,,,5.045705419959622,3.7609691724996814,2.7748339570270906,2.749447495292073,8
,,,,,,1.4745749404330462,0.87288838185018,0.8569847608171189,0.6062669089945755,8
,,,,,,2.9549005242455246,2.235121750086521,2.405672158645068,2.7069681857422236,8
,,,,,,100.0,100.0,100.0,100.0,8
,,,,,,82.8828946447399,82.05390062086933,77.48460494605304,73.26269830050042,8
,,,,,,5.816564593817985,5.204355730534063,4.308397961660583,3.9275583907506837,8
,,,,,,56.898001828150626,57.65981550619205,58.206667388191846,58.4882994853965,8
,,,,,,14.528261231164526,14.218930771763553,12.757274582689984,11.887332846545934,8
,,,,,,2.598546868734069,2.8144714250576297,2.3859414278508044,2.172036470232196,8
,,,,,,0.8540896226167716,0.6015749946567112,0.5621347324065448,0.41291645897547774,8
,,,,,,2.3883545659769383,2.362609376026098,2.4109722373203653,2.6137059096870305,8
,,,,,,100.0,100.0,100.0,100.0,8
,,,,,,80.45827847261032,79.38918119358493,74.83294890538497,70.65430443163325,8
,,,,,,5.200432519714989,4.773102256580058,4.175203571808958,4.313308566059352,8
,,,,,,52.13599577053654,53.40467669014174,53.803537509605725,52.91956995068116,8
,,,,,,15.348433229826794,14.442778195884944,13.077051754435756,12.817388265048535,8
,,,,,,1.946730480798212,1.952611393806058,1.3398181719331896,1.4919861683424627,8
,,,,,,0.9073426941135742,0.7637694358322856,0.47002614469728693,0.5252209464637346,8
,,,,,,2.0535583499797188,2.4239801155256653,2.2871635840247446,2.6536478567787523,8
,,,,,,100.0,100.0,100.0,100.0,8
,,,,,,84.57760930895967,83.87266359814558,79.39715004012756,75.27666541215035,8
,,,,,,6.257778147771215,5.394061756753866,4.384030316495926,3.5544527280102662,8
,,,,,,60.4878025346972,60.70631971860608,61.66532860239206,62.850292402271414,8
,,,,,,14.041493892444642,14.000648664643231,12.538905290958521,11.149919094649151,8
,,,,,,3.0512837716737016,3.4575510824692457,3.1744059646242677,2.6734985084735605,8
,,,,,,0.8332696276047661,0.49171578544779504,0.6354517188887189,0.3335565554601849,8
,,,,,,2.599948371910781,2.3376646197876996,2.499277320087762,2.620220428797347,8
,,,,,,0.0,0.0,0.0,0.0,8
,,,,,,0.4775797979276313,0.5345358647986761,0.7090763022360341,0.8401451347414426,8
,,,,,,3.6205742800840635,4.325548923784985,5.441543590226754,6.636624125564583,8
,,,,,,0.8075600094427757,0.9319055673763801,0.9886467674573222,1.096345339974643,8
,,,,,,2.174079033869129,2.554671470509513,2.8722407963919947,3.5691445889602194,8
,,,,,,5.412839935566946,6.628236955478692,8.171477553381711,7.82352363383325,8
,,,,,,9.560606624044155,12.030508067533715,16.780179727478668,15.37684796745278,8
,,,,,,5.895851843605352,7.36274587319947,7.961050370847676,8.841937164943413,8
,,,,,,0.0,0.0,0.0,0.0,8
,,,,,,0.6579337928701907,0.77367886562851,0.9564410780264522,1.2120371897193836,8
,,,,,,4.93670681665865,6.044828831087268,7.65275639245848,8.719380661601773,8
,,,,,,1.1092307741280556,1.3001065715171787,1.3633139978341753,1.550646097612632,8
,,,,,,3.169683999331426,3.90576402327631,4.470930598973584,5.60445204932603,8
,,,,,,7.0763970166712165,8.491001206054529,10.259040021549879,9.741121027941494,8
,,,,,,12.002628718729285,17.08076285888213,20.46720876515512,23.027214649199358,8
,,,,,,7.8956048234042004,9.884842705637679,10.614157183722709,10.565416375524741,8
,,,,,,0.0,0.0,0.0,0.0,8
,,,,,,0.5177239457090616,0.5789888223647061,0.8031106392602143,0.882289259338692,8
,,,,,,4.060210924892795,4.949936988141735,6.172226824678406,7.448494618910077,8
,,,,,,0.919051153670126,1.066317048710306,1.1528044177285437,1.2563193874056138,8
,,,,,,2.398246851868318,2.840796811039729,3.264646787282081,3.868956496232218,8
,,,,,,6.03762549236777,7.161547488293881,8.413245637386419,8.897309837968697,8
,,,,,,11.033628395514823,14.721678087659773,18.094700319012606,18.714801080523387,8
,,,,,,6.553203977658279,8.144275773447971,8.74766539005038,10.524854732453193,8
,,,,,,0.0,0.0,0.0,0.0,8
,,,,,,0.4775797979276313,0.5345358647986761,0.7090763022360341,0.8401451347414426,8
,,,,,,3.6205742800840635,4.325548923784985,5.441543590226754,6.636624125564583,8
,,,,,,0.8075600094427757,0.9319055673763801,0.9886467674573222,1.096345339974643,8
,,,,,,2.174079033869129,2.554671470509513,2.8722407963919947,3.5691445889602194,8
,,,,,,5.412839935566946,6.628236955478692,8.171477553381711,7.82352363383325,8
,,,,,,9.560606624044155,12.030508067533715,16.780179727478668,15.37684796745278,8
,,,,,,5.895851843605352,7.36274587319947,7.961050370847676,8.841937164943413,8
,,,,,,0.0,0.0,0.0,0.0,8
,,,,,,0.5327555565148716,0.6010125804430247,0.8024621169576458,0.9506962574072488,8
,,,,,,3.911682810453395,4.774310588231447,6.136765302332066,7.308181192004723,8
,,,,,,0.8410366559794766,0.9851900991093478,1.0638706048955036,1.16435928893416,8
,,,,,,2.5620839889615885,3.0604824506264396,3.438015813994713,4.219161952068321,8
,,,,,,6.380514630395301,7.570094010611871,9.503641410915431,9.04847911157189,8
,,,,,,11.54447729874317,13.805569529089443,20.73777357190052,18.633911835341458,8
,,,,,,6.648376914211811,8.312150053146441,9.034901486882925,9.924251147603494,8
,,,,,,0.0,0.0,0.0,0.0,8
,,,,,,0.6608627990608633,0.7644977328534444,1.0195094682534873,1.3117887457244062,8
,,,,,,7.800878615677195,9.008331544653846,10.090462881355661,10.768762156987343,8
,,,,,,1.9815571058862822,2.4132166961885737,2.3494973968242205,2.562745178408184,8
,,,,,,3.1667922705291582,4.070542805768528,4.506902491029209,5.115691176281958,8
,,,,,,7.468346425124819,10.849358665302343,11.95544333652904,11.964870516699152,8
,,,,,,15.025677032511245,21.896962774639274,23.202787070795335,25.50466954959805,8
,,,,,,9.685567975463114,11.837614730785303,13.223306159514703,14.245413636214938,8
,,,,,,0.0,0.0,0.0,0.0,8
,,,,,,0.4775797979276313,0.5345358647986761,0.7090763022360341,0.8401451347414426,8
,,,,,,3.6205742800840635,4.325548923784985,5.441543590226754,6.636624125564583,8
,,,,,,0.8075600094427757,0.9319055673763801,0.9886467674573222,1.096345339974643,8
,,,,,,2.174079033869129,2.554671470509513,2.8722407963919947,3.5691445889602194,8
,,,,,,5.412839935566946,6.628236955478692,8.171477553381711,7.82352363383325,8
,,,,,,9.560606624044155,12.030508067533715,16.780179727478668,15.37684796745278,8
,,,,,,5.895851843605352,7.36274587319947,7.961050370847676,8.841937164943413,8
,,,,,,0.0,0.0,0.0,0.0,8
,,,,,,0.7529035144972759,0.8782796406602887,1.146048813378122,1.3117764810243933,8
,,,,,,5.512573599590677,6.646264906656409,8.565020733534736,9.866642857434554,8
,,,,,,1.3165351918215644,1.5153843838483778,1.6135946922339324,1.871705228593673,8
,,,,,,3.1103965848523933,3.8333359521046355,4.27510459670139,5.265751876416161,8
,,,,,,8.232970141275981,11.612406328147278,12.576431122646369,12.535664579736627,8
,,,,,,12.494601653042862,17.37503113809113,22.57929093750897,21.302930830083593,8
,,,,,,8.368449806832153,12.208699750387328,11.428318168976858,14.181218625875896,8
,,,,,,0.0,0.0,0.0,0.0,8
,,,,,,0.5516703278753754,0.5984245751992624,0.8031116653989698,0.9851873152402352,8
,,,,,,4.30908669904806,5.312167687357637,6.66678649479607,8.494700872477349,8
,,,,,,0.932904394551787,1.0765743920429722,1.1409979443682747,1.2213785216451394,8
,,,,,,2.7586898715474595,3.241607463467503,3.7399644889541435,4.46452964525142,8
,,,,,,6.614234462200115,7.365665424878892,9.448664114005785,9.36911098095,8
,,,,,,13.383870742122127,16.002008146856717,21.922998302075975,21.844158968690465,8
,,,,,,7.745135245224237,8.43128651340266,9.46407839051759,10.917360352820092,8
,,,,,,210869.40100000007,211000.54200000002,211131.42099999997,211262.05499999973,8
,,,,,,103090.47399999996,103152.95100000004,103215.34300000004,103277.54799999986,8
,,,,,,107778.92700000008,107847.59099999999,107916.07800000002,107984.50699999985,8
,,,,,,210869.40100000007,211000.54200000002,211131.42099999997,211262.05499999973,8
,,,,,,29263.307,29266.062000000016,29268.434000000012,29269.23799999998,8
,,,,,,30546.43099999999,30504.135000000002,30466.75400000001,30430.972999999976,8
,,,,,,34113.74400000002,34104.009999999995,34093.802000000054,34080.79599999996,8
,,,,,,86962.57200000003,87050.47999999998,87134.97800000003,87217.76999999984,8
,,,,,,29983.346999999994,30075.855000000014,30167.453,30263.277999999984,8
,,,,,,210869.40100000007,211000.54200000002,211131.42099999997,211262.05499999973,8
,,,,,,92966.51982290966,92802.29479400648,92839.9689889746,93249.23563760116,8
,,,,,,115474.5256678972,115950.4616469462,115983.51140953686,115779.0665910117,8
,,,,,,210869.40100000007,211000.54200000002,211131.42099999997,211262.05499999973,8
,,,,,,86277.81384005236,87099.14179217222,87293.87929422627,87391.2720856152,8
,,,,,,33952.410799498895,33822.24892280276,33566.41137355699,33543.996597483805,8
,,,,,,62897.500978591415,62610.664266222535,62659.09300367758,62522.88901326003,8
,,,,,,27741.67538185741,27468.48701880248,27612.037328539103,27803.897303640668,8
,,,,,,0.0,0.0,0.0,0.0,8
,,,,,,0.0,0.0,0.0,0.0,8
,,,,,,0.0,0.0,0.0,0.0,8
,,,,,,0.0,0.0,0.0,0.0,8
,,,,,,0.0,0.0,0.0,0.0,8
,,,,,,0.0,0.0,0.0,0.0,8
,,,,,,0.0,0.0,0.0,0.0,8
,,,,,,0.0,0.0,0.0,0.0,8
,,,,,,0.0,0.0,0.0,0.0,8
,,,,,,0.0,0.0,0.0,0.0,8
,,,,,,0.4918286120901391,0.47942511701296425,0.4814368876298619,0.4821362887546978,8
,,,,,,0.39763649516712807,0.38567782360328506,0.3878225743451994,0.3916026968142435,8
,,,,,,0.0,0.0,0.0,0.0,8
,,,,,,0.33498473248315264,0.32054918557680234,0.31738196406996927,0.3158733301505076,8
,,,,,,0.6125661782535523,0.5902333420651423,0.5854718067176939,0.5924721505155026,8
,,,,,,0.39638112718505597,0.39107861511056724,0.39121367824505937,0.39269741483925075,8
,,,,,,1.1696151074969843,1.1781119738823451,1.1823034616242885,1.1874782352400017,8
,,,,,,100.0,100.0,100.0,100.0,8
,,,,,,48.88830409301537,48.88752892397783,48.88677512382205,48.88599043496003,8
,,,,,,51.11169590698462,51.11247107602217,51.11322487617795,51.114009565039964,8
,,,,,,100.0,100.0,100.0,100.0,8
,,,,,,13.87745536394823,13.870135935480205,13.862661398939762,13.854469985156587,8
,,,,,,14.485947631633856,14.456898883226565,14.430232059111656,14.404372332740964,8
,,,,,,16.177664392379054,16.162996396473712,16.148142156443875,16.132000609385344,8
,,,,,,41.24001471413104,41.256045683522466,41.27049284625428,41.284162458800274,8
,,,,,,14.218917897907815,14.253923101297058,14.288471539250427,14.324994613916825,8
,,,,,,100.0,100.0,100.0,100.0,8
,,,,,,44.08724991963614,43.98201725662218,43.97259704370322,44.13913120252537,8
,,,,,,54.761157911145744,54.952684267012906,54.93427309880933,54.80353137292524,8
,,,,,,100.0,100.0,100.0,100.0,8
,,,,,,40.91528378745304,41.27910808502674,41.345754639820406,41.3662889370338,8
,,,,,,16.101155804724307,16.029460683945903,15.898349575147778,15.877908883109077,8
,,,,,,29.827704105154336,29.673224377889294,29.677767859895,29.594945014266777,8
,,,,,,13.155856302668306,13.01820685313807,13.078127925136787,13.160857165590222,8
,,,,,,0.0,0.0,0.0,0.0,8
,,,,,,0.0,0.0,0.0,0.0,8
,,,,,,0.0,0.0,0.0,0.0,8
,,,,,,0.0,0.0,0.0,0.0,8
,,,,,,0.0,0.0,0.0,0.0,8
,,,,,,0.0,0.0,0.0,0.0,8
,,,,,,0.0,0.0,0.0,0.0,8
,,,,,,0.0,0.0,0.0,0.0,8
,,,,,,0.0,0.0,0.0,0.0,8
,,,,,,0.0,0.0,0.0,0.0,8
,,,,,,0.4918286120901389,0.4794251170129653,0.48143688762986164,0.48213628875469716,8
,,,,,,0.3976364951671281,0.385677823603286,0.3878225743451991,0.39160269681424337,8
,,,,,,0.0,0.0,0.0,0.0,8
,,,,,,0.3349847324831533,0.3205491855768025,0.31738196406996944,0.3158733301505073,8
,,,,,,0.6125661782535528,0.5902333420651422,0.5854718067176949,0.5924721505155033,8
,,,,,,0.396381127185056,0.3910786151105671,0.39121367824505915,0.39269741483925075,8
,,,,,,1.1696151074969845,1.178111973882345,1.1823034616242882,1.1874782352400022,8
,,,,,,,,13313.503411328596,17897.737824560976,8
,,,,,,,,6408.208589070613,8544.456061848185,8
,,,,,,,,6905.294822257966,9353.281762712793,8
,,,,,,,,13313.503411328596,17897.737824560976,8
,,,,,,,,535.5127112228301,779.6081510649309,8
,,,,,,,,872.2514705865857,1252.5278305020101,8
,,,,,,,,2459.3928092839383,3250.774653420786,8
,,,,,,,,7903.215628356519,10395.808495160274,8
,,,,,,,,1543.1307918787109,2219.018694412973,8
,,,,,,,,13313.503411328596,17897.737824560976,8
,,,,,,,,11770.372619449883,15678.719130148,8
,,,,,,,,1543.1307918787109,2219.018694412973,8
,,,,,,,,13313.503411328596,17897.737824560976,8
,,,,,,,,6125.824280229945,8392.079999292948,8
,,,,,,,,7014.973897790744,9300.937717771709,8
,,,,,,,,13313.503411328596,17897.737824560976,8
,,,,,,,,2682.245921155946,3861.2251958412476,8
,,,,,,,,1634.134622698901,2247.146433065341,8
,,,,,,,,5067.505611662219,6817.214858118982,8
,,,,,,,,3929.6172558115245,4972.151337535397,8
,,,,,,,,1875.9839504774666,2384.582603577462,8
,,,,,,,,3872.2412919425024,5227.195052756407,8
,,,,,,,,4049.0357451622867,5619.6854525554545,8
,,,,,,,,2041.4242618491178,2712.972603516562,8
,,,,,,,,1469.6623943377876,1934.6713981492692,8
,,,,,,,,1.2901541839895767,1.1277111501451462,8
,,,,,,,,1.4946616517539848,1.3160762142685345,8
,,,,,,,,1.4618858559660957,1.2681808608447962,8
,,,,,,,,1.2901541839895767,1.1277111501451462,8
,,,,,,,,5.639994934473283,5.148504017326337,8
,,,,,,,,3.9290893930974153,3.348946485781944,8
,,,,,,,,2.270375492402631,1.9782249971506558,8
,,,,,,,,1.4044078427674473,1.1996636305016435,8
,,,,,,,,2.5672315212501178,2.185637253759778,8
,,,,,,,,1.2901541839895767,1.1277111501451462,8
,,,,,,,,1.3620593385131294,1.1921575279654915,8
,,,,,,,,2.5672315212501178,2.185637253759778,8
,,,,,,,,1.2901541839895767,1.1277111501451462,8
,,,,,,,,2.043279434169385,1.8265539127549504,8
,,,,,,,,1.54573903167451,1.4008404338363694,8
,,,,,,,,1.2901541839895767,1.1277111501451462,8
,,,,,,,,2.4626435155729443,2.051435293327451,8
,,,,,,,,2.763291980947647,2.448954562133861,8
,,,,,,,,1.705947058612952,1.4893366326494288,8
,,,,,,,,2.3196229166749056,2.145276726725971,8
,,,,,,,,3.269919812238541,2.915540522618269,8
,,,,,,,,2.1725724930141377,1.9078956099119866,8
,,,,,,,,2.1382390688948862,1.9382163026742103,8
,,,,,,,,3.4650430819117366,3.058764816947813,8
,,,,,,,,5.120493042528399,4.677553457573755,8
,,,,,,,,100.0,100.0,8
,,,,,,,,48.1331501640493,47.740424771015846,8
,,,,,,,,51.86684983595067,52.259575228984126,8
,,,,,,,,100.0,100.0,8
,,,,,,,,4.022327517242059,4.355903291839924,8
,,,,,,,,6.551629902647399,6.998246609597623,8
,,,,,,,,18.472919811559272,18.163047672760992,8
,,,,,,,,59.362403600179334,58.08448306184347,8
,,,,,,,,11.590719168371907,12.398319363957969,8
,,,,,,,,100.0,100.0,8
,,,,,,,,88.40928083162805,87.60168063604199,8
,,,,,,,,11.590719168371907,12.398319363957969,8
,,,,,,,,100.0,100.0,8
,,,,,,,,46.01211334814715,46.889054256770564,8
,,,,,,,,52.69066812137233,51.967113436023595,8
,,,,,,,,100.0,100.0,8
,,,,,,,,20.146807630466338,21.573816946533373,8
,,,,,,,,12.274264498316812,12.555477430123007,8
,,,,,,,,38.06290091419684,38.08981294140844,8
,,,,,,,,29.51602695702001,27.78089268193515,8
,,,,,,,,14.096295052495014,13.337257777093866,8
,,,,,,,,29.096334087390996,29.236331660379616,8
,,,,,,,,30.4247819003887,31.431577750534355,8
,,,,,,,,15.33942692581292,15.173982608532627,8
,,,,,,,,11.043162033912369,10.8208502034596,8
,,,,,,,,0.0,0.0,8
,,,,,,,,0.7480198728235634,0.6580973465633908,8
,,,,,,,,0.694172732259395,0.6011883320511527,8
,,,,,,,,0.0,0.0,8
,,,,,,,,5.125986433018298,4.671632373536341,8
,,,,,,,,3.516385890308296,2.9856268178433507,8
,,,,,,,,1.9364682734131067,1.6842293901069016,8
,,,,,,,,0.7106369085560107,0.6177455113388955,8
,,,,,,,,2.3751291141690603,1.999017374937043,8
,,,,,,,,0.0,0.0,8
,,,,,,,,0.3113864776638809,0.28292214999324217,8
,,,,,,,,2.3751291141690603,1.999017374937043,8
,,,,,,,,0.0,0.0,8
,,,,,,,,1.3351361939564146,1.2151579092233908,8
,,,,,,,,1.1680255388531267,1.1000967464728684,8
,,,,,,,,0.0,0.0,8
,,,,,,,,2.0131076060858057,1.686155599599822,8
,,,,,,,,2.5337107998413293,2.2425758222796284,8
,,,,,,,,1.282734646204058,1.1567209522330741,8
,,,,,,,,1.8031941207562523,1.6519739300658296,8
,,,,,,,,3.064934449706223,2.7880548353690764,8
,,,,,,,,1.9392688582883886,1.7529772283675642,8
,,,,,,,,1.8813746002864427,1.6521558439065749,8
,,,,,,,,3.041910911364775,2.7101179076101376,8
,,,,,,,,4.690017416541066,4.285245195064364,8
,,,,,,,,6.30578970589536,8.471818483712568,8
,,,,,,,,6.20858140157575,8.273294851895777,8
,,,,,,,,6.398763696970131,8.661688627899924,8
,,,,,,,,6.30578970589536,8.471818483712568,8
,,,,,,,,1.8296595958049213,2.663575153767007,8
,,,,,,,,2.862961609190745,4.115963792883032,8
,,,,,,,,7.2136067701805064,9.538435233205206,8
,,,,,,,,9.070083920095234,11.91936975132509,8
,,,,,,,,5.115217356528944,7.332380498943215,8
,,,,,,,,6.30578970589536,8.471818483712568,8
,,,,,,,,6.504263113555222,8.662334293091952,8
,,,,,,,,5.115217356528944,7.332380498943215,8
,,,,,,,,6.30578970589536,8.471818483712568,8
,,,,,,,,6.598261876797308,8.999623366251994,8
,,,,,,,,6.048251007870339,8.033350061999702,8
,,,,,,,,6.30578970589536,8.471818483712568,8
,,,,,,,,3.0726620730364904,4.418319019385017,8
,,,,,,,,4.868362615570655,6.699101660515627,8
,,,,,,,,8.087422541154233,10.9035506287516,8
,,,,,,,,14.231536807861579,17.8829294441551,8
,,,,,,,,3.595476003496395,4.769966561123079,8
,,,,,,,,5.093085028208276,6.846853854809662,8
,,,,,,,,7.24364399243006,9.906582053126805,8
,,,,,,,,11.015117841942011,14.154307382275555,8
,,,,,,,,17.485707350237522,21.679920304981326,8
,,,,,,,,1.2901541839895776,1.1277111501451467,8
,,,,,,,,1.494661651753984,1.3160762142685343,8
,,,,,,,,1.461885855966095,1.2681808608447964,8
,,,,,,,,1.2901541839895776,1.1277111501451467,8
,,,,,,,,5.639994934473283,5.1485040173263386,8
,,,,,,,,3.9290893930974202,3.3489464857819464,8
,,,,,,,,2.27037549240263,1.9782249971506551,8
,,,,,,,,1.404407842767448,1.199663630501644,8
,,,,,,,,2.567231521250119,2.1856372537597766,8
,,,,,,,,1.2901541839895776,1.1277111501451467,8
,,,,,,,,1.3620593385131303,1.1921575279654917,8
,,,,,,,,2.567231521250119,2.1856372537597766,8
,,,,,,,,1.2901541839895776,1.1277111501451467,8
,,,,,,,,1.9189512154444994,1.6908238149010952,8
,,,,,,,,1.522090219931364,1.3766712351928154,8
,,,,,,,,1.2901541839895776,1.1277111501451467,8
,,,,,,,,2.4382671987515043,2.035320193515706,8
,,,,,,,,2.6826898813548756,2.367357439719594,8
,,,,,,,,1.6705163476069582,1.44764091221321,8
,,,,,,,,1.8494270781609,1.6427555430209733,8
,,,,,,,,3.175882968571079,2.7886294313216182,8
,,,,,,,,2.1024322748043955,1.8065480707952628,8
,,,,,,,,2.0095334765172828,1.794032568479354,8
,,,,,,,,3.05489354139529,2.534803991727843,8
,,,,,,,,3.59009809465414,3.2393087058895715,8
,,,,,,,,2712.707098377126,3872.451115028259,8
,,,,,,,,1249.3933429760357,1762.0970319645614,8
,,,,,,,,1463.3137554010893,2110.3540830637003,8
,,,,,,,,2712.707098377126,3872.451115028259,8
,,,,,,,,84.70372579002202,151.15007565363052,8
,,,,,,,,172.5508500237339,253.91631227318956,8
,,,,,,,,469.41429124153274,678.3854778582885,8
,,,,,,,,1676.6322051583995,2319.2989402706785,8
,,,,,,,,309.4060261634359,469.7003089724736,8
,,,,,,,,2712.707098377126,3872.451115028259,8
,,,,,,,,2403.3010722136896,3402.750806055787,8
,,,,,,,,309.4060261634359,469.7003089724736,8
,,,,,,,,2712.707098377126,3872.451115028259,8
,,,,,,,,1102.206056665647,1638.2485753109995,8
,,,,,,,,1571.7167297966362,2192.5923635390636,8
,,,,,,,,2712.707098377126,3872.451115028259,8
,,,,,,,,544.1498200236193,851.9032320815458,8
,,,,,,,,361.6907398683361,524.7859092415159,8
,,,,,,,,1093.2095995163525,1525.9909721808112,8
,,,,,,,,713.6569389688163,969.7710015243883,8
,,,,,,,,422.2635465757622,576.1974941175582,8
,,,,,,,,839.4609790338285,1237.0090300715794,8
,,,,,,,,825.403153325192,1153.5221534468794,8
,,,,,,,,403.2994061742266,573.9894160891441,8
,,,,,,,,221.35098109269364,329.120673198379,8
,,,,,,,,2.485965098113445,2.1547664279119227,8
,,,,,,,,3.07486423511429,2.6282156545124806,8
,,,,,,,,2.7874581822648277,2.4218675006369943,8
,,,,,,,,2.485965098113445,2.1547664279119227,8
,,,,,,,,13.272448777091531,10.014713141239229,8
,,,,,,,,7.856814483615103,6.409641393415987,8
,,,,,,,,4.901336480345316,4.200036145252267,8
,,,,,,,,2.7303859968834514,2.3440126652016327,8
,,,,,,,,5.388716737335406,4.413315703144229,8
,,,,,,,,2.485965098113445,2.1547664279119227,8
,,,,,,,,2.62461539491419,2.2635516392842336,8
,,,,,,,,5.388716737335406,4.413315703144229,8
,,,,,,,,2.485965098113445,2.1547664279119227,8
,,,,,,,,3.8524374668502115,3.3368744008458004,8
,,,,,,,,2.9855672436972522,2.5903703450958724,8
,,,,,,,,2.485965098113445,2.1547664279119227,8
,,,,,,,,4.744739275672744,3.656256486108895,8
,,,,,,,,5.352665186370046,4.42432127689915,8
,,,,,,,,3.385608971495583,2.9489645110596263,8
,,,,,,,,4.332220997464577,3.8569338582109673,8
,,,,,,,,6.14773123635408,5.108995616545816,8
,,,,,,,,4.220515609114384,3.5582653339436816,8
,,,,,,,,4.373382385522005,3.7425734704862523,8
,,,,,,,,7.224539575947558,5.888457725029548,8
,,,,,,,,8.65946064354904,7.990625826457707,8
,,,,,,,,100.0,100.0,8
,,,,,,,,46.057067632678965,45.50340287385917,8
,,,,,,,,53.94293236732104,54.496597126140855,8
,,,,,,,,100.0,100.0,8
,,,,,,,,3.1224796013066056,3.903214557494224,8
,,,,,,,,6.360836012371639,6.556992063444976,8
,,,,,,,,17.304274815454995,17.518245103872353,8
,,,,,,,,61.80660662411525,59.89227162274339,8
,,,,,,,,11.405802946751525,12.129276652445114,8
,,,,,,,,100.0,100.0,8
,,,,,,,,88.59419705324848,87.87072334755491,8
,,,,,,,,11.405802946751525,12.129276652445114,8
,,,,,,,,100.0,100.0,8
,,,,,,,,40.63122249081157,42.30520997290996,8
,,,,,,,,57.93905028437882,56.62027223610446,8
,,,,,,,,100.0,100.0,8
,,,,,,,,20.059291338499307,21.99907001473739,8
,,,,,,,,13.333202839507367,13.551776217520711,8
,,,,,,,,40.29958118848746,39.406332755466586,8
,,,,,,,,26.30792463350585,25.04282101227533,8
,,,,,,,,15.5714640456257,14.889444465812362,8
,,,,,,,,30.9561091852046,31.965389376027737,8
,,,,,,,,30.43771035737104,29.808015861185623,8
,,,,,,,,14.872139103149928,14.832385808813854,8
,,,,,,,,8.162577308648732,8.50476448816044,8
,,,,,,,,0.0,0.0,8
,,,,,,,,1.6646288368687363,1.4254531331995148,8
,,,,,,,,1.421278368793629,1.190220520515197,8
,,,,,,,,0.0,0.0,8
,,,,,,,,12.57521483475523,9.261648728633617,8
,,,,,,,,6.949462959065398,5.717460816167021,8
,,,,,,,,4.265939305248173,3.6439981405983897,8
,,,,,,,,1.4497174220176434,1.2521677161527816,8
,,,,,,,,5.012705277826897,4.011826249100822,8
,,,,,,,,0.0,0.0,8
,,,,,,,,0.6453462024682185,0.5537743244062994,8
,,,,,,,,5.012705277826897,4.011826249100822,8
,,,,,,,,0.0,0.0,8
,,,,,,,,2.7415269992368962,2.2964283220601347,8
,,,,,,,,1.9082925937381545,1.7107228445827682,8
,,,,,,,,0.0,0.0,8
,,,,,,,,3.8280063549514622,2.8686451369622556,8
,,,,,,,,4.80847860323047,3.9515542470102867,8
,,,,,,,,2.464168133603903,2.1131485777091403,8
,,,,,,,,3.51122930592214,3.1065500783871913,8
,,,,,,,,5.679325740649115,4.795993768473986,8
,,,,,,,,3.6202687204314916,2.919433815585404,8
,,,,,,,,3.70142738681705,3.1177891467923318,8
,,,,,,,,6.439399789046196,5.30944859102378,8
,,,,,,,,8.219649324947044,7.520436790155219,8
,,,,,,,,1.2848429123096392,1.8330083530751737,8
,,,,,,,,1.210472500174742,1.706176285250849,8
,,,,,,,,1.3559738108728243,1.954311911674239,8
,,,,,,,,1.2848429123096392,1.8330083530751737,8
,,,,,,,,0.2894029991150946,0.5164127458789004,8
,,,,,,,,0.5663578404963453,0.8344008989564344,8
,,,,,,,,1.3768317515351687,1.9905212244992445,8
,,,,,,,,1.9241781471023036,2.6592045867151666,8
,,,,,,,,1.0256286010073044,1.5520470352632423,8
,,,,,,,,1.2848429123096392,1.8330083530751737,8
,,,,,,,,1.3280550259672075,1.879985523910913,8
,,,,,,,,1.0256286010073044,1.5520470352632423,8
,,,,,,,,1.2848429123096392,1.8330083530751737,8
,,,,,,,,1.1872107117964932,1.7568493340554538,8
,,,,,,,,1.3551208363117362,1.8937727070165238,8
,,,,,,,,1.2848429123096392,1.8330083530751737,8
,,,,,,,,0.6233539217446706,0.9748150035474423,8
,,,,,,,,1.0775377082855826,1.5644704342740148,8
,,,,,,,,1.7446942608189184,2.4406917150888137,8
,,,,,,,,2.5845863181968056,3.487895926724652,8
,,,,,,,,0.8093024721656162,1.152588623023721,8
,,,,,,,,1.1041269956442943,1.620299216022889,8
,,,,,,,,1.4766297383421143,2.0334700153056744,8
,,,,,,,,2.1761230958284177,2.994657085356377,8
,,,,,,,,2.633583394381396,3.6881250079410863,8
,,,,,,,,2.485965098113448,2.1547664279119223,8
,,,,,,,,3.0748642351142927,2.6282156545124797,8
,,,,,,,,2.7874581822648277,2.4218675006369934,8
,,,,,,,,2.485965098113448,2.1547664279119223,8
,,,,,,,,13.272448777091528,10.014713141239227,8
,,,,,,,,7.856814483615106,6.409641393415989,8
,,,,,,,,4.901336480345316,4.200036145252266,8
,,,,,,,,2.7303859968834496,2.3440126652016313,8
,,,,,,,,5.388716737335407,4.413315703144235,8
,,,,,,,,2.485965098113448,2.1547664279119223,8
,,,,,,,,2.624615394914193,2.2635516392842328,8
,,,,,,,,5.388716737335407,4.413315703144235,8
,,,,,,,,2.485965098113448,2.1547664279119223,8
,,,,,,,,3.8135433899221747,3.303009294739069,8
,,,,,,,,2.982426627880537,2.585694531081747,8
,,,,,,,,2.485965098113448,2.1547664279119223,8
,,,,,,,,4.734478188306181,3.6465140302136634,8
,,,,,,,,5.304696191483668,4.391249983424125,8
,,,,,,,,3.3620435202322616,2.9316908064624396,8
,,,,,,,,4.221577272743249,3.7501288927008845,8
,,,,,,,,6.126766240140588,5.051005441157712,8
,,,,,,,,4.201138585589407,3.5183488622405945,8
,,,,,,,,4.303082804359779,3.6860810591161317,8
,,,,,,,,7.049776100894133,5.632119495336773,8
,,,,,,,,8.442998435329676,7.612628888790593,8
,,,,,,,,4712.30919137691,6852.105040582199,8
,,,,,,,,1200.1340980872646,1728.3901959438485,8
,,,,,,,,3122.4588079580376,4785.038289813327,8
,,,,,,,,32.779010865191715,41.50351022473449,8
,,,,,,,,355.672852628925,292.0924935253307,8
,,,,,,,,2.1368183492987547,1.8357567586729542,8
,,,,,,,,3.9336533964990767,3.338906116339227,8
,,,,,,,,2.55979454266666,2.1969898851625334,8
,,,,,,,,21.353744771689907,20.015081360099362,8
,,,,,,,,7.422513690888369,6.650393188672001,8
,,,,,,,,100.0,100.0,8
,,,,,,,,25.46806776353719,25.224222128926854,8
,,,,,,,,66.26175577935012,69.83311349539304,8
,,,,,,,,0.6956039923096353,0.6057045240685338,8
,,,,,,,,7.547740145739438,4.2628140081826915,8
,,,,,,,,0.0,0.0,8
,,,,,,,,3.291178642254142,2.844967402855442,8
,,,,,,,,1.3887209760641483,1.0859654037395847,8
,,,,,,,,21.35825687912925,19.923962337087545,8
,,,,,,,,7.13201779171813,6.598781316621573,8
,,,,,,,,2.231931736667901,3.243414933449464,8
,,,,,,,,2.136818349298754,1.8357567586729513,8
,,,,,,,,6413.939041588547,8025.505762812524,8
,,,,,,,,1021.2745828644531,1409.5381876171791,8
,,,,,,,,5295.634886665178,6523.900704876578,8
,,,,,,,,25.3412394737148,34.03992395123534,8
,,,,,,,,71.4506672055221,55.5942071048594,8
,,,,,,,,1.750514778034562,1.5885281295801075,8
,,,,,,,,3.7779765660851496,3.350956861536881,8
,,,,,,,,1.8930804216191917,1.7226080834626905,8
,,,,,,,,17.48524420957958,24.403234835463927,8
,,,,,,,,12.914837186361908,14.329074746328404,8
,,,,,,,,100.0,100.0,8
,,,,,,,,15.92273603229495,17.563231891857857,8
,,,,,,,,82.56447172833762,81.28958968674742,8
,,,,,,,,0.39509635669126236,0.4241467760071247,8
,,,,,,,,1.1139904314997335,0.6927190478444877,8
,,,,,,,,0.0,0.0,8
,,,,,,,,3.3794423925186132,2.9504377474488073,8
,,,,,,,,0.6829401608830854,0.6563539600358126,8
,,,,,,,,17.438150536090628,24.35578348993778,8
,,,,,,,,12.810625099313613,14.285435895287469,8
,,,,,,,,3.0378893919292795,3.798839201300272,8
,,,,,,,,1.7505147780345631,1.5885281295801061,8
,,,,,,,,3971.961012331583,5347.688298095268,8
,,,,,,,,976.3730086309878,1322.234738341649,8
,,,,,,,,2799.2879675121285,3875.633802010918,8
,,,,,,,,38.38894688594731,40.774867971438944,8
,,,,,,,,157.0564454886242,105.89941889904068,8
,,,,,,,,2.26788201306735,1.9762019678062788,8
,,,,,,,,3.97731767844297,3.3871809642523383,8
,,,,,,,,2.6196924696400377,2.2957902077176895,8
,,,,,,,,16.80915884146411,20.418548151877577,8
,,,,,,,,9.40930006963319,11.39716824618918,8
,,,,,,,,100.0,100.0,8
,,,,,,,,24.581636264799243,24.725351677894206,8
,,,,,,,,70.4762196512327,72.47306847318194,8
,,,,,,,,0.9664985826085086,0.7624765262770103,8
,,,,,,,,3.954128577823843,1.9802840591281246,8
,,,,,,,,0.0,0.0,8
,,,,,,,,3.29219296664236,2.8912759874558316,8
,,,,,,,,1.2174694016060914,1.0362481991043575,8
,,,,,,,,16.716944731895676,20.361295484810515,8
,,,,,,,,9.276657194476524,11.227708315273162,8
,,,,,,,,1.8812742288754747,2.5313056327579857,8
,,,,,,,,2.267882013067352,1.9762019678062788,8
,,,,,,,,47214.32208768143,44969.55316231881,8
,,,,,,,,20237.320506964992,19146.179677026434,8
,,,,,,,,26977.00158071645,25823.373485292366,8
,,,,,,,,47214.32208768143,44969.55316231881,8
,,,,,,,,1846.6212534337465,1725.0663116432538,8
,,,,,,,,2658.7607247577907,2358.1033666837307,8
,,,,,,,,3402.404343172843,3094.843159759593,8
,,,,,,,,21265.537255353687,20139.52283167328,8
,,,,,,,,18040.998510963378,17652.017492558938,8
,,,,,,,,47214.32208768143,44969.55316231881,8
,,,,,,,,29173.32357671806,27317.535669759865,8
,,,,,,,,18040.998510963378,17652.017492558938,8
,,,,,,,,47214.32208768143,44969.55316231881,8
,,,,,,,,22444.244994498633,21445.271300181714,8
,,,,,,,,24243.77776887463,23046.25462557489,8
,,,,,,,,47214.32208768143,44969.55316231881,8
,,,,,,,,19933.769626080342,19366.614977429588,8
,,,,,,,,7733.829982076044,7193.690284981231,8
,,,,,,,,12777.334520743734,11902.201461802066,8
,,,,,,,,6769.387958781338,6507.046438105943,8
,,,,,,,,0.44797754266749074,0.48375626314011383,8
,,,,,,,,0.6321988255872132,0.6747270215542256,8
,,,,,,,,0.5330715728532484,0.545260318719474,8
,,,,,,,,0.44797754266749074,0.48375626314011383,8
,,,,,,,,2.736115676104066,2.8968243157271347,8
,,,,,,,,2.0642677916725347,2.141985830708429,8
,,,,,,,,1.8286544137756864,2.0383946331313583,8
,,,,,,,,0.6526984390236314,0.6862170528045872,8
,,,,,,,,0.4499771385051925,0.4788433955925659,8
,,,,,,,,0.44797754266749074,0.48375626314011383,8
,,,,,,,,0.6381403327602478,0.6894416776191392,8
,,,,,,,,0.4499771385051925,0.4788433955925659,8
,,,,,,,,0.44797754266749074,0.48375626314011383,8
,,,,,,,,0.7520159661546755,0.7908915079325837,8
,,,,,,,,0.7241417697582692,0.7535628080026885,8
,,,,,,,,0.44797754266749074,0.48375626314011383,8
,,,,,,,,0.7536354680838083,0.7876662388872812,8
,,,,,,,,1.1983634101157599,1.227637902528377,8
,,,,,,,,0.9528410168038206,0.9912723979237484,8
,,,,,,,,1.5971394323009904,1.6693544466374846,8
,,,,,,,,22.362527502565083,21.286147747790707,8
,,,,,,,,19.60689168757111,18.538569173840624,8
,,,,,,,,24.99813010320526,23.91396155125514,8
,,,,,,,,22.362527502565083,21.286147747790707,8
,,,,,,,,6.309258819360635,5.893786205309666,8
,,,,,,,,8.726760733216913,7.749023886563643,8
,,,,,,,,9.979539222914598,9.080900457136028,8
,,,,,,,,24.405282176525816,23.091077462394804,8
,,,,,,,,59.80285611438063,58.32817414081499,8
,,,,,,,,22.362527502565083,21.286147747790707,8
,,,,,,,,16.121067579993642,15.092663123220955,8
,,,,,,,,59.80285611438063,58.32817414081499,8
,,,,,,,,22.362527502565083,21.286147747790707,8
,,,,,,,,24.175196565569813,22.9977984844031,8
,,,,,,,,20.902779605688945,19.905372624038804,8
,,,,,,,,22.362527502565083,21.286147747790707,8
,,,,,,,,22.835243189150816,22.16081138910138,8
,,,,,,,,23.040383721712438,21.44553724859619,8
,,,,,,,,20.39182807831866,19.036550693103464,8
,,,,,,,,24.51607564569191,23.40336092830378,8
,,,,,,,,0.44797754266749057,0.48375626314011405,8
,,,,,,,,0.632198825587213,0.6747270215542253,8
,,,,,,,,0.5330715728532482,0.5452603187194733,8
,,,,,,,,0.44797754266749057,0.48375626314011405,8
,,,,,,,,2.736115676104066,2.896824315727134,8
,,,,,,,,2.064267791672535,2.1419858307084283,8
,,,,,,,,1.8286544137756866,2.0383946331313587,8
,,,,,,,,0.6526984390236312,0.6862170528045863,8
,,,,,,,,0.44997713850519205,0.4788433955925654,8
,,,,,,,,0.44797754266749057,0.48375626314011405,8
,,,,,,,,0.6381403327602474,0.6894416776191391,8
,,,,,,,,0.44997713850519205,0.4788433955925654,8
,,,,,,,,0.44797754266749057,0.48375626314011405,8
,,,,,,,,0.6566987252119633,0.7046498090030718,8
,,,,,,,,0.6181075006681417,0.638819259248047,8
,,,,,,,,0.44797754266749057,0.48375626314011405,8
,,,,,,,,0.6208447893329316,0.6622676235789154,8
,,,,,,,,1.0280934833107338,1.0980324128215342,8
,,,,,,,,0.8707003705313423,0.9163538000056308,8
,,,,,,,,1.1499290223430512,1.2228464670284958,8
,,,,,,,,768.3077324154588,1116.7406543394504,8
,,,,,,,,316.321694261321,450.165190829542,8
,,,,,,,,451.98603815413867,666.5754635099094,8
,,,,,,,,768.3077324154588,1116.7406543394504,8
,,,,,,,,560.1782593501107,777.5372294968273,8
,,,,,,,,208.1294730653487,339.2034248426238,8
,,,,,,,,768.3077324154588,1116.7406543394504,8
,,,,,,,,301.3218757750621,470.55748891009426,8
,,,,,,,,456.2244061203128,634.026454844499,8
,,,,,,,,768.3077324154588,1116.7406543394504,8
,,,,,,,,186.32410288330627,315.35381905713,8
,,,,,,,,113.37180602441735,160.2443682992301,8
,,,,,,,,286.163273124832,381.0541052145557,8
,,,,,,,,182.44855038290333,260.08836176853566,8
,,,,,,,,3.6763777408271165,3.141196725915181,8
,,,,,,,,5.378099418788505,4.477972993313576,8
,,,,,,,,4.4150327316777656,3.8172984342246843,8
,,,,,,,,3.6763777408271165,3.141196725915181,8
,,,,,,,,4.2625314999722255,3.6918500813757165,8
,,,,,,,,6.402422343648451,5.204026550448418,8
,,,,,,,,3.6763777408271165,3.141196725915181,8
,,,,,,,,5.862203223374451,5.063976024376959,8
,,,,,,,,4.590942830984197,3.785641979584515,8
,,,,,,,,3.6763777408271165,3.141196725915181,8
,,,,,,,,6.772893712087479,5.2315645171418925,8
,,,,,,,,8.785757004454688,7.069653819461869,8
,,,,,,,,5.654294622506444,5.035401470257837,8
,,,,,,,,7.411872287584323,6.566432351675501,8
,,,,,,,,1.6272768483017486,2.483326108019235,8
,,,,,,,,1.5630611481023589,2.351201119091641,8
,,,,,,,,1.6754495002039977,2.5812873127887617,8
,,,,,,,,1.6272768483017486,2.483326108019235,8
,,,,,,,,1.9201729205689946,2.8462934537596336,8
,,,,,,,,1.1536471938560937,1.9216127844061555,8
,,,,,,,,1.6272768483017486,2.483326108019235,8
,,,,,,,,1.3425351391812008,2.1942249287660327,8
,,,,,,,,1.8818206076201391,2.7511040954173387,8
,,,,,,,,1.6272768483017486,2.483326108019235,8
,,,,,,,,0.9347158434074063,1.628337318755251,8
,,,,,,,,1.4659205889859015,2.2275683543644305,8
,,,,,,,,2.239616350814422,3.201543062747506,8
,,,,,,,,2.6952000903749136,3.997026365839823,8
,,,,,,,,3.667205422765097,3.1251838912149625,8
,,,,,,,,5.3526301872075965,4.458129637619603,8
,,,,,,,,4.406104439949368,3.7853138324927698,8
,,,,,,,,3.667205422765097,3.1251838912149625,8
,,,,,,,,4.2443818237887205,3.663341650950971,8
,,,,,,,,6.380412630519548,5.192582308202256,8
,,,,,,,,3.667205422765097,3.1251838912149625,8
,,,,,,,,5.85183005022451,5.0130322738078075,8
,,,,,,,,4.53689445187957,3.7544109093841502,8
,,,,,,,,3.667205422765097,3.1251838912149625,8
,,,,,,,,6.7424348363503475,5.206433810590546,8
,,,,,,,,8.722334654561363,7.015472382527464,8
,,,,,,,,5.583466081212564,4.939215043319628,8
,,,,,,,,7.323913858694898,6.416657342566323,8
,,,,,,,,47214.32208768143,44969.55316231881,8
,,,,,,,,11125.472052927778,10649.098711513598,8
,,,,,,,,27047.492498316016,26577.012572890944,8
,,,,,,,,12109.702485912469,10791.334716798001,8
,,,,,,,,5633.84483934831,5083.227256429468,8
,,,,,,,,6251.820861927801,5680.01714921154,8
,,,,,,,,2232.791751759799,2045.4846612527647,8
,,,,,,,,0.44797754266749074,0.48375626314011383,8
,,,,,,,,0.8725764322182524,0.8965025730874628,8
,,,,,,,,0.5246035784907701,0.5598877966325189,8
,,,,,,,,1.1752851374654092,1.256014102163531,8
,,,,,,,,1.2720290481386505,1.3652116735420552,8
,,,,,,,,1.3538722877488136,1.4924589657957545,8
,,,,,,,,2.0639366140500743,2.140775095000289,8
,,,,,,,,22.362527502565083,21.286147747790707,8
,,,,,,,,5.269453499736443,5.040705824580572,8
,,,,,,,,12.81073767713429,12.580116468568397,8
,,,,,,,,5.735623067640167,5.108032635959176,8
,,,,,,,,2.668406631596685,2.406124117475557,8
,,,,,,,,2.9611039571072686,2.688612088532205,8
,,,,,,,,1.0575364581853504,0.9682215110767382,8
,,,,,,,,0.44797754266749057,0.48375626314011405,8
,,,,,,,,0.8725764322182524,0.8965025730874642,8
,,,,,,,,0.5246035784907707,0.5598877966325183,8
,,,,,,,,1.1752851374654087,1.256014102163531,8
,,,,,,,,1.272029048138649,1.3652116735420556,8
,,,,,,,,1.3538722877488127,1.492458965795753,8
,,,,,,,,2.063936614050072,2.1407750950002877,8
,,,,,,3348.4834865007037,1634.7472471157525,1042.885924213811,1073.9011515437687,8
,,,,,,1521.5965409374091,745.1870868791568,470.52727422310255,496.76394159184593,8
,,,,,,1826.886945563295,889.5601602365961,572.3586499907083,577.1372099519225,8
,,,,,,3348.4834865007037,1634.7472471157525,1042.885924213811,1073.9011515437687,8
,,,,,,3041.571235758737,1467.4250700009743,931.0367512886708,971.9627044843465,8
,,,,,,306.9122507419668,167.32217711477887,111.84917292513995,101.93844705942232,8
,,,,,,3348.4834865007037,1634.7472471157525,1042.885924213811,1073.9011515437687,8
,,,,,,628.9250101032651,325.5378615877583,183.04824192424317,227.03057672890958,8
,,,,,,2645.4127288303257,1277.8505041303802,838.350784716811,828.7740390954854,8
,,,,,,3348.4834865007037,1634.7472471157525,1042.885924213811,1073.9011515437687,8
,,,,,,1170.200308249211,612.1609760233022,414.5701841017879,461.4495670289596,8
,,,,,,589.0588854893683,250.7418577563769,172.2256606769426,192.68036375084924,8
,,,,,,1200.1109914830681,577.8082561265151,348.3432489118294,306.9624362576542,8
,,,,,,389.1133012790569,194.03615720955858,107.74683052325086,112.8087845063053,8
,,,,,,2.642837745676792,2.9590642066805737,3.619211083745334,3.7706354504264317,8
,,,,,,3.3283399986317552,3.6051637579838673,4.177285145937731,4.746767401351642,8
,,,,,,2.600272933677121,3.221720633044023,4.23642193740863,4.269485800368396,8
,,,,,,2.642837745676792,2.9590642066805737,3.619211083745334,3.7706354504264317,8
,,,,,,2.7323439921863875,3.1154920298655733,3.8840494504479373,4.000523136197522,8
,,,,,,4.619117808074862,6.354068459763175,6.49021934891385,6.760840422422362,8
,,,,,,2.642837745676792,2.9590642066805737,3.619211083745334,3.7706354504264317,8
,,,,,,4.262052781503005,5.890317875970991,6.695098651335224,6.805743077461314,8
,,,,,,3.028763960748034,3.335486382310874,3.7866501157158132,4.010954187274712,8
,,,,,,2.642837745676792,2.9590642066805737,3.619211083745334,3.7706354504264317,8
,,,,,,4.454494643524319,4.544063838878672,5.402115929718423,5.388828405284196,8
,,,,,,4.673407126933303,6.13172648674454,6.663475669018021,6.793617440113395,8
,,,,,,3.2646047528955586,3.961179177803488,4.978567424637769,5.553092283628061,8
,,,,,,5.385223368194555,7.110170200531895,7.506188769669212,7.679438494716355,8
,,,,,,100.0,100.0,100.0,100.0,8
,,,,,,45.4413631445899,45.58423867627969,45.117808506027544,46.257883314281884,8
,,,,,,54.55863685541016,54.415761323720304,54.88219149397248,53.74211668571811,8
,,,,,,100.0,100.0,100.0,100.0,8
,,,,,,90.83429104610275,89.76464542699236,89.27503283645731,90.50765082867427,8
,,,,,,9.165708953897278,10.235354573007644,10.724967163542697,9.492349171325724,8
,,,,,,100.0,100.0,100.0,100.0,8
,,,,,,18.782383507004123,19.913651003977353,17.552086731080944,21.140733148720965,8
,,,,,,79.003308198927,78.168078055182,80.38758269259509,77.174145674776,8
,,,,,,100.0,100.0,100.0,100.0,8
,,,,,,34.94717274153609,37.44682715345514,39.752208221078014,42.969463843633164,8
,,,,,,17.591810975450205,15.338264566511445,16.514333608134237,17.94209490080766,8
,,,,,,35.84043332814019,35.3454185132267,33.40185544976372,28.583863218359106,8
,,,,,,11.62058295487356,11.869489766806714,10.331602721024053,10.504578037200071,8
,,,,,,0.0,0.0,0.0,0.0,8
,,,,,,1.4446575106014052,1.8336846086100915,2.371674308472704,2.640534470188609,8
,,,,,,1.2032413260759103,1.536082833770196,1.9497171008575467,2.2728084218123814,8
,,,,,,0.0,0.0,0.0,0.0,8
,,,,,,0.42051400175993303,0.6828382277091958,0.766211142813972,0.6950473923813898,8
,,,,,,4.167390805986878,5.988530339335421,6.377970570101178,6.627137873210962,8
,,,,,,0.0,0.0,0.0,0.0,8
,,,,,,4.042192165452985,5.252354970737319,5.597483030787669,5.444203052942301,8
,,,,,,1.0305568229969102,1.3740825152351572,1.2795718167154162,1.5124026767382839,8
,,,,,,0.0,0.0,0.0,0.0,8
,,,,,,2.856566918662796,3.195645532494652,3.2973696585698375,3.3503860827610676,8
,,,,,,3.8268743808745134,5.170376341214354,5.6817674897142965,5.6152557205441385,8
,,,,,,2.5179627744228195,2.9852162693319038,3.726885781408517,4.316223677831231,8
,,,,,,5.313968314497473,6.628660357291636,7.389935224332392,7.395146793309084,8
,,,,,,18.287062512575037,8.918519089158675,5.6836381018376905,5.846591417686483,8
,,,,,,16.53837916926203,8.091359315231944,5.103934978694914,5.383164249378733,8
,,,,,,20.053045019548208,9.75379832654556,6.268986439442667,6.314491627595302,8
,,,,,,18.287062512575037,8.918519089158675,5.6836381018376905,5.846591417686483,8
,,,,,,18.211396191657435,8.779073198421095,5.565543622686767,5.8055924245122865,8
,,,,,,19.07238521709689,10.36196918913498,6.902868054891314,6.268691183814451,8
,,,,,,18.287062512575037,8.918519089158675,5.6836381018376905,5.846591417686483,8
,,,,,,16.866100094712298,8.676907809300042,4.96632286264864,6.064161992246611,8
,,,,,,18.5406246407632,8.953709990736444,5.840416965553615,5.782870546140225,8
,,,,,,18.287062512575037,8.918519089158675,5.6836381018376905,5.846591417686483,8
,,,,,,13.788734127871928,7.163866855325158,4.848390783427601,5.412844856960798,8
,,,,,,20.242730558368045,8.628281598217376,5.887770292765636,6.464462917296102,8
,,,,,,22.90356307170858,11.013884242416253,6.666206978680832,5.871038563006634,8
,,,,,,23.24164921446752,11.886122119641476,6.539671979516269,6.904365998367031,8
,,,,,,2.6428377456767924,2.959064206680573,3.619211083745337,3.770635450426433,8
,,,,,,3.3283399986317552,3.6051637579838696,4.1772851459377325,4.746767401351644,8
,,,,,,2.600272933677121,3.221720633044024,4.236421937408631,4.269485800368397,8
,,,,,,2.6428377456767924,2.959064206680573,3.619211083745337,3.770635450426433,8
,,,,,,2.732343992186387,3.1154920298655733,3.8840494504479377,4.000523136197524,8
,,,,,,4.619117808074864,6.35406845976318,6.490219348913849,6.760840422422364,8
,,,,,,2.6428377456767924,2.959064206680573,3.619211083745337,3.770635450426433,8
,,,,,,3.712945604574857,5.492178499007296,6.51404791708868,6.585831480916903,8
,,,,,,2.9527241597954053,3.3184609609056324,3.777928344682006,3.99991712649048,8
,,,,,,2.6428377456767924,2.959064206680573,3.619211083745337,3.770635450426433,8
,,,,,,4.183767076950147,4.365058882772976,5.287408678200259,5.186944011140363,8
,,,,,,4.195433250593226,5.7699611409723985,6.613747107371045,6.617226854438851,8
,,,,,,3.0626326433522624,3.8525578229570234,4.997504808818412,5.396355448323521,8
,,,,,,4.438105335790544,6.395237475647435,7.2259596699788515,7.239374093934325,8
,,,,,,1339.021344057477,522.6091307080042,233.88108676260745,205.390510081443,8
,,,,,,601.1500123163943,239.29425895155782,102.39204123613867,87.23949242815382,8
,,,,,,737.8713317410836,283.31487175644634,131.4890455264689,118.15101765328914,8
,,,,,,1339.021344057477,522.6091307080042,233.88108676260745,205.390510081443,8
,,,,,,1234.4064286183605,483.18181594682005,215.73391858968424,187.8210257991694,8
,,,,,,104.61491543911718,39.42731476118412,18.147168172923223,17.569484282273585,8
,,,,,,1339.021344057477,522.6091307080042,233.88108676260745,205.390510081443,8
,,,,,,212.28337178784966,82.32559710017637,36.96701986929665,46.76250299636441,8
,,,,,,1094.0500668399372,431.19424672362004,191.41926848027276,154.21847776095635,8
,,,,,,1339.021344057477,522.6091307080042,233.88108676260745,205.390510081443,8
,,,,,,442.6441221955636,178.43940463700883,88.56302667545903,59.78025687856035,8
,,,,,,238.22430211324775,95.88708284033102,39.470660505507254,46.1116678684179,8
,,,,,,523.9154242745508,197.50391846228825,81.11622193388057,77.66203103312196,8
,,,,,,134.23749547411586,50.77872476837613,24.731177647760727,21.836554301342744,8
,,,,,,4.519824828720044,6.0428829771715895,8.004923224700363,8.463459159553938,8
,,,,,,5.054390041494225,7.423397560786141,10.084369536982642,10.191146433136923,8
,,,,,,4.8917364011726905,6.006564082193424,8.521894682784621,9.707942502123077,8
,,,,,,4.519824828720044,6.0428829771715895,8.004923224700363,8.463459159553938,8
,,,,,,4.587907920007701,6.299973878755578,8.38363815605053,8.864704206915162,8
,,,,,,9.98408502592309,13.813921732670087,15.651589223490253,18.351252461015818,8
,,,,,,4.519824828720044,6.0428829771715895,8.004923224700363,8.463459159553938,8
,,,,,,8.001451669478092,12.93548210964702,16.261345192341267,17.153778244699204,8
,,,,,,4.957116337876947,6.345498923844925,8.58477631348595,8.612027420968255,8
,,,,,,4.519824828720044,6.0428829771715895,8.004923224700363,8.463459159553938,8
,,,,,,8.148226463699572,9.056293137123555,12.5721909806678,11.88359271634974,8
,,,,,,7.437037451277989,11.888454208558382,14.349436254165587,15.235758170928248,8
,,,,,,5.41620670049928,7.29148180849748,10.161088957690392,12.437339212169226,8
,,,,,,9.254318404863827,11.189131541857249,16.010830288569235,16.072703833195913,8
,,,,,,100.0,100.0,100.0,100.0,8
,,,,,,45.4413631445899,45.58423867627969,45.117808506027544,46.257883314281884,8
,,,,,,54.55863685541016,54.415761323720304,54.88219149397248,53.74211668571811,8
,,,,,,100.0,100.0,100.0,100.0,8
,,,,,,90.83429104610275,89.76464542699236,89.27503283645731,90.50765082867427,8
,,,,,,9.165708953897278,10.235354573007644,10.724967163542697,9.492349171325724,8
,,,,,,100.0,100.0,100.0,100.0,8
,,,,,,18.782383507004123,19.913651003977353,17.552086731080944,21.140733148720965,8
,,,,,,79.003308198927,78.168078055182,80.38758269259509,77.174145674776,8
,,,,,,100.0,100.0,100.0,100.0,8
,,,,,,34.94717274153609,37.44682715345514,39.752208221078014,42.969463843633164,8
,,,,,,17.591810975450205,15.338264566511445,16.514333608134237,17.94209490080766,8
,,,,,,35.84043332814019,35.3454185132267,33.40185544976372,28.583863218359106,8
,,,,,,11.62058295487356,11.869489766806714,10.331602721024053,10.504578037200071,8
,,,,,,0.0,0.0,0.0,0.0,8
,,,,,,1.4446575106014052,1.8336846086100915,2.371674308472704,2.640534470188609,8
,,,,,,1.2032413260759103,1.536082833770196,1.9497171008575467,2.2728084218123814,8
,,,,,,0.0,0.0,0.0,0.0,8
,,,,,,0.42051400175993303,0.6828382277091958,0.766211142813972,0.6950473923813898,8
,,,,,,4.167390805986878,5.988530339335421,6.377970570101178,6.627137873210962,8
,,,,,,0.0,0.0,0.0,0.0,8
,,,,,,4.042192165452985,5.252354970737319,5.597483030787669,5.444203052942301,8
,,,,,,1.0305568229969102,1.3740825152351572,1.2795718167154162,1.5124026767382839,8
,,,,,,0.0,0.0,0.0,0.0,8
,,,,,,2.856566918662796,3.195645532494652,3.2973696585698375,3.3503860827610676,8
,,,,,,3.8268743808745134,5.170376341214354,5.6817674897142965,5.6152557205441385,8
,,,,,,2.5179627744228195,2.9852162693319038,3.726885781408517,4.316223677831231,8
,,,,,,5.313968314497473,6.628660357291636,7.389935224332392,7.395146793309084,8
,,,,,,427.9475005228509,204.45744801886664,104.45400665838278,92.83986570382513,8
,,,,,,194.5205812605856,99.42755753597388,43.685258186126326,39.29302610429425,8
,,,,,,233.42691926226505,105.02989048289281,60.76874847225647,53.54683959953089,8
,,,,,,427.9475005228509,204.45744801886664,104.45400665838278,92.83986570382513,8
,,,,,,397.31149596680217,189.35072582555264,97.45981167756523,83.34420856438463,8
,,,,,,30.636004556048718,15.106722193313997,6.994194980817531,9.495657139440496,8
,,,,,,427.9475005228509,204.45744801886664,104.45400665838278,92.83986570382513,8
,,,,,,67.14524111854153,38.33002412290435,16.174740973680493,24.091940197106794,8
,,,,,,351.282811776805,159.42307715359271,86.55560996148579,66.85881546410508,8
,,,,,,6.057385263446315,9.350905524151255,11.581332807412824,11.631081999638276,8
,,,,,,7.0890281513086215,11.73050539246111,14.029686058951452,13.45775049447853,8
,,,,,,6.9387625639921815,9.35556388678416,14.431108429257462,13.625697806439776,8
,,,,,,6.057385263446315,9.350905524151255,11.581332807412824,11.631081999638276,8
,,,,,,6.165890242411606,9.737036462176373,11.898045322723505,12.223473546555702,8
,,,,,,15.54893896336775,18.95903466330973,25.65446223381737,25.522060254883876,8
,,,,,,6.057385263446315,9.350905524151255,11.581332807412824,11.631081999638276,8
,,,,,,12.878018790472279,17.085789300475767,28.663498985422347,18.798869465094945,8
,,,,,,6.531520660779268,10.173958672220468,11.575471767853426,12.44065717912209,8
,,,,,,100.0,100.0,100.0,100.0,8
,,,,,,45.454309470887786,48.6299513661146,41.82248205087925,42.323441343232496,8
,,,,,,54.54569052911228,51.37004863388543,58.17751794912082,57.676558656767526,8
,,,,,,100.0,100.0,100.0,100.0,8
,,,,,,92.84117689234809,92.61131235878479,93.3040433731833,89.77200465828629,8
,,,,,,7.158823107651939,7.388687641215203,6.695956626816697,10.227995341713708,8
,,,,,,100.0,100.0,100.0,100.0,8
,,,,,,15.690065028188254,18.74718896000667,15.4850364204602,25.94999466496879,8
,,,,,,82.0854921100417,77.97371956774192,82.8648059854384,72.01520053615327,8
,,,,,,0.0,0.0,0.0,0.0,8
,,,,,,3.859443989743801,5.081066579090756,9.822014676342786,8.1258174347887,8
,,,,,,3.216172713071485,4.810040620950151,7.060820863208145,5.962778736743203,8
,,,,,,0.0,0.0,0.0,0.0,8
,,,,,,1.107693103895969,1.4656067268838353,1.7366760755986834,2.7311925209645773,8
,,,,,,14.365424295973513,18.370212542406446,24.199514559858148,23.971914292407945,8
,,,,,,0.0,0.0,0.0,0.0,8
,,,,,,11.751780217689495,14.812560625306906,24.74795486810154,13.837318208534736,8
,,,,,,2.286508498978823,3.782302337957946,4.501442349539049,5.104243301518185,8
,,,,,,475.18021870808235,194.81181413172726,89.05318000052918,84.84784895226464,8
,,,,,,229.77356610732897,93.1070315941119,35.96884830578237,36.934421278433405,8
,,,,,,245.40665260075318,101.70478253761539,53.08433169474678,47.91342767383122,8
,,,,,,475.18021870808235,194.81181413172726,89.05318000052918,84.84784895226464,8
,,,,,,439.9646941578768,181.59120026926212,83.66515250482536,76.59732998339524,8
,,,,,,35.21552455020548,13.220613862465171,5.388027495703812,8.25051896886939,8
,,,,,,475.18021870808235,194.81181413172726,89.05318000052918,84.84784895226464,8
,,,,,,71.60559175392123,29.978236481514802,14.737642965831368,19.680492363757946,8
,,,,,,393.02378141136836,160.34560549754747,72.56052820428218,62.99806594303876,8
,,,,,,6.1618090092055295,9.301947206092212,12.447772471340324,10.961429027021918,8
,,,,,,7.347461068356,12.18520725437875,15.85110469179738,13.697589879520534,8
,,,,,,6.691639942124211,8.797005401078396,15.06590643829593,13.145122681163269,8
,,,,,,6.1618090092055295,9.301947206092212,12.447772471340324,10.961429027021918,8
,,,,,,6.354929099024109,9.787650780170235,12.530302564662149,11.412263612661198,8
,,,,,,14.25378225484609,22.148867351222535,29.945360284338378,28.520443125555374,8
,,,,,,6.1618090092055295,9.301947206092212,12.447772471340324,10.961429027021918,8
,,,,,,13.678014653903208,16.35570638400999,31.20479273091945,19.96740789966174,8
,,,,,,6.467086649321092,10.031867094713773,12.370695046997051,12.21266861626359,8
,,,,,,100.0,100.0,100.0,100.0,8
,,,,,,48.35503606022076,47.79331890578005,40.39030195841254,43.530179886130874,8
,,,,,,51.64496393977927,52.20668109421997,59.609698041587464,56.469820113869126,8
,,,,,,100.0,100.0,100.0,100.0,8
,,,,,,92.58901714260134,93.21364881211683,93.94965177473527,90.27610119673025,8
,,,,,,7.410982857398671,6.786351187883143,6.05034822526472,9.723898803269753,8
,,,,,,100.0,100.0,100.0,100.0,8
,,,,,,15.069144070980522,15.388305178064924,16.54926075154621,23.195039835164458,8
,,,,,,82.71046772105113,82.30794739641694,81.47999678826856,74.2482770287806,8
,,,,,,0.0,0.0,0.0,0.0,8
,,,,,,3.4682157469287316,5.2088318487551035,10.99010310044771,8.755776869239135,8
,,,,,,3.2472807552526897,4.768496224168111,7.446667192836321,6.749455574539617,8
,,,,,,0.0,0.0,0.0,0.0,8
,,,,,,1.0766156260948119,1.6203440315833446,1.7363755629792539,2.8708870271381106,8
,,,,,,13.450683206070005,22.25616908604645,26.962395124773714,26.653145310310194,8
,,,,,,0.0,0.0,0.0,0.0,8
,,,,,,12.128521806605043,14.069188479649917,26.140774769670582,16.487823675698998,8
,,,,,,2.2850176055064604,2.8352914938271057,5.260732171125537,5.326950995786657,8
,,,,,,1432.9184150457288,564.2579904839827,269.63624578360117,242.38894457728532,8
,,,,,,648.9686682763081,255.7376894755517,117.40863960674844,102.44945864951441,8
,,,,,,783.9497467694212,308.5203010084309,152.22760617685265,139.93948592777093,8
,,,,,,1432.9184150457288,564.2579904839827,269.63624578360117,242.38894457728532,8
,,,,,,1318.7946390056886,521.3866951182631,249.25479018812766,222.7233566787705,8
,,,,,,114.12377604004043,42.87129536571961,20.38145559547348,19.665587898514808,8
,,,,,,1432.9184150457288,564.2579904839827,269.63624578360117,242.38894457728532,8
,,,,,,231.16549144747265,93.38806444806819,38.62080455330556,58.5622369407091,8
,,,,,,1167.0193212959066,460.514994745999,225.1666060975751,179.09257008872282,8
,,,,,,1432.9184150457288,564.2579904839827,269.63624578360117,242.38894457728532,8
,,,,,,472.28831797988255,194.78546376991125,98.61754476029127,77.312449028324,8
,,,,,,259.81709289526754,101.04114871088156,48.575514274804064,49.8534619448972,8
,,,,,,556.3693800175364,211.07524413994835,95.09274647777562,86.94719494040828,8
,,,,,,144.44362415304263,57.35613386324158,27.350440270730257,28.27583866365583,8
,,,,,,4.326884039695042,5.673198769652064,7.466299320346375,7.713730589530093,8
,,,,,,4.763511313079303,7.054705486301593,9.373043677489253,9.219096195733298,8
,,,,,,4.739437783214478,5.6348877103019115,8.330450166849367,8.883685503891336,8
,,,,,,4.326884039695042,5.673198769652064,7.466299320346375,7.713730589530093,8
,,,,,,4.403741736906004,5.913146051107529,7.853040551788082,8.039751099970587,8
,,,,,,9.363715148021623,13.144944127719672,14.549201286231863,17.146118695701517,8
,,,,,,4.326884039695042,5.673198769652064,7.466299320346375,7.713730589530093,8
,,,,,,7.576073041735655,11.808030898105539,15.664706080018856,14.775993708770294,8
,,,,,,4.799827564941458,6.031533841618105,7.905569853014607,7.854166608055636,8
,,,,,,4.326884039695042,5.673198769652064,7.466299320346375,7.713730589530093,8
,,,,,,7.852576857696319,8.477520268423817,12.057395113823729,11.650995980231553,8
,,,,,,7.267927852781372,11.343101817655771,12.967442836704695,14.349384112535493,8
,,,,,,5.128076235040211,7.024479345252897,9.759832621480266,11.464564736138307,8
,,,,,,8.867413413349542,10.830002337894632,15.40214462076751,15.464339534020002,8
,,,,,,100.0,100.0,100.0,100.0,8
,,,,,,45.28999428453836,45.322829944543095,43.54334457726267,42.26655585640727,8
,,,,,,54.71000571546164,54.67717005545685,56.456655422737214,57.73344414359271,8
,,,,,,100.0,100.0,100.0,100.0,8
,,,,,,92.03557056412049,92.40218196485836,92.44112914558566,91.88676367529442,8
,,,,,,7.964429435879526,7.5978180351416,7.558870854414273,8.11323632470559,8
,,,,,,100.0,100.0,100.0,100.0,8
,,,,,,16.1324949850753,16.55059671693194,14.323298576223674,24.160440585621103,8
,,,,,,81.44352874819205,81.61426200646264,83.50754381823144,73.88644329511465,8
,,,,,,100.0,100.0,100.0,100.0,8
,,,,,,32.95988892464686,34.520638972757354,36.57429084643075,31.89602940148658,8
,,,,,,18.132022742339863,17.906906134233946,18.01520197465912,20.56754776165193,8
,,,,,,38.827708135761576,37.40757733158587,35.26704883515289,35.87094085171253,8
,,,,,,10.0803801972517,10.164877561422806,10.143458343757148,11.665481985148924,8
,,,,,,0.0,0.0,0.0,0.0,8
,,,,,,2.154871505797571,3.0542588200961074,5.302791014767751,5.479924328615214,8
,,,,,,1.7838440501918171,2.5317267329204314,4.089885499739539,4.011843241990355,8
,,,,,,0.0,0.0,0.0,0.0,8
,,,,,,0.7271210334677388,1.0438543896647525,1.1881236019895727,1.4479240992509312,8
,,,,,,8.402485039656343,12.695016228671888,14.530144706506837,16.398518939045175,8
,,,,,,0.0,0.0,0.0,0.0,8
,,,,,,7.100992408960634,10.233599028511167,14.05602961667406,10.97649057485319,8
,,,,,,1.498111381480929,2.1510763522045484,2.4574599178949943,3.6045697096945677,8
,,,,,,0.0,0.0,0.0,0.0,8
,,,,,,5.344465599633548,5.423137157989362,7.714795358571449,9.337666621659277,8
,,,,,,6.036285929706434,8.95467494601881,11.156196860742309,11.151859462301342,8
,,,,,,3.8215756203809397,5.179039786976557,7.097687761026602,7.787938210719522,8
,,,,,,8.697311026508105,10.636281449770447,15.194783379686182,14.941930359876924,8
,,,,,,7.312793126550845,2.851143818477969,1.2746316976377505,1.1181982548302276,8
,,,,,,6.533957309846456,2.5982949320258415,1.1106738109240955,0.9453675628474663,8
,,,,,,8.099333716282931,3.1064746888940227,1.4401862247632236,1.2926971245290335,8
,,,,,,7.312793126550845,2.851143818477969,1.2746316976377505,1.1181982548302276,8
,,,,,,7.391003790674016,2.890701962956341,1.2896123951521339,1.121866425031483,8
,,,,,,6.501063290518015,2.4416645050313046,1.1199681159149295,1.0804330888055727,8
,,,,,,7.312793126550845,2.851143818477969,1.2746316976377505,1.1181982548302276,8
,,,,,,5.6928767969157805,2.194311939323348,1.0029604983415008,1.2490625598484035,8
,,,,,,7.667753090630182,3.02131448268649,1.3335328880782154,1.0760779786101222,8
,,,,,,7.312793126550845,2.851143818477969,1.2746316976377505,1.1181982548302276,8
,,,,,,5.215775513981536,2.088202591526125,1.0357429905772535,0.7012277811338878,8
,,,,,,8.186465697954024,3.299571757906594,1.3493586347512045,1.547055243135786,8
,,,,,,9.998683496169301,3.764718264757657,1.5523123425788738,1.4853829824772502,8
,,,,,,8.017975152693644,3.1105652284421197,1.5010538008224663,1.3364877894882308,8
,,,,,,4.519824828720039,6.0428829771715895,8.00492322470036,8.463459159553938,8
,,,,,,5.054390041494224,7.423397560786138,10.084369536982644,10.19114643313692,8
,,,,,,4.89173640117269,6.006564082193424,8.521894682784621,9.707942502123077,8
,,,,,,4.519824828720039,6.0428829771715895,8.00492322470036,8.463459159553938,8
,,,,,,4.587907920007698,6.29997387875558,8.383638156050523,8.86470420691516,8
,,,,,,9.984085025923086,13.813921732670087,15.651589223490248,18.351252461015825,8
,,,,,,4.519824828720039,6.0428829771715895,8.00492322470036,8.463459159553938,8
,,,,,,7.410686041629483,12.602439493756934,16.03948043847819,17.130160705052738,8
,,,,,,4.875825882405469,6.326757591584167,8.580491542328934,8.667096905335441,8
,,,,,,4.519824828720039,6.0428829771715895,8.00492322470036,8.463459159553938,8
,,,,,,7.850818165337054,8.87395595443447,12.474664657931994,11.88240120396148,8
,,,,,,7.1364208810416345,11.595753354983685,14.416514923291931,15.143290620442551,8
,,,,,,5.366199587136904,7.2847578947152005,10.199988921337777,12.290609873148798,8
,,,,,,8.311610233930288,11.030723022135772,15.841203402759389,15.734295879209629,8
,,,,,,2.337148361552764,1.115437053828429,0.5692653034709836,0.5054438774582384,8
,,,,,,2.114262909096048,1.0796001541421305,0.4738656599187233,0.4257974375046993,8
,,,,,,2.5622387483300724,1.1516257312567073,0.6655939595228668,0.5858590721668996,8
,,,,,,2.337148361552764,1.115437053828429,0.5692653034709836,0.5054438774582384,8
,,,,,,2.378901069120143,1.1328168750691898,0.5825944385112124,0.4978200332543277,8
,,,,,,1.9038069643461129,0.9355328302270531,0.4316527680994125,0.5839341672513086,8
,,,,,,2.337148361552764,1.115437053828429,0.5692653034709836,0.5054438774582384,8
,,,,,,1.800657215719516,1.0216510117150521,0.438840521223112,0.6435143237874251,8
,,,,,,2.461998721381123,1.1170539856189854,0.6029944291799811,0.46651542695421294,8
,,,,,,6.057385263446321,9.350905524151253,11.581332807412824,11.631081999638274,8
,,,,,,7.08902815130862,11.730505392461108,14.029686058951452,13.457750494478532,8
,,,,,,6.938762563992179,9.35556388678416,14.431108429257462,13.62569780643978,8
,,,,,,6.057385263446321,9.350905524151253,11.581332807412824,11.631081999638274,8
,,,,,,6.165890242411611,9.737036462176372,11.898045322723508,12.223473546555704,8
,,,,,,15.548938963367743,18.95903466330972,25.65446223381736,25.522060254883883,8
,,,,,,6.057385263446321,9.350905524151253,11.581332807412824,11.631081999638274,8
,,,,,,12.453506279827158,16.794917193958664,28.529440993050066,18.661721295785135,8
,,,,,,6.541809696246954,10.158853827477405,11.544644295587542,12.501887814754689,8
,,,,,,2.5951002593519736,1.0628143807508232,0.4853321299953116,0.4619333025021449,8
,,,,,,2.4974309924596607,1.0109708832418103,0.3901637015927954,0.4002385027392242,8
,,,,,,2.6937357369873602,1.1151667779874825,0.5814273192982176,0.524223586139947,8
,,,,,,2.5951002593519736,1.0628143807508232,0.4853321299953116,0.4619333025021449,8
,,,,,,2.634286930863795,1.0863944414905888,0.5001328415015196,0.4575205166183712,8
,,,,,,2.1883911385744237,0.8187294467866155,0.3325267581894671,0.5073645617918492,8
,,,,,,2.5951002593519736,1.0628143807508232,0.4853321299953116,0.4619333025021449,8
,,,,,,1.9202719854700083,0.7990419085719058,0.3998502931978592,0.525681146128205,8
,,,,,,2.7545442443166372,1.1235180056458247,0.5054969204769961,0.4395765827841352,8
,,,,,,6.161809009205532,9.301947206092208,12.447772471340324,10.961429027021918,8
,,,,,,7.347461068356,12.185207254378748,15.851104691797383,13.697589879520535,8
,,,,,,6.69163994212421,8.797005401078392,15.065906438295926,13.145122681163274,8
,,,,,,6.161809009205532,9.301947206092208,12.447772471340324,10.961429027021918,8
,,,,,,6.354929099024111,9.78765078017024,12.530302564662149,11.412263612661201,8
,,,,,,14.253782254846092,22.148867351222528,29.945360284338367,28.520443125555385,8
,,,,,,6.161809009205532,9.301947206092208,12.447772471340324,10.961429027021918,8
,,,,,,13.195003545538075,16.223440726532793,31.0643304622194,19.95045444741697,8
,,,,,,6.474779728637997,10.019637075923244,12.378281161739634,12.269099482630212,8
,,,,,,7.825592910044561,3.07836313425239,1.4694942223210559,1.3196271566246507,8
,,,,,,7.0537028812594516,2.7768403028291644,1.2735628630227573,1.1101898044431717,8
,,,,,,8.605118999404414,3.3828457367976075,1.6673335833170349,1.5310860173692684,8
,,,,,,7.825592910044561,3.07836313425239,1.4694942223210559,1.3196271566246507,8
,,,,,,7.896277879013822,3.1192679304048245,1.4899931780733167,1.3303401728590127,8
,,,,,,7.091970469746117,2.654944188140468,1.2578590888315564,1.2093327006648102,8
,,,,,,7.825592910044561,3.07836313425239,1.4694942223210559,1.3196271566246507,8
,,,,,,6.199245147774091,2.4891716796094183,1.0478297011251623,1.5642425639469686,8
,,,,,,8.17916499337046,3.226760639068061,1.568635576303093,1.2496399497852846,8
,,,,,,7.825592910044561,3.07836313425239,1.4694942223210559,1.3196271566246507,8
,,,,,,5.565079758069555,2.2794937646389433,1.153330397206423,0.9068819693480047,8
,,,,,,8.928491761172673,3.476928391157989,1.660620541554956,1.6725931473658013,8
,,,,,,10.618052227529175,4.023407905213661,1.819779577104782,1.662973296224169,8
,,,,,,8.627584903410485,3.5134792464103133,1.6600294133694338,1.73059872862778,8
,,,,,,4.326884039695039,5.673198769652063,7.46629932034637,7.7137305895300905,8
,,,,,,4.7635113130793005,7.054705486301593,9.373043677489251,9.219096195733304,8
,,,,,,4.73943778321448,5.6348877103019115,8.330450166849367,8.883685503891334,8
,,,,,,4.326884039695039,5.673198769652063,7.46629932034637,7.7137305895300905,8
,,,,,,4.403741736906001,5.91314605110753,7.85304055178808,8.039751099970584,8
,,,,,,9.36371514802162,13.144944127719665,14.549201286231863,17.146118695701517,8
,,,,,,4.326884039695039,5.673198769652063,7.46629932034637,7.7137305895300905,8
,,,,,,6.9940790281495895,11.495372431626622,15.446380698643733,14.680347041296079,8
,,,,,,4.715322766282748,6.011064693660714,7.886702909768848,7.922878437357895,8
,,,,,,4.326884039695039,5.673198769652063,7.46629932034637,7.7137305895300905,8
,,,,,,7.5579046409442965,8.300815024813932,11.967939962597274,11.619996592727421,8
,,,,,,6.949196145490716,11.053287673154932,13.022932990341218,14.267262219398006,8
,,,,,,5.0582563335546205,7.010496144712784,9.803170201889666,11.317671854434108,8
,,,,,,7.918349586107605,10.72886140809115,15.23492962132636,15.109035045305033,8
,,,,,,3348.4834865007037,1634.7472471157525,1042.885924213811,1073.9011515437687,8
,,,,,,685.687443120842,412.5280979027602,278.7561579653616,291.2176982602011,8
,,,,,,2661.688545134074,1222.022610504223,763.4170733456882,782.6834532835676,8
,,,,,,1521.5965409374091,745.1870868791568,470.52727422310255,496.76394159184593,8
,,,,,,342.4187588774085,196.85874189683557,113.13642886280235,124.03164635010691,8
,,,,,,1178.8235164404007,548.328344982321,356.67815245753906,372.7322952417388,8
,,,,,,1826.886945563295,889.5601602365961,572.3586499907083,577.1372099519225,8
,,,,,,343.26868424343354,215.66935600592464,165.61972910255906,167.18605191009425,8
,,,,,,1482.8650286936752,673.6942655219015,406.7389208881492,409.9511580418284,8
,,,,,,3348.4834865007037,1634.7472471157525,1042.885924213811,1073.9011515437687,8
,,,,,,685.687443120842,412.5280979027602,278.7561579653616,291.2176982602011,8
,,,,,,2661.688545134074,1222.022610504223,763.4170733456882,782.6834532835676,8
,,,,,,628.9250101032651,325.5378615877583,183.04824192424317,227.03057672890958,8
,,,,,,118.36741775458707,83.61805116271383,47.13613527431925,60.12519145899987,8
,,,,,,510.5575923486782,241.91981042504452,135.9121066499239,166.90538526990966,8
,,,,,,2645.4127288303257,1277.8505041303802,838.350784716811,828.7740390954854,8
,,,,,,551.0312899203961,319.95461934838806,229.27850076996248,226.95525362458605,8
,,,,,,2093.2739406641435,957.77301078062,608.3595910440874,601.8187854708989,8
,,,,,,3348.4834865007037,1634.7472471157525,1042.885924213811,1073.9011515437687,8
,,,,,,685.687443120842,412.5280979027602,278.7561579653616,291.2176982602011,8
,,,,,,2661.688545134074,1222.022610504223,763.4170733456882,782.6834532835676,8
,,,,,,3041.571235758737,1467.4250700009743,931.0367512886708,971.9627044843465,8
,,,,,,616.7626426284365,366.09034234440804,252.66976410906688,267.11188891644696,8
,,,,,,2423.9871952614135,1101.1381889477962,677.6542942768428,704.8508155678995,8
,,,,,,306.9122507419668,167.32217711477887,111.84917292513995,101.93844705942232,8
,,,,,,68.92480049240545,46.43775555835214,26.086393856294606,24.105809343754164,8
,,,,,,237.7013498726608,120.88442155642667,85.76277906884535,77.83263771566813,8
,,,,,,2.642837745676792,2.9590642066805737,3.619211083745334,3.7706354504264317,8
,,,,,,5.2401469139735015,5.707620429303302,6.085077705654298,7.027138477546732,8
,,,,,,2.952881386960615,3.449057868308341,4.340732305611543,4.36809301221018,8
,,,,,,3.3283399986317552,3.6051637579838673,4.177285145937731,4.746767401351642,8
,,,,,,6.264877880455115,6.996054684969651,8.229428457160454,8.114827984040692,8
,,,,,,3.6895361541642546,4.217779129124139,4.97266260221773,5.438458417676663,8
,,,,,,2.600272933677121,3.221720633044023,4.23642193740863,4.269485800368396,8
,,,,,,5.737699458396597,6.316522431676697,7.016738121364995,8.63093237137548,8
,,,,,,2.954209554522937,3.8256289420105465,5.1109295255236304,5.018125041655937,8
,,,,,,2.642837745676792,2.9590642066805737,3.619211083745334,3.7706354504264317,8
,,,,,,5.2401469139735015,5.707620429303302,6.085077705654298,7.027138477546732,8
,,,,,,2.952881386960615,3.449057868308341,4.340732305611543,4.36809301221018,8
,,,,,,4.262052781503005,5.890317875970991,6.695098651335224,6.805743077461314,8
,,,,,,10.580560360345181,10.182334676797806,12.645630242833825,13.53733294655686,8
,,,,,,4.6389569549618495,6.435111374127871,7.7044918615033735,7.61843598975451,8
,,,,,,3.028763960748034,3.335486382310874,3.7866501157158132,4.010954187274712,8
,,,,,,5.611193827164662,6.341612489811038,6.520163218502145,7.05018400504981,8
,,,,,,3.3885425570994423,3.898251378810487,4.5968796464537665,4.816175489277651,8
,,,,,,2.642837745676792,2.9590642066805737,3.619211083745334,3.7706354504264317,8
,,,,,,5.2401469139735015,5.707620429303302,6.085077705654298,7.027138477546732,8
,,,,,,2.952881386960615,3.449057868308341,4.340732305611543,4.36809301221018,8
,,,,,,2.7323439921863875,3.1154920298655733,3.8840494504479373,4.000523136197522,8
,,,,,,5.504284026127256,6.102011893459572,6.373500737650227,7.502044747657235,8
,,,,,,3.062784861674603,3.6038799004091246,4.700645253933847,4.65241605327023,8
,,,,,,4.619117808074862,6.354068459763175,6.49021934891385,6.760840422422362,8
,,,,,,10.274714721530282,12.278020619330063,14.168332694153285,15.195674133657919,8
,,,,,,5.138052232781408,7.454024113172234,7.44835160260358,7.6997727973265855,8
,,,,,,100.0,100.0,100.0,100.0,8
,,,,,,20.484326993046007,25.238011631025266,26.747583759629606,27.117737777035256,8
,,,,,,79.51567300695402,74.76198836897471,73.2524162403704,72.88226222296478,8
,,,,,,100.0,100.0,100.0,100.0,8
,,,,,,22.509153501264105,26.417358186020103,24.081080784008424,24.967924594658797,8
,,,,,,77.4908464987359,73.58264181397992,75.9189192159916,75.0320754053412,8
,,,,,,100.0,100.0,100.0,100.0,8
,,,,,,18.79756568818438,24.249851330261183,28.93635469739957,28.96816372730869,8
,,,,,,81.20243431181557,75.75014866973882,71.06364530260045,71.03183627269132,8
,,,,,,100.0,100.0,100.0,100.0,8
,,,,,,20.484326993046007,25.238011631025266,26.747583759629606,27.117737777035256,8
,,,,,,79.51567300695402,74.76198836897471,73.2524162403704,72.88226222296478,8
,,,,,,100.0,100.0,100.0,100.0,8
,,,,,,18.820593211128944,25.68612165567481,25.75066265527267,26.48330120342933,8
,,,,,,81.17940678887115,74.31387834432523,74.24933734472732,73.51669879657064,8
,,,,,,100.0,100.0,100.0,100.0,8
,,,,,,20.838414701414287,25.040909486795982,27.372024148689345,27.38445498030834,8
,,,,,,79.16158529858566,74.95909051320406,72.62797585131068,72.61554501969172,8
,,,,,,100.0,100.0,100.0,100.0,8
,,,,,,20.484326993046007,25.238011631025266,26.747583759629606,27.117737777035256,8
,,,,,,79.51567300695402,74.76198836897471,73.2524162403704,72.88226222296478,8
,,,,,,100.0,100.0,100.0,100.0,8
,,,,,,15.972489258808507,18.188219595189388,25.953019493266183,25.92613986689874,8
,,,,,,84.02751074119152,81.81178040481059,74.04698050673383,74.07386013310125,8
,,,,,,100.0,100.0,100.0,100.0,8
,,,,,,10.309646114448508,19.912531707295695,23.0503979265151,25.08526879921472,8
,,,,,,89.69035388555152,80.08746829270433,76.94960207348487,74.91473120078527,8
,,,,,,0.0,0.0,0.0,0.0,8
,,,,,,4.649811044506965,4.9755092414463835,5.384770102862717,5.928940352349087,8
,,,,,,1.197855042781661,1.6796230657504598,1.966209399565078,2.2060161809854586,8
,,,,,,0.0,0.0,0.0,0.0,8
,,,,,,5.345709996257352,6.022758204948239,7.442112118171336,6.956157483258087,8
,,,,,,1.5527951018184005,2.162267578950676,2.360598714682206,2.314754251062551,8
,,,,,,0.0,0.0,0.0,0.0,8
,,,,,,5.303466425683892,5.6934944560151335,6.041519834423379,7.2163832055469115,8
,,,,,,1.2277003683049366,1.8226550908828638,2.4600421227456004,2.9429813614103697,8
,,,,,,0.0,0.0,0.0,0.0,8
,,,,,,4.649811044506965,4.9755092414463835,5.384770102862717,5.928940352349087,8
,,,,,,1.197855042781661,1.6796230657504598,1.966209399565078,2.2060161809854586,8
,,,,,,0.0,0.0,0.0,0.0,8
,,,,,,9.374415271575984,8.10565856793021,10.796734627997495,11.162337659172183,8
,,,,,,2.17335976447063,2.8016695765834294,3.7444518850484756,4.021066712751101,8
,,,,,,0.0,0.0,0.0,0.0,8
,,,,,,4.9579283633614155,5.561803994561049,5.785771295135196,6.172344400233742,8
,,,,,,1.3051199885138642,1.8579818599395983,2.1805408969879227,2.327687374725659,8
,,,,,,0.0,0.0,0.0,0.0,8
,,,,,,4.649811044506965,4.9755092414463835,5.384770102862717,5.928940352349087,8
,,,,,,1.197855042781661,1.6796230657504598,1.966209399565078,2.2060161809854586,8
,,,,,,0.0,0.0,0.0,0.0,8
,,,,,,18.80389632279714,17.04788004835612,15.894591711167195,15.200443874043613,8
,,,,,,3.5743654594826952,3.7900481375383523,5.5709584063311715,5.320214623745429,8
,,,,,,0.0,0.0,0.0,0.0,8
,,,,,,14.292412042500596,13.179199788434282,13.737511091988647,11.723832779187514,8
,,,,,,1.6428713222392624,3.276807711099651,4.115097267011933,3.9257365261677744,8
,,,,,,1432.9184150457288,564.2579904839827,269.63624578360117,242.38894457728532,8
,,,,,,431.8685804193229,230.04957360315302,120.79063967745815,123.76813533927891,8
,,,,,,1001.0498346264066,334.1347521734317,148.13291320338197,118.62080923800639,8
,,,,,,648.9686682763081,255.7376894755517,117.40863960674844,102.44945864951441,8
,,,,,,220.4721141215648,103.16012190844958,46.45159070570827,54.15071202891249,8
,,,,,,428.4965541547435,152.57756756710216,70.24435599827922,48.29874662060189,8
,,,,,,783.9497467694212,308.5203010084309,152.22760617685265,139.93948592777093,8
,,,,,,211.39646629775808,126.88945169470345,74.33904897174988,69.61742331036643,8
,,,,,,572.5532804716631,181.55718460632986,77.88855720510283,70.32206261740453,8
,,,,,,1432.9184150457288,564.2579904839827,269.63624578360117,242.38894457728532,8
,,,,,,431.8685804193229,230.04957360315302,120.79063967745815,123.76813533927891,8
,,,,,,1001.0498346264066,334.1347521734317,148.13291320338197,118.62080923800639,8
,,,,,,231.16549144747265,93.38806444806819,38.62080455330556,58.5622369407091,8
,,,,,,70.22570932465716,40.9547745283056,17.23979523533671,29.841140118692554,8
,,,,,,160.93978212281556,52.4332899197626,21.38100931796884,28.72109682201655,8
,,,,,,1167.0193212959066,460.514994745999,225.1666060975751,179.09257008872282,8
,,,,,,349.91419026606144,185.5565827562399,102.62553321282267,92.24624183865608,8
,,,,,,817.1051310298458,274.95841198975904,121.82837998199146,86.84632825006672,8
,,,,,,1432.9184150457288,564.2579904839827,269.63624578360117,242.38894457728532,8
,,,,,,431.8685804193229,230.04957360315302,120.79063967745815,123.76813533927891,8
,,,,,,1001.0498346264066,334.1347521734317,148.13291320338197,118.62080923800639,8
,,,,,,1318.7946390056886,521.3866951182631,249.25479018812766,222.7233566787705,8
,,,,,,393.17466346328007,209.5206165768243,112.92217312461814,115.27094748213722,8
,,,,,,925.619975542409,311.792413834041,135.61992416074855,107.45240919663327,8
,,,,,,114.12377604004043,42.87129536571961,20.38145559547348,19.665587898514808,8
,,,,,,38.693916956042806,20.52895702632874,7.8684665528399975,8.497187857141693,8
,,,,,,75.42985908399766,22.342338339390874,12.512989042633484,11.168400041373118,8
,,,,,,4.326884039695042,5.673198769652064,7.466299320346375,7.713730589530093,8
,,,,,,6.540006576647804,7.867658658442648,9.314993219021723,11.222116497292554,8
,,,,,,5.168182785651959,7.621428642175905,10.429877962777809,10.54933178342648,8
,,,,,,4.763511313079303,7.054705486301593,9.373043677489253,9.219096195733298,8
,,,,,,7.744542646127732,10.430892430824409,11.53519392218708,13.178400628750051,8
,,,,,,5.870008096659643,9.271847208995302,13.361118945790674,12.916319482585257,8
,,,,,,4.739437783214478,5.6348877103019115,8.330450166849367,8.883685503891336,8
,,,,,,7.143645091428115,7.955621071900504,10.753528959716634,12.861243467689523,8
,,,,,,5.660641023748539,7.675109339170741,12.010059620521167,12.253350218465064,8
,,,,,,4.326884039695042,5.673198769652064,7.466299320346375,7.713730589530093,8
,,,,,,6.540006576647804,7.867658658442648,9.314993219021723,11.222116497292554,8
,,,,,,5.168182785651959,7.621428642175905,10.429877962777809,10.54933178342648,8
,,,,,,7.576073041735655,11.808030898105539,15.664706080018856,14.775993708770294,8
,,,,,,14.024487862413077,13.922852229490987,23.243736086678986,22.555980637474658,8
,,,,,,9.00697850364796,16.557015994289053,21.540166744507516,16.912550298332555,8
,,,,,,4.799827564941458,6.031533841618105,7.905569853014607,7.854166608055636,8
,,,,,,6.840554323111506,9.061711497776379,9.568052675941825,10.77319678931913,8
,,,,,,5.776419031181448,7.869821830657986,11.619847906494442,11.795343983287115,8
,,,,,,4.326884039695042,5.673198769652064,7.466299320346375,7.713730589530093,8
,,,,,,6.540006576647804,7.867658658442648,9.314993219021723,11.222116497292554,8
,,,,,,5.168182785651959,7.621428642175905,10.429877962777809,10.54933178342648,8
,,,,,,4.403741736906004,5.913146051107529,7.853040551788082,8.039751099970587,8
,,,,,,6.779207710668855,8.335611460711075,9.726008721112548,11.842604467632084,8
,,,,,,5.243073100642213,7.938384190535778,11.174444379498562,10.994047833849422,8
,,,,,,9.363715148021623,13.144944127719672,14.549201286231863,17.146118695701517,8
,,,,,,14.47308617558086,19.226461166949356,22.97047392765104,25.617214126081432,8
,,,,,,11.402880724171457,17.882655480228042,18.64275206610653,21.644570569283488,8
,,,,,,100.0,100.0,100.0,100.0,8
,,,,,,30.13909067569212,40.775605257465415,44.91634830177194,51.06179060894242,8
,,,,,,69.86090932430787,59.22439474253455,55.083651698227975,48.938209391057576,8
,,,,,,100.0,100.0,100.0,100.0,8
,,,,,,33.972690038665384,40.33825523332243,39.805659080463194,52.8560255395446,8
,,,,,,66.0273099613346,59.66174476667761,60.19434091953683,47.143974460455404,8
,,,,,,100.0,100.0,100.0,100.0,8
,,,,,,26.96556343935334,41.138218661222076,48.83414437023031,49.74823428056547,8
,,,,,,73.03443656064668,58.86178133877795,51.16585562976973,50.25176571943456,8
,,,,,,100.0,100.0,100.0,100.0,8
,,,,,,30.13909067569212,40.775605257465415,44.91634830177194,51.06179060894242,8
,,,,,,69.86090932430787,59.22439474253455,55.083651698227975,48.938209391057576,8
,,,,,,100.0,100.0,100.0,100.0,8
,,,,,,30.378976068153506,43.854399135855296,44.63862271833786,50.95628459156198,8
,,,,,,69.6210239318465,56.145600864144704,55.36137728166216,49.04371540843805,8
,,,,,,100.0,100.0,100.0,100.0,8
,,,,,,29.983581580937507,40.29327706442768,45.72231856067002,51.5075761060088,8
,,,,,,70.0164184190625,59.706722935572365,54.27768143932995,48.49242389399117,8
,,,,,,100.0,100.0,100.0,100.0,8
,,,,,,30.13909067569212,40.775605257465415,44.91634830177194,51.06179060894242,8
,,,,,,69.86090932430787,59.22439474253455,55.083651698227975,48.938209391057576,8
,,,,,,100.0,100.0,100.0,100.0,8
,,,,,,29.813183329264646,40.19094178629944,45.43382161733555,51.755212924700224,8
,,,,,,70.18681667073533,59.80905821370056,54.56617838266442,48.24478707529976,8
,,,,,,100.0,100.0,100.0,100.0,8
,,,,,,33.90521966471475,47.88508686570718,38.60600885928632,43.20841004597386,8
,,,,,,66.09478033528526,52.11491313429279,61.39399114071369,56.791589954026136,8
,,,,,,0.0,0.0,0.0,0.0,8
,,,,,,5.453162548227104,6.313913558565881,7.254196154049105,7.536660591849466,8
,,,,,,2.3525797488169644,4.347087851434634,5.9152215050972385,7.863699751589317,8
,,,,,,0.0,0.0,0.0,0.0,8
,,,,,,6.302254189160905,8.195312518709589,10.42248615655177,8.73037634372658,8
,,,,,,3.2426662276355476,5.5409812332741,6.892241436335659,9.788164877378279,8
,,,,,,0.0,0.0,0.0,0.0,8
,,,,,,6.310051546933365,6.435254750249538,7.9864735443373815,8.922867488794935,8
,,,,,,2.329778982454776,4.497568898446283,7.6225169553556,8.83345880352493,8
,,,,,,0.0,0.0,0.0,0.0,8
,,,,,,5.453162548227104,6.313913558565881,7.254196154049105,7.536660591849466,8
,,,,,,2.3525797488169644,4.347087851434634,5.9152215050972385,7.863699751589317,8
,,,,,,0.0,0.0,0.0,0.0,8
,,,,,,11.611843319587178,11.286305096514582,17.701462350981267,13.206139779343212,8
,,,,,,5.066801526191389,8.815546024152933,14.272927052160773,13.721142685620851,8
,,,,,,0.0,0.0,0.0,0.0,8
,,,,,,5.789612133599819,7.06513737880749,7.881857840846143,7.856365573956833,8
,,,,,,2.479322873826316,4.767931045381958,6.639502747586981,8.344857097715664,8
,,,,,,0.0,0.0,0.0,0.0,8
,,,,,,5.453162548227104,6.313913558565881,7.254196154049105,7.536660591849466,8
,,,,,,2.3525797488169644,4.347087851434634,5.9152215050972385,7.863699751589317,8
,,,,,,0.0,0.0,0.0,0.0,8
,,,,,,5.658959271771531,6.752523030785593,7.683978122225269,7.859161368770939,8
,,,,,,2.40375042244239,4.537611327556102,6.3979648504687,8.431015964801855,8
,,,,,,0.0,0.0,0.0,0.0,8
,,,,,,11.621486251697187,13.637195365803048,18.07316916975348,18.329828375958854,8
,,,,,,5.961575818777627,12.530353509625202,11.364840697254792,13.94577509067625,8
,,,,,,549.4562949318068,357.1904335543531,245.0926917211971,247.44170502900585,8
,,,,,,374.0805675811734,252.00105656349513,171.15429491374854,166.156537134623,8
,,,,,,138.68972133738657,75.53767786381434,55.34803668945264,51.57234631444121,8
,,,,,,122.44038473996005,76.6969220123548,48.835260893463435,64.45877527819333,8
,,,,,,240.73634083691113,141.4683043921659,97.32388952492363,108.2021663808091,8
,,,,,,140.3599445327648,59.2352039290831,35.62416641492745,36.901088306862064,8
,,,,,,79.17057710381907,31.05005349057032,20.286097987049285,27.22889688362236,8
,,,,,,63.724089544951276,24.842395270641106,12.605967959522381,18.9865122142607,8
,,,,,,185.4007771486406,99.853923768176,61.44122885298582,81.19362482646699,8
,,,,,,266.7755098365154,167.7562032936005,99.4548813618786,106.36942453886412,8
,,,,,,176.953207389902,112.97966659810623,65.71278757906033,66.4955563023058,8
,,,,,,66.13979393264906,37.241952019797914,22.379531684572537,28.427687959466564,8
,,,,,,65.89904796440935,37.739660010760836,20.323053460446687,29.711705747689734,8
,,,,,,121.56562510581058,69.92858580755747,41.491619025923,52.00097128314598,8
,,,,,,76.43688913755027,31.13451918737305,13.697996133386608,14.854185382248758,8
,,,,,,43.917096952406176,14.90784190406722,6.406967316493598,10.125018899724182,8
,,,,,,35.488027944611936,11.598748969965047,4.9194833958536135,7.152289126812257,8
,,,,,,101.38707590902129,49.33840898072589,25.242536856300294,36.38599379005791,8
,,,,,,282.68078509529136,189.4342302607526,145.6378103593184,141.0722804901417,8
,,,,,,197.1273601912714,139.0213899653889,105.44150733468813,99.6609808323171,8
,,,,,,72.54992740473753,38.29572584401638,32.96850500488012,23.14465835497468,8
,,,,,,56.54133677555074,38.95726200159401,28.512207433016744,34.747069530503616,8
,,,,,,119.17071573110051,71.53971858460847,55.832270499000636,56.20119509766311,8
,,,,,,63.923055395214504,28.100684741710054,21.926170281540838,22.046902924613317,8
,,,,,,35.253480151412894,16.142211586503098,13.879130670555694,17.10387798389818,8
,,,,,,28.236061600339358,13.243646300676057,7.686484563668764,11.834223087448452,8
,,,,,,84.0137012396194,50.51551478745011,36.198691996685504,44.807631036409106,8
,,,,,,549.4562949318068,357.1904335543531,245.0926917211971,247.44170502900585,8
,,,,,,374.0805675811734,252.00105656349513,171.15429491374854,166.156537134623,8
,,,,,,138.68972133738657,75.53767786381434,55.34803668945264,51.57234631444121,8
,,,,,,122.44038473996005,76.6969220123548,48.835260893463435,64.45877527819333,8
,,,,,,240.73634083691113,141.4683043921659,97.32388952492363,108.2021663808091,8
,,,,,,140.3599445327648,59.2352039290831,35.62416641492745,36.901088306862064,8
,,,,,,79.17057710381907,31.05005349057032,20.286097987049285,27.22889688362236,8
,,,,,,63.724089544951276,24.842395270641106,12.605967959522381,18.9865122142607,8
,,,,,,185.4007771486406,99.853923768176,61.44122885298582,81.19362482646699,8
,,,,,,87.01447662774997,66.50512608265443,36.6012229666378,44.906275243921115,8
,,,,,,56.849535135721304,41.97324146947327,21.492851277455593,33.46711392102694,8
,,,,,,21.11754837293974,17.157244439707284,7.547728471508935,5.684801457633815,8
,,,,,,16.64473628350756,18.821329207392544,10.13828076692584,8.45035248784359,8
,,,,,,35.06220249052203,32.950335131548755,16.583081172296843,13.795469968407422,8
,,,,,,30.65418234786922,17.383993371811037,11.526721745946015,10.265691641403679,8
,,,,,,18.283140217196923,10.139826270122324,7.147302915263673,9.311789717095957,8
,,,,,,13.220385975024218,8.163608516896083,4.811902081392268,6.397789154710641,8
,,,,,,29.86512225853178,26.919401351992217,14.950182848318109,14.84814164255423,8
,,,,,,447.58654577098486,281.7298800800404,206.5835473791098,198.39817660846958,8
,,,,,,306.279021702885,202.85729301608217,147.94464919915356,130.4885713677925,8
,,,,,,114.78216232940278,55.611194826752296,47.800308217943694,44.19840587376564,8
,,,,,,101.32081370591656,57.69633731267646,38.50585318822748,55.53163593710447,8
,,,,,,199.09591971366845,105.56947517097662,80.54968141431668,92.24077057611466,8
,,,,,,108.81545804709445,41.85121055727207,23.567917728439795,26.635396665458398,8
,,,,,,60.51912919265755,20.910227220447993,12.705194526155307,17.917107166526403,8
,,,,,,50.13539587596245,16.678786753745023,7.794065878130109,12.588723059550066,8
,,,,,,150.69251244560832,72.75526692389793,46.2999190663576,65.8686963306675,8
,,,,,,549.4562949318068,357.1904335543531,245.0926917211971,247.44170502900585,8
,,,,,,374.0805675811734,252.00105656349513,171.15429491374854,166.156537134623,8
,,,,,,138.68972133738657,75.53767786381434,55.34803668945264,51.57234631444121,8
,,,,,,122.44038473996005,76.6969220123548,48.835260893463435,64.45877527819333,8
,,,,,,240.73634083691113,141.4683043921659,97.32388952492363,108.2021663808091,8
,,,,,,140.3599445327648,59.2352039290831,35.62416641492745,36.901088306862064,8
,,,,,,79.17057710381907,31.05005349057032,20.286097987049285,27.22889688362236,8
,,,,,,63.724089544951276,24.842395270641106,12.605967959522381,18.9865122142607,8
,,,,,,185.4007771486406,99.853923768176,61.44122885298582,81.19362482646699,8
,,,,,,494.4192533795923,316.6626703708109,224.24534367064425,229.44509749028614,8
,,,,,,335.7646488842649,221.62554299441788,161.02500767900125,154.48547394596406,8
,,,,,,122.1983867455276,65.7329298488953,47.85162251082705,48.64175139498235,8
,,,,,,107.89669096537453,67.20768446154145,42.58224279928042,58.15543490802856,8
,,,,,,213.35394062277481,125.16414083447968,84.71601338396543,99.66473224922154,8
,,,,,,126.37738750836462,52.556053292759984,30.676419302886252,29.201852014147143,8
,,,,,,68.63680718101568,26.828298766391406,17.983283881801878,21.71551214426297,8
,,,,,,55.96235848357265,21.59508033696058,10.303153854274974,14.899919641641004,8
,,,,,,163.1573625078142,87.11737128368209,52.8853966535554,70.80369188368255,8
,,,,,,55.037041552214546,40.52776318354232,20.847348050552817,17.996607538719662,8
,,,,,,38.31591869690854,30.375513569077274,10.12928723474721,11.671063188658865,8
,,,,,,16.49133459185895,9.804748014919014,7.496414178625605,2.9305949194588607,8
,,,,,,14.543693774585522,9.489237550813394,6.253018094183012,6.303340370164777,8
,,,,,,27.38240021413631,16.304163557686262,12.6078761409582,8.537434131587537,8
,,,,,,13.98255702440017,6.679150636323117,4.947747112041186,7.6992362927149305,8
,,,,,,10.533769922803376,4.221754724178913,2.3028141052474074,5.513384739359388,8
,,,,,,7.761731061378626,3.2473149336805234,2.3028141052474074,4.086592572619703,8
,,,,,,22.243414640826412,12.736552484493917,8.55583219943042,10.389932942784482,8
,,,,,,5.848131066808172,6.235939881391631,6.589148177450537,6.813189856061662,8
,,,,,,7.410794753481175,8.04322565583899,7.692219244760107,8.436036503550941,8
,,,,,,10.063028133749,10.390199198023074,15.469696261291215,14.992430754994832,8
,,,,,,10.192687649104265,10.072294398001207,13.893055701240634,13.949462975457216,8
,,,,,,7.308580021159668,7.733242247761346,11.324897981052455,10.554020308321114,8
,,,,,,13.23699406756266,14.583743454971316,15.912071136823325,16.676050243102004,8
,,,,,,15.770086397898577,19.23489908360425,20.91042885126676,19.654058580443472,8
,,,,,,18.6167497751417,21.785650528957657,25.078988262144403,23.76738073860621,8
,,,,,,9.59954963107514,9.263862628088324,12.331360213622439,12.316795373072372,8
,,,,,,7.132786921388094,7.427635361227254,8.7787513265021,8.386608047730947,8
,,,,,,9.44743974304692,9.72692489302159,9.780689453092949,10.915244623774438,8
,,,,,,12.767055021701982,12.735639664271957,22.049631693839615,17.677199494181963,8
,,,,,,13.310282194322816,13.068572920607554,19.681851948641373,16.474912916458294,8
,,,,,,9.530532038059256,9.535750281821516,15.128737515999086,12.533957214145195,8
,,,,,,14.964408512354874,20.5682606366029,21.810542637046428,21.771083564776802,8
,,,,,,19.0991429578139,23.999091252722103,32.28313413071207,27.65952295169938,8
,,,,,,22.55555135425963,26.334485833385468,39.042008327098024,33.84101414434132,8
,,,,,,11.198698703997866,11.726570305800418,18.06807686214539,15.383330587204066,8
,,,,,,6.18921584340812,6.910208417463788,7.580143757573067,8.448865538594594,8
,,,,,,7.409897283040154,8.57741061298781,8.994616930735381,10.474595300753489,8
,,,,,,11.15942516138553,12.291929596163364,17.09623956521105,21.42910036606275,8
,,,,,,12.14827223646317,12.744032182597035,14.49772303817745,16.205463286154043,8
,,,,,,8.359528152816548,9.492309976643332,12.541158365688524,13.087386252413829,8
,,,,,,14.857724888308532,15.849581977264036,18.727334607223433,20.321052403643623,8
,,,,,,15.897212102293368,23.257227443152484,24.021136835504446,23.389141917836007,8
,,,,,,17.806253079032558,26.904566498506018,25.297773469632602,27.577885661452818,8
,,,,,,10.77123810568842,11.613071531034361,12.525666840616864,14.102958485016586,8
,,,,,,5.848131066808172,6.235939881391631,6.589148177450537,6.813189856061662,8
,,,,,,7.410794753481175,8.04322565583899,7.692219244760107,8.436036503550941,8
,,,,,,10.063028133749,10.390199198023074,15.469696261291215,14.992430754994832,8
,,,,,,10.192687649104265,10.072294398001207,13.893055701240634,13.949462975457216,8
,,,,,,7.308580021159668,7.733242247761346,11.324897981052455,10.554020308321114,8
,,,,,,13.23699406756266,14.583743454971316,15.912071136823325,16.676050243102004,8
,,,,,,15.770086397898577,19.23489908360425,20.91042885126676,19.654058580443472,8
,,,,,,18.6167497751417,21.785650528957657,25.078988262144403,23.76738073860621,8
,,,,,,9.59954963107514,9.263862628088324,12.331360213622439,12.316795373072372,8
,,,,,,12.863632178342613,11.420512598948594,14.353818844132174,12.225626570822843,8
,,,,,,17.62321665154104,14.626308046247235,17.041933843835743,14.783033181407145,8
,,,,,,17.808149451914026,21.271303897577816,29.032079948261714,28.050682317216456,8
,,,,,,24.742647301437867,20.079526933086488,28.18000782617343,24.92818295060602,8
,,,,,,15.441597890402464,15.711044719751927,21.19321290888488,18.78410783471717,8
,,,,,,18.665462733288468,22.822841101372195,23.834495603078803,30.255655603008957,8
,,,,,,22.98437866631406,31.669271459529096,29.71679459240388,32.48571455136193,8
,,,,,,28.94940077503246,35.43693691291977,32.37599072200234,42.383300049051066,8
,,,,,,18.615287858137062,17.381593836628532,22.542127285884618,23.06857820659261,8
,,,,,,6.068469236865588,6.758970190238982,7.024847177546234,7.313512376826627,8
,,,,,,7.5661956329683,8.590144714912643,8.114185606644888,9.059503427450473,8
,,,,,,10.705428172709327,11.10804473709524,15.974199867600747,16.649510091771994,8
,,,,,,10.764730243828522,11.098596085521702,15.202970032879382,15.251841223273324,8
,,,,,,7.770486107530733,8.373394368783876,12.288108676101308,11.728444344338527,8
,,,,,,14.85617563954715,18.234973111702445,17.448514172325822,19.29152632787822,8
,,,,,,16.307283427692976,23.54290976836104,24.998886019900095,23.696863672289588,8
,,,,,,18.487990617524154,27.4264169212383,34.95302183569714,27.78715807123417,8
,,,,,,9.79151019621393,10.57518710937214,13.9106555599194,13.753702273364066,8
,,,,,,5.848131066808172,6.235939881391631,6.589148177450537,6.813189856061662,8
,,,,,,7.410794753481175,8.04322565583899,7.692219244760107,8.436036503550941,8
,,,,,,10.063028133749,10.390199198023074,15.469696261291215,14.992430754994832,8
,,,,,,10.192687649104265,10.072294398001207,13.893055701240634,13.949462975457216,8
,,,,,,7.308580021159668,7.733242247761346,11.324897981052455,10.554020308321114,8
,,,,,,13.23699406756266,14.583743454971316,15.912071136823325,16.676050243102004,8
,,,,,,15.770086397898577,19.23489908360425,20.91042885126676,19.654058580443472,8
,,,,,,18.6167497751417,21.785650528957657,25.078988262144403,23.76738073860621,8
,,,,,,9.59954963107514,9.263862628088324,12.331360213622439,12.316795373072372,8
,,,,,,6.158313867248826,6.668568473583945,6.862810737759367,7.214322897093643,8
,,,,,,7.994307297506978,8.669607513431378,7.860088955901564,8.880792588996457,8
,,,,,,10.719516393636292,11.399697956407303,17.18694617036869,15.719359263645414,8
,,,,,,11.169242458901852,10.863906050832652,15.262003832118449,15.03586686516251,8
,,,,,,7.850081795229208,8.39971278479023,12.548491508623055,11.24673560450756,8
,,,,,,13.95307833731775,15.940731855977514,16.485455784939933,18.25276109049888,8
,,,,,,17.616345585420348,21.271886568618577,22.813960310084827,21.53561001004195,8
,,,,,,20.55798321703746,24.32959557928558,28.82934958576293,25.958940516823287,8
,,,,,,10.613175210420158,10.145492848674978,13.735494563950311,13.424299180655467,8
,,,,,,11.127067109436606,13.079970677831001,15.775392866351284,16.519128784337223,8
,,,,,,12.970083819899008,15.787436833881912,18.844551805425606,19.39356299916158,8
,,,,,,17.229361974617667,19.59824167912509,26.039999705110496,37.057804466319055,8
,,,,,,18.202450791859828,21.413766260151075,30.43707414407152,30.223537938424656,8
,,,,,,13.486527046632698,15.61697072871951,20.861769544326137,25.181343082859204,8
,,,,,,22.631558819216245,24.922713885698673,35.86271467738126,32.25659138406279,8
,,,,,,26.11455472058418,32.128322275841,48.50408111198611,36.40663342779707,8
,,,,,,26.971706369288466,35.987855487708785,48.50408111198611,45.918651139702106,8
,,,,,,15.64643073590709,18.244930274326975,25.51641444240867,25.37395238533432,8
,,,,,,80.13217982102869,86.58572237146112,87.92368696359078,84.96794889434169,8
,,,,,,54.55555170714238,61.08700421732149,61.39928752175453,57.05578271076204,8
,,,,,,20.226376132272943,18.31091706185304,19.85535928369707,17.709207449459917,8
,,,,,,17.856588445412413,18.59192680505212,17.51898908706144,22.134223181930334,8
,,,,,,35.108757386779935,34.2930106122159,34.91362854018715,37.155079182080215,8
,,,,,,20.469959883460845,14.359071353012627,12.779687693698996,12.671306904531331,8
,,,,,,11.54616114063306,7.526773000051343,7.277363174724937,9.35001445526622,8
,,,,,,9.293460188641797,6.021988658939029,4.522220442243579,6.519697232582471,8
,,,,,,27.0386717751176,24.205363046982878,22.04120952930502,27.880731600976063,8
,,,,,,77.90913988214804,85.21653733899895,87.90703609929652,85.7599069826202,8
,,,,,,51.67742794525286,57.3912367362957,58.08278397999333,53.61176623795456,8
,,,,,,19.315470375946376,18.91810933106271,19.78101298540333,22.91970541068453,8
,,,,,,19.245162905342553,19.170934268460584,17.963315321797833,23.95493942233246,8
,,,,,,35.50203426481466,35.52221513444585,36.673969156511745,41.925567234963324,8
,,,,,,22.322634831147184,15.815665023242497,12.107502659464188,11.976125302988816,8
,,,,,,12.8255522846893,7.57286253098159,5.6630453876736375,8.16325445777287,8
,,,,,,10.363926340062823,5.891914607502372,4.348275303809831,5.766503418509281,8
,,,,,,29.60908924540537,25.062848875962963,22.31159062560766,29.33605645074674,8
,,,,,,82.34971556415688,87.83548751151677,87.93506132903588,84.38041264710566,8
,,,,,,57.42654930080249,64.46042800886828,63.6648229688832,59.6108226097179,8
,,,,,,21.13502650690029,17.756683913390262,19.906145954667373,13.843653875755695,8
,,,,,,16.47145206390388,18.063420192400365,17.215465565313615,20.783473940271747,8
,,,,,,34.71645425324874,33.17101692585536,33.711122945036855,33.61595925949959,8
,,,,,,18.621872116328163,13.029521329371478,13.23886375152998,13.187046809664027,8
,,,,,,10.269937739619856,7.484703383664604,8.380119171648397,10.230445535669414,8
,,,,,,8.225644486787898,6.140717692091707,4.641044038243146,7.078475119331373,8
,,,,,,24.47461859935931,23.422666865135188,21.85650960355677,26.801058177092923,8
,,,,,,80.13217982102869,86.58572237146112,87.92368696359078,84.96794889434169,8
,,,,,,54.55555170714238,61.08700421732149,61.39928752175453,57.05578271076204,8
,,,,,,20.226376132272943,18.31091706185304,19.85535928369707,17.709207449459917,8
,,,,,,17.856588445412413,18.59192680505212,17.51898908706144,22.134223181930334,8
,,,,,,35.108757386779935,34.2930106122159,34.91362854018715,37.155079182080215,8
,,,,,,20.469959883460845,14.359071353012627,12.779687693698996,12.671306904531331,8
,,,,,,11.54616114063306,7.526773000051343,7.277363174724937,9.35001445526622,8
,,,,,,9.293460188641797,6.021988658939029,4.522220442243579,6.519697232582471,8
,,,,,,27.0386717751176,24.205363046982878,22.04120952930502,27.880731600976063,8
,,,,,,73.51218627423162,79.53441291431311,77.65002954448605,74.68795384134992,8
,,,,,,48.028026811895415,50.196388083473494,45.59739815827743,55.66238228754512,8
,,,,,,17.84067674494942,20.51858922940059,16.012616281719424,9.454941131472905,8
,,,,,,14.06192396459754,22.50869153930384,21.508510844013532,14.054595557680658,8
,,,,,,29.621498175466705,39.40576786157106,35.1812491112984,22.944575532561455,8
,,,,,,25.897483386369885,20.789761457108355,24.4541086766314,17.073861042761052,8
,,,,,,15.446091977019917,12.126360431901304,15.163107610898418,15.48733482777478,8
,,,,,,11.168940089944554,9.762973907404717,10.20852060396622,10.640779678969293,8
,,,,,,25.230864054542092,32.19328958003249,31.717031447979757,24.695375236649944,8
,,,,,,81.22706531522824,88.05307473097429,90.10157807442106,87.41730955329479,8
,,,,,,55.58287293397281,63.4018953779184,64.52617611434398,57.49528564940729,8
,,,,,,20.830425500153485,17.380963256604552,20.848142349771503,19.47450220600561,8
,,,,,,18.387488253263033,18.032662703910766,16.794358415166368,24.468098909471014,8
,,,,,,36.13150892800128,32.99514018143474,35.131807449811014,40.64271220999936,8
,,,,,,19.747600551470374,13.080358284092044,10.27916601394988,11.735968319780278,8
,,,,,,10.982884329744756,6.535372817255538,5.541380671754549,7.89455493115117,8
,,,,,,9.098466238315655,5.21286011988595,3.3993880158654632,5.5467863636122186,8
,,,,,,27.34736034089424,22.739245669298217,20.19374643103183,29.022767827010977,8
,,,,,,80.13217982102869,86.58572237146112,87.92368696359078,84.96794889434169,8
,,,,,,54.55555170714238,61.08700421732149,61.39928752175453,57.05578271076204,8
,,,,,,20.226376132272943,18.31091706185304,19.85535928369707,17.709207449459917,8
,,,,,,17.856588445412413,18.59192680505212,17.51898908706144,22.134223181930334,8
,,,,,,35.108757386779935,34.2930106122159,34.91362854018715,37.155079182080215,8
,,,,,,20.469959883460845,14.359071353012627,12.779687693698996,12.671306904531331,8
,,,,,,11.54616114063306,7.526773000051343,7.277363174724937,9.35001445526622,8
,,,,,,9.293460188641797,6.021988658939029,4.522220442243579,6.519697232582471,8
,,,,,,27.0386717751176,24.205363046982878,22.04120952930502,27.880731600976063,8
,,,,,,80.16361874197543,86.49850426070597,88.75036728725757,85.89849685127908,8
,,,,,,54.43984860259177,60.53848390950407,63.729432861422055,57.83549155099099,8
,,,,,,19.812870997627048,17.955384845158108,18.938404711602743,18.210253235937998,8
,,,,,,17.494037982838083,18.35822382834516,16.85292379538513,21.771938023402512,8
,,,,,,34.59255244668055,34.189413474537545,33.52835416721928,37.31197913111121,8
,,,,,,20.49044134219712,14.356033801983408,12.140914213085084,10.932441881417542,8
,,,,,,11.128561043922595,7.328327372578449,7.117307425054332,8.12974376855821,8
,,,,,,9.07356487174382,5.898839122241719,4.077715388940457,5.57815666763591,8
,,,,,,26.45383348973472,23.796686557146163,20.93063918432559,26.507128593527373,8
,,,,,,79.85085362456557,87.2733031479449,79.91655790139956,74.65672395431352,8
,,,,,,55.59090258248973,65.41124394116855,38.82977191308115,48.415977336528826,8
,,,,,,23.92656122911238,21.11374224923229,28.736874172497906,12.157214377944877,8
,,,,,,21.100813742925563,20.434315648372653,23.970419708564542,26.148636124503234,8
,,,,,,39.727935399905085,35.109714846573475,48.33123432243182,35.41650068596262,8
,,,,,,20.286684799241236,14.383017775116883,18.966773020822508,31.93933952982918,8
,,,,,,15.282989355861897,9.091211824124438,8.82764447218427,22.87160186466799,8
,,,,,,11.261158546601608,6.992833513669832,8.82764447218427,16.95272917139595,8
,,,,,,32.272004390172036,27.427149162042493,32.79806418074881,43.10136529589918,8
,,,,,,3.0274034459080754,2.1840811054001206,2.14850369702209,4.2194766762803715,8
,,,,,,4.917132425275153,4.565077658129455,5.076103040311238,6.385739689360157,8
,,,,,,9.370164705820162,10.000470942982528,13.021662419737575,14.257488814629152,8
,,,,,,10.046938284863865,9.891398379029258,12.430280887781558,12.311970291162485,8
,,,,,,6.570674408309965,7.244045685325721,8.394126030583257,8.793431279837744,8
,,,,,,11.859994995633071,13.677653651855332,15.243646003504404,15.930741032842842,8
,,,,,,15.1611937421155,18.672665606127826,20.355410764751593,18.918589576409364,8
,,,,,,17.900144353861315,21.36112884033347,24.630714851537256,22.991505812598923,8
,,,,,,9.043136545440571,8.885296667269873,10.798022590479329,10.553526164650325,8
,,,,,,3.7937474206635615,3.4099085870224313,2.875582248854045,3.581441590021106,8
,,,,,,6.821447709113492,6.178791789850412,7.223250841300347,7.547256055775113,8
,,,,,,12.034903043375461,12.327610899533335,19.047933765223085,15.4967010167989,8
,,,,,,12.623675628620937,12.677898843759033,18.02025560751217,14.48423804057122,8
,,,,,,8.446400147060155,8.884925892988477,11.432401345794768,9.652563316782006,8
,,,,,,13.42032680308459,18.372860135648207,20.571163014899962,20.11209050103384,8
,,,,,,18.30944039359936,23.060018903194198,31.143651000361245,26.442565617017276,8
,,,,,,21.593052222206122,25.476118823795186,37.914666710538086,32.49613876395887,8
,,,,,,10.047632983645801,10.92129830577566,16.087365292013477,12.999102162508713,8
,,,,,,3.021183116380581,2.243279122708086,2.5188406508125474,5.366007373274365,8
,,,,,,4.737229065250876,4.667338909124638,5.414387712640624,7.767765366074407,8
,,,,,,10.057202925946417,11.86975937771821,14.228238767276721,20.56217911650951,8
,,,,,,11.884633342505905,12.003668632344397,12.98245105030866,15.0469463380064,8
,,,,,,7.206740606027405,8.620501786774007,9.331119481695236,11.560778003031007,8
,,,,,,13.119149287230524,15.35199382554388,17.805904377409135,19.625286289337506,8
,,,,,,15.365169651422075,22.705832332416133,23.273501969095545,22.62076295953601,8
,,,,,,17.461790485342576,26.5035087472501,25.198718419275444,26.790125982638322,8
,,,,,,10.357547562922251,10.721420825372824,11.096348562614407,12.78169336997393,8
,,,,,,3.0274034459080754,2.1840811054001206,2.14850369702209,4.2194766762803715,8
,,,,,,4.917132425275153,4.565077658129455,5.076103040311238,6.385739689360157,8
,,,,,,9.370164705820162,10.000470942982528,13.021662419737575,14.257488814629152,8
,,,,,,10.046938284863865,9.891398379029258,12.430280887781558,12.311970291162485,8
,,,,,,6.570674408309965,7.244045685325721,8.394126030583257,8.793431279837744,8
,,,,,,11.859994995633071,13.677653651855332,15.243646003504404,15.930741032842842,8
,,,,,,15.1611937421155,18.672665606127826,20.355410764751593,18.918589576409364,8
,,,,,,17.900144353861315,21.36112884033347,24.630714851537256,22.991505812598923,8
,,,,,,9.043136545440571,8.885296667269873,10.798022590479329,10.553526164650325,8
,,,,,,6.161917523278835,5.3408747704208865,6.313925678228472,10.599301895080664,8
,,,,,,11.472468837266588,10.148440457947656,12.86053289070109,12.814631567839768,8
,,,,,,18.192275144310322,19.021678686205533,27.408994625418124,28.789954866996624,8
,,,,,,23.786701889306592,18.212300832375934,23.270065470017606,25.145955364201424,8
,,,,,,14.90385951136311,12.496512686467776,15.752710532406978,19.400923602776164,8
,,,,,,16.96037792310891,20.328445327247838,20.905372926949703,28.122703919300353,8
,,,,,,21.912370109719138,29.484495415866046,27.589410505120803,30.292732176589666,8
,,,,,,27.600232540207,33.329360291695274,31.187204237747707,40.00647260940532,8
,,,,,,16.90521251210661,14.52198128156758,17.656529629273386,21.34281911570042,8
,,,,,,3.1721484293105258,2.388038007997105,1.9351835388898113,3.1506159919427725,8
,,,,,,5.127379455214958,4.697998047974716,4.986271744724418,6.335082249564908,8
,,,,,,9.793026771925321,10.887932268387722,13.171240755765071,15.054088590596464,8
,,,,,,10.45451042593851,10.915464002559444,13.795875480763572,13.110705246715332,8
,,,,,,6.759432812633348,8.019685205884794,9.206565440124145,8.97332801776384,8
,,,,,,13.130263391522956,16.87873811984055,17.123464625360427,18.22266348782517,8
,,,,,,15.737863825278556,22.83767669406758,24.58558965520856,22.74780133095712,8
,,,,,,17.882902768085223,26.851422708710814,34.37609923310979,26.78305366757922,8
,,,,,,9.228081699501004,10.142966717254824,12.364094864399306,11.508362239290117,8
,,,,,,3.0274034459080754,2.1840811054001206,2.14850369702209,4.2194766762803715,8
,,,,,,4.917132425275153,4.565077658129455,5.076103040311238,6.385739689360157,8
,,,,,,9.370164705820162,10.000470942982528,13.021662419737575,14.257488814629152,8
,,,,,,10.046938284863865,9.891398379029258,12.430280887781558,12.311970291162485,8
,,,,,,6.570674408309965,7.244045685325721,8.394126030583257,8.793431279837744,8
,,,,,,11.859994995633071,13.677653651855332,15.243646003504404,15.930741032842842,8
,,,,,,15.1611937421155,18.672665606127826,20.355410764751593,18.918589576409364,8
,,,,,,17.900144353861315,21.36112884033347,24.630714851537256,22.991505812598923,8
,,,,,,9.043136545440571,8.885296667269873,10.798022590479329,10.553526164650325,8
,,,,,,3.194978047707448,2.3870964729893918,2.083990238825087,4.472045825153698,8
,,,,,,5.342607294100004,5.005571613419358,5.157890595568905,6.728559422276721,8
,,,,,,10.233159965003273,10.865472094125039,14.623329629556686,14.90735693482909,8
,,,,,,10.880397382436243,10.758193540383537,13.557719955233475,13.24619629469822,8
,,,,,,7.190407895470869,7.878550393571203,9.383717799676054,9.318060656272987,8
,,,,,,12.493269468881872,14.903396635523785,15.881512426901622,17.668405219965326,8
,,,,,,16.918102721954252,20.672768523238442,22.108764695393976,20.864631952025555,8
,,,,,,19.743179913646145,23.87558042121253,28.189167753372264,25.224339520781015,8
,,,,,,9.878917299597346,9.820929675736947,11.918640794657772,11.577666375233866,8
,,,,,,4.919803747542816,3.5964773828817105,7.6195701378644936,9.350101172419777,8
,,,,,,7.557343560645482,7.757029487989107,15.625261308528435,15.103767271084706,8
,,,,,,15.971387480096636,18.21226736665925,21.097944787812192,35.713854175500124,8
,,,,,,16.525179450998042,20.59270719379647,26.38614015251843,25.394817315134212,8
,,,,,,11.125734558536795,13.962768232776623,14.08645087261494,20.02891124682298,8
,,,,,,20.24390274692915,23.01952492672425,31.85379427346448,24.195437038003927,8
,,,,,,23.68600056739487,30.579970115444777,46.562671374720175,31.001070685758446,8
,,,,,,25.00869859352161,34.689464500796,46.562671374720175,40.499442781405726,8
,,,,,,13.050312805405733,16.871524372257575,20.78632272357685,17.310063268555595,8
,,,,,,358.73858500614506,200.85020474684183,110.31158653078512,100.90532885856955,8
,,,,,,239.6221884379391,140.97400363651198,77.1262392531446,66.92181600895084,8
,,,,,,106.30596760699673,45.320724344708076,25.11444094279232,21.154441338324975,8
,,,,,,81.12644766435767,43.33798061745749,25.121726094222954,30.348751340714593,8
,,,,,,171.40005430868658,82.15251193196337,47.037617159075026,48.47154774949935,8
,,,,,,82.54011044019605,32.532089270055984,11.437178824228182,16.586205041027334,8
,,,,,,120.91430200101998,56.550496089981976,27.09722678495859,38.23558856083389,8
,,,,,,7.326783899574776,8.570801405790831,9.829212405649491,11.202785090637482,8
,,,,,,9.23618489641407,10.81050578769479,12.245451064125607,14.059760910364036,8
,,,,,,11.682975477021165,14.1624525658153,19.077206230757007,21.195216524106392,8
,,,,,,12.654621457892024,13.573938465266538,19.385333255221575,18.208071986805905,8
,,,,,,8.923312564423377,10.712277365300004,14.041899895777258,14.33029944393649,8
,,,,,,15.57986317264613,17.87253943159141,29.416201584161605,21.626848444481652,8
,,,,,,11.845287585883657,12.906516556007608,18.304113161121286,15.902484843265437,8
,,,,,,83.06660898040504,87.3073579755112,91.32461490836143,81.52771194456734,8
,,,,,,55.48497837126237,61.27983696231456,63.85117212649205,54.070311252166505,8
,,,,,,24.615351157006828,19.700416581901003,20.791711187103804,17.0919932503915,8
,,,,,,18.78498491036045,18.83853985846445,20.797742408935306,24.52065005061374,8
,,,,,,39.68801206660267,35.710786438439825,38.94144222158064,39.163188179757974,8
,,,,,,19.112321243664855,14.141338651718378,9.468596949869928,13.401030075762604,8
,,,,,,27.99793906831986,24.581873899724947,22.433217389455923,30.892918000275852,8
,,,,,,3.311258755216028,2.5840206824138927,2.8791099447676336,7.158120031355855,8
,,,,,,5.909121577782443,6.136611094082311,6.976230154633893,10.044718842520561,8
,,,,,,10.55688352874181,13.393642870151062,17.044456171697256,20.83776139339279,8
,,,,,,12.332807951869071,12.988157791292124,16.77431828278585,16.399469440570176,8
,,,,,,7.7165821995136055,9.6516450874213,10.395629156702741,12.609294983438298,8
,,,,,,14.32672105893014,16.8994786911694,28.34182871039104,21.552410105430656,8
,,,,,,10.760275906623349,12.09002995966151,15.76012373977173,14.108042281864197,8
,,,,,,185.4007771486406,99.853923768176,61.44122885298582,81.19362482646699,8
,,,,,,101.38707590902129,49.33840898072589,25.242536856300294,36.38599379005791,8
,,,,,,84.0137012396194,50.51551478745011,36.198691996685504,44.807631036409106,8
,,,,,,185.4007771486406,99.853923768176,61.44122885298582,81.19362482646699,8
,,,,,,29.86512225853178,26.919401351992217,14.950182848318109,14.84814164255423,8
,,,,,,150.69251244560832,72.75526692389793,46.2999190663576,65.8686963306675,8
,,,,,,185.4007771486406,99.853923768176,61.44122885298582,81.19362482646699,8
,,,,,,163.1573625078142,87.11737128368209,52.8853966535554,70.80369188368255,8
,,,,,,22.243414640826412,12.736552484493917,8.55583219943042,10.389932942784482,8
,,,,,,9.59954963107514,9.263862628088324,12.331360213622439,12.316795373072372,8
,,,,,,11.198698703997866,11.726570305800418,18.06807686214539,15.383330587204066,8
,,,,,,10.77123810568842,11.613071531034361,12.525666840616864,14.102958485016586,8
,,,,,,9.59954963107514,9.263862628088324,12.331360213622439,12.316795373072372,8
,,,,,,18.615287858137062,17.381593836628532,22.542127285884618,23.06857820659261,8
,,,,,,9.79151019621393,10.57518710937214,13.9106555599194,13.753702273364066,8
,,,,,,9.59954963107514,9.263862628088324,12.331360213622439,12.316795373072372,8
,,,,,,10.613175210420158,10.145492848674978,13.735494563950311,13.424299180655467,8
,,,,,,15.64643073590709,18.244930274326975,25.51641444240867,25.37395238533432,8
,,,,,,100.0,100.0,100.0,100.0,8
,,,,,,54.68535648463686,49.41058610302734,41.08403644839145,44.81385560482705,8
,,,,,,45.314643515363166,50.589413896972665,58.915963551608556,55.18614439517301,8
,,,,,,100.0,100.0,100.0,100.0,8
,,,,,,16.10841266031379,26.95878172448098,24.332493225502258,18.28732449658304,8
,,,,,,81.27933159891462,72.86170055050502,75.35643399506583,81.12545347180516,8
,,,,,,100.0,100.0,100.0,100.0,8
,,,,,,88.00252351531768,87.24481522222052,86.07477037950774,87.20351140253861,8
,,,,,,11.997476484682313,12.755184777779489,13.925229620492264,12.796488597461453,8
,,,,,,0.0,0.0,0.0,0.0,8
,,,,,,4.902434058267097,7.1801456943705,10.335663685112026,8.885206762482175,8
,,,,,,5.916218981792705,7.0128348944008,7.20739775706961,7.215223626090772,8
,,,,,,0.0,0.0,0.0,0.0,8
,,,,,,14.782928265472709,14.439528756618058,19.0663571834813,21.06134164398594,8
,,,,,,3.016473052451679,5.341914149834219,6.16569611081329,4.764094029758,8
,,,,,,0.0,0.0,0.0,0.0,8
,,,,,,2.225983067749328,2.605726794167303,4.042155319812022,3.5901707191160557,8
,,,,,,16.327777555089437,17.823038759324948,24.98541140600783,24.465734553430917,8
,,,,,,27.0386717751176,24.205363046982878,22.04120952930502,27.880731600976063,8
,,,,,,29.60908924540537,25.062848875962963,22.31159062560766,29.33605645074674,8
,,,,,,24.47461859935931,23.422666865135188,21.85650960355677,26.801058177092923,8
,,,,,,27.0386717751176,24.205363046982878,22.04120952930502,27.880731600976063,8
,,,,,,25.230864054542092,32.19328958003249,31.717031447979757,24.695375236649944,8
,,,,,,27.34736034089424,22.739245669298217,20.19374643103183,29.022767827010977,8
,,,,,,27.0386717751176,24.205363046982878,22.04120952930502,27.880731600976063,8
,,,,,,26.45383348973472,23.796686557146163,20.93063918432559,26.507128593527373,8
,,,,,,32.272004390172036,27.427149162042493,32.79806418074881,43.10136529589918,8
,,,,,,9.043136545440571,8.885296667269873,10.798022590479329,10.553526164650325,8
,,,,,,10.047632983645801,10.92129830577566,16.087365292013477,12.999102162508713,8
,,,,,,10.357547562922251,10.721420825372824,11.096348562614407,12.78169336997393,8
,,,,,,9.043136545440571,8.885296667269873,10.798022590479329,10.553526164650325,8
,,,,,,16.90521251210661,14.52198128156758,17.656529629273386,21.34281911570042,8
,,,,,,9.228081699501004,10.142966717254824,12.364094864399306,11.508362239290117,8
,,,,,,9.043136545440571,8.885296667269873,10.798022590479329,10.553526164650325,8
,,,,,,9.878917299597346,9.820929675736947,11.918640794657772,11.577666375233866,8
,,,,,,13.050312805405733,16.871524372257575,20.78632272357685,17.310063268555595,8
,,,,,,120.91430200101998,56.550496089981976,27.09722678495859,38.23558856083389,8
,,,,,,68.54178043730953,27.39226155298672,9.882140775706409,18.071409979168205,8
,,,,,,52.37252156371046,29.15823453699525,17.215086009252182,20.164178581665674,8
,,,,,,120.91430200101998,56.550496089981976,27.09722678495859,38.23558856083389,8
,,,,,,17.870065089986863,16.516653548447234,3.63035309885573,7.033820803688545,8
,,,,,,99.73562227014592,39.93723047227869,23.371673142704083,30.72498090390007,8
,,,,,,120.91430200101998,56.550496089981976,27.09722678495859,38.23558856083389,8
,,,,,,104.65733965440751,51.13980940615709,24.78013536590614,33.8129067067752,8
,,,,,,16.25696234661248,5.410686683824883,2.3170914190524523,4.422681854058685,8
,,,,,,11.845287585883657,12.906516556007608,18.304113161121286,15.902484843265437,8
,,,,,,15.110517432033156,15.320451968055377,25.863286623064575,20.999241593174208,8
,,,,,,12.309982860428173,16.229974846724396,18.63388699562752,19.13413724954427,8
,,,,,,11.845287585883657,12.906516556007608,18.304113161121286,15.902484843265437,8
,,,,,,23.257437870899892,22.1090128493284,45.78855002145944,29.552391982100634,8
,,,,,,12.089803885139801,15.475296912004163,19.232541855246428,17.197010754845316,8
,,,,,,11.845287585883657,12.906516556007608,18.304113161121286,15.902484843265437,8
,,,,,,13.227649437776634,13.784898043700178,19.658690560436952,16.837711138835214,8
,,,,,,18.9264372368259,28.413616303600136,40.02139864523759,39.7662188872253,8
,,,,,,100.0,100.0,100.0,100.0,8
,,,,,,56.686247452126324,48.438587540241414,36.46919610678347,47.26332367139084,8
,,,,,,43.313752547873676,51.56141245975856,63.53080389321653,52.736676328609164,8
,,,,,,100.0,100.0,100.0,100.0,8
,,,,,,14.779116113026989,29.206911858326183,13.397507898745209,18.396005052982357,8
,,,,,,82.48455362154313,70.62224601660678,86.25116263069941,80.35702354892686,8
,,,,,,100.0,100.0,100.0,100.0,8
,,,,,,86.55497151488719,90.43211455613843,91.4489721127527,88.43307499498255,8
,,,,,,13.445028485112823,9.567885443861554,8.551027887247294,11.566925005017449,8
,,,,,,0.0,0.0,0.0,0.0,8
,,,,,,6.468259525235262,9.39578612266241,15.01968682719107,12.876853296290447,8
,,,,,,8.465241140831587,8.826728883099719,8.621894747058127,11.540410347806272,8
,,,,,,0.0,0.0,0.0,0.0,8
,,,,,,18.240460471871227,18.746329241513823,41.28943293839279,25.574291410902816,8
,,,,,,3.489419447469324,7.754366657520539,6.420411645318529,5.900779105086106,8
,,,,,,0.0,0.0,0.0,0.0,8
,,,,,,3.0349336518746415,2.95458650757853,3.8111941929402064,4.862155544023447,8
,,,,,,19.53797242441304,27.925658922973696,40.758818245261395,37.17283250953757,8
,,,,,,27.99793906831986,24.581873899724947,22.433217389455923,30.892918000275852,8
,,,,,,31.08863935486948,26.553149653406035,21.274063224904864,33.3724327937173,8
,,,,,,24.774549206485908,22.979242283393315,23.157527904068584,28.964270182437375,8
,,,,,,27.99793906831986,24.581873899724947,22.433217389455923,30.892918000275852,8
,,,,,,25.446613870958,40.32900617492562,21.05798270396235,23.57088494511824,8
,,,,,,28.502880147361488,21.522939191407183,22.77374100871797,33.30756927489774,8
,,,,,,27.99793906831986,24.581873899724947,22.433217389455923,30.892918000275852,8
,,,,,,26.61853608076703,24.408008262712332,21.944437199733475,29.333416134204114,8
,,,,,,42.014258636779445,26.35636421706951,29.447814303997202,52.048771057138886,8
,,,,,,10.760275906623349,12.09002995966151,15.76012373977173,14.108042281864197,8
,,,,,,12.566829719802342,14.94657015892919,23.074617218186567,17.724491489711404,8
,,,,,,12.012824420329563,14.446717902253301,16.507394914240663,18.032395804148152,8
,,,,,,10.760275906623349,12.09002995966151,15.76012373977173,14.108042281864197,8
,,,,,,21.867158417273302,17.066576388238772,36.17438536901138,31.20228080786544,8
,,,,,,10.809696997785958,14.700645159816045,17.412905273638714,14.319387314721386,8
,,,,,,10.760275906623349,12.09002995966151,15.76012373977173,14.108042281864197,8
,,,,,,11.944798068374675,12.976674937984292,16.934497009542675,15.10596616126131,8
,,,,,,14.334613566482918,26.61918122749867,34.39666117723778,24.225555021609626,8
,,,,,,18.044519170404016,17.20534036227511,9.91571510597813,13.882278972707791,8
,,,,,,18.57205779809437,22.150566426000143,25.578765454563783,24.611415537938182,8
,,,,,,9.732709564608381,17.230510042068612,10.678242290779416,15.160817486764003,8
,,,,,,19.301866310466394,20.47317881929103,28.440858025795684,24.02844544948294,8
,,,,,,14.965532181217716,9.875880812750218,5.976870607541045,7.38660339511783,8
,,,,,,21.412537428620755,32.72408788743677,33.53746008161083,33.523055587038705,8
,,,,,,12.376974380658021,17.463827014065306,12.978078505066634,16.18050843876774,8
,,,,,,22.18078013473338,29.86767416439939,38.09891734322369,33.5017424775575,8
,,,,,,18310.669000000013,18329.806000000022,18348.914999999997,18367.987000000012,8
,,,,,,2611.347620284306,2273.270695866534,2219.9765255938687,2064.207465606828,8
,,,,,,15654.71631314244,15905.009953526902,15999.222703165873,16144.544356225366,8
,,,,,,9200.39700000001,9209.66500000001,9218.911999999995,9228.103000000003,8
,,,,,,1294.7314973088562,1116.4263409516595,1104.9376776244087,1022.0121575437962,8
,,,,,,7884.426701683212,8020.861006527436,8045.697022461345,8128.382684139333,8
,,,,,,9110.272000000012,9120.141000000007,9130.002999999999,9139.884000000002,8
,,,,,,1316.616122975449,1156.8443549148715,1115.0388479694595,1042.1953080630321,8
,,,,,,7770.289611459231,7884.1489469994685,7953.525680704533,8016.16167208603,8
,,,,,,18310.669000000013,18329.806000000022,18348.914999999997,18367.987000000012,8
,,,,,,2611.347620284306,2273.270695866534,2219.9765255938687,2064.207465606828,8
,,,,,,15654.71631314244,15905.009953526902,15999.222703165873,16144.544356225366,8
,,,,,,3728.9296670333392,3751.772736813471,3685.7902111225176,3743.807916397707,8
,,,,,,819.8984369757807,717.604515533182,695.6309776854448,633.0352682303852,8
,,,,,,2903.841444932806,3000.321151589505,2959.0961774325683,3072.5190484182153,8
,,,,,,14268.196353072999,14271.74328242093,14354.296784995793,14331.533664516312,8
,,,,,,1761.0154185453507,1533.484586041186,1502.9041203536765,1411.30008018012,8
,,,,,,12470.189777536723,12625.889066381977,12755.830997204677,12801.479322472847,8
,,,,,,18310.669000000013,18329.806000000022,18348.914999999997,18367.987000000012,8
,,,,,,2611.347620284306,2273.270695866534,2219.9765255938687,2064.207465606828,8
,,,,,,15654.71631314244,15905.009953526902,15999.222703165873,16144.544356225366,8
,,,,,,16701.472000000023,16715.03400000002,16728.585999999996,16741.835000000014,8
,,,,,,2329.1271341222687,2011.7599995423318,1961.0306218686771,1819.5925706550734,8
,,,,,,14330.310190496826,14566.817475623784,14651.521720016466,14773.836319851245,8
,,,,,,1609.1970000000008,1614.772,1620.329,1626.1519999999996,8
,,,,,,282.2204861620372,261.5106963241995,258.94590372519156,244.6148949517543,8
,,,,,,1324.4061226456163,1338.192477903116,1347.7009831494074,1370.708036374113,8
,,,,,,0.0,0.0,0.0,0.0,8
,,,,,,3.6074950038743525,3.775528636363817,3.905950245638312,4.000849217223051,8
,,,,,,0.6191572183673882,0.5513483993293895,0.5503179035564943,0.527291778913352,8
,,,,,,0.0,0.0,0.0,0.0,8
,,,,,,4.121596372770377,4.364478620202581,4.265550133852865,4.484415326955834,8
,,,,,,0.6905680400492219,0.6235850854962559,0.5979132102478988,0.578757869980088,8
,,,,,,0.0,0.0,0.0,0.0,8
,,,,,,3.622789124762503,3.759687255042315,4.017801273964346,3.9432837125654054,8
,,,,,,0.633650395755371,0.5620015116293186,0.571242465737652,0.5320463872419529,8
,,,,,,0.0,0.0,0.0,0.0,8
,,,,,,3.6074950038743525,3.775528636363817,3.905950245638312,4.000849217223051,8
,,,,,,0.6191572183673882,0.5513483993293895,0.5503179035564943,0.527291778913352,8
,,,,,,2.0600356788660252,1.9519369062053604,2.0330326861561088,2.066822234153105,8
,,,,,,5.726417115773028,6.245682395149825,5.983004396767542,6.793174212993766,8
,,,,,,2.1667700560937626,2.0676396139367808,2.1017088828214128,2.0300491147066313,8
,,,,,,0.5557040654693064,0.5263711162184757,0.540696566521867,0.5542752033419412,8
,,,,,,3.607903003004757,3.7053428551423266,4.047374491610654,3.8684295687508397,8
,,,,,,0.8660724708870015,0.7894315642228943,0.8013329147956882,0.807824335535594,8
,,,,,,0.0,0.0,0.0,0.0,8
,,,,,,3.6074950038743525,3.775528636363817,3.905950245638312,4.000849217223051,8
,,,,,,0.6191572183673882,0.5513483993293895,0.5503179035564943,0.527291778913352,8
,,,,,,0.0,0.0,0.0,0.0,8
,,,,,,3.8207553161171095,4.007290625472662,4.168789271813966,4.227798553806403,8
,,,,,,0.639983199523604,0.5644703219023457,0.5668817587352286,0.5383879175481855,8
,,,,,,0.0,0.0,0.0,0.0,8
,,,,,,5.175027648004595,5.623189780011979,5.524180516897974,5.609127458497501,8
,,,,,,1.1044195339531415,1.116714695254966,1.0752264099305882,1.0140959074902338,8
,,,,,,100.0,100.0,100.0,100.0,8
,,,,,,14.296170372564834,12.50542193572298,12.184819418899293,11.336347959511734,8
,,,,,,85.70382962743518,87.494578064277,87.81518058110073,88.6636520404883,8
,,,,,,100.0,100.0,100.0,100.0,8
,,,,,,14.105122378771373,12.218356482568902,12.074984018475284,11.169049808519594,8
,,,,,,85.89487762122862,87.78164351743114,87.92501598152467,88.83095019148044,8
,,,,,,100.0,100.0,100.0,100.0,8
,,,,,,14.489157931793601,12.795544873038697,12.295648825608582,11.505345951224397,8
,,,,,,85.5108420682064,87.20445512696135,87.70435117439143,88.49465404877567,8
,,,,,,100.0,100.0,100.0,100.0,8
,,,,,,14.296170372564834,12.50542193572298,12.184819418899293,11.336347959511734,8
,,,,,,85.70382962743518,87.494578064277,87.81518058110073,88.6636520404883,8
,,,,,,100.0,100.0,100.0,100.0,8
,,,,,,22.018144740967927,19.30120663462693,19.033732154568522,17.08341624858218,8
,,,,,,77.98185525903216,80.69879336537305,80.96626784543147,82.91658375141775,8
,,,,,,100.0,100.0,100.0,100.0,8
,,,,,,12.374323848764183,10.830172461609934,10.540234515633752,9.929796559824787,8
,,,,,,87.62567615123584,89.16982753839002,89.45976548436626,90.07020344017526,8
,,,,,,100.0,100.0,100.0,100.0,8
,,,,,,14.296170372564834,12.50542193572298,12.184819418899293,11.336347959511734,8
,,,,,,85.70382962743518,87.494578064277,87.81518058110073,88.6636520404883,8
,,,,,,100.0,100.0,100.0,100.0,8
,,,,,,13.980827135621897,12.13469613153389,11.80451132078206,10.965741816606252,8
,,,,,,86.0191728643781,87.86530386846609,88.19548867921795,89.03425818339379,8
,,,,,,100.0,100.0,100.0,100.0,8
,,,,,,17.566028386115498,16.34745123579028,16.117163381738322,15.143405086868466,8
,,,,,,82.43397161388448,83.65254876420978,83.88283661826172,84.85659491313152,8
,,,,,,0.0,0.0,0.0,0.0,8
,,,,,,3.6144893201946804,3.773232345268561,3.9062224734771687,4.00355360282481,8
,,,,,,0.6029293598191525,0.5393004181863283,0.5420089685451152,0.5118859382811514,8
,,,,,,0.0,0.0,0.0,0.0,8
,,,,,,4.127541992009402,4.367636774239427,4.267337866731257,4.48518593611862,8
,,,,,,0.6777992650218487,0.6079328314630802,0.5860452337369119,0.5639393140903828,8
,,,,,,0.0,0.0,0.0,0.0,8
,,,,,,3.6299079754752386,3.751451436110784,4.01788738433163,3.9473001414038413,8
,,,,,,0.615060133457543,0.5504519822971757,0.5632848500338677,0.5131954487910277,8
,,,,,,0.0,0.0,0.0,0.0,8
,,,,,,3.6144893201946804,3.773232345268561,3.9062224734771687,4.00355360282481,8
,,,,,,0.6029293598191525,0.5393004181863283,0.5420089685451152,0.5118859382811514,8
,,,,,,0.0,0.0,0.0,0.0,8
,,,,,,4.8522255382721,5.442056996822046,5.136211997273677,5.852788211084219,8
,,,,,,1.3700238839229444,1.3016088869818259,1.207432256008386,1.2058578959849722,8
,,,,,,0.0,0.0,0.0,0.0,8
,,,,,,3.7176666396740146,3.796768714149655,4.119452253351744,3.984517664777794,8
,,,,,,0.525001494786461,0.46113871817664587,0.48535777610406605,0.43927345880317703,8
,,,,,,0.0,0.0,0.0,0.0,8
,,,,,,3.6144893201946804,3.773232345268561,3.9062224734771687,4.00355360282481,8
,,,,,,0.6029293598191525,0.5393004181863283,0.5420089685451152,0.5118859382811514,8
,,,,,,0.0,0.0,0.0,0.0,8
,,,,,,3.8280517278612063,4.004659565590753,4.169702750852684,4.23152026114514,8
,,,,,,0.6221790757954317,0.553066168318626,0.5580932093450142,0.5211674654477042,8
,,,,,,0.0,0.0,0.0,0.0,8
,,,,,,5.174846940204718,5.617580567805881,5.523265639682872,5.611073447304839,8
,,,,,,1.1027190182127329,1.0977923058169863,1.06123467331731,1.001345367106635,8
,,,,,,4925.3390608008385,4950.1879544899575,4964.582376798136,5008.455247683382,8
,,,,,,743.1926299294527,311.88226710999425,175.18434590118886,158.50585557296512,8
,,,,,,4182.146430871384,4638.305687379962,4789.398030896946,4849.949392110418,8
,,,,,,1235.3605904447786,1234.482308907871,1248.8557023415576,1252.491605196658,8
,,,,,,160.81305828188871,65.47254869820671,36.0910473539671,29.8218569288634,8
,,,,,,1074.5475321628896,1169.0097602096641,1212.76465498759,1222.6697482677941,8
,,,,,,3689.978470356059,3715.7056455820853,3715.7266744565795,3755.9636424867267,8
,,,,,,582.379571647564,246.40971841178742,139.09329854722182,128.6839986441017,8
,,,,,,3107.5988987084947,3469.295927170299,3576.633375909357,3627.279643842624,8
,,,,,,0.7305089401292467,0.6916444939236217,0.7214234802659192,0.731107808072688,8
,,,,,,3.5481079989974873,4.848185851456592,6.420262823107305,7.058748757414277,8
,,,,,,0.957755550895374,0.7775976879332026,0.7708383091112315,0.7657121722939909,8
,,,,,,0.8639078492560583,0.8550699131045278,0.8419610613103673,0.879429391705798,8
,,,,,,6.4433575839669075,9.820966491456822,11.43685847322448,13.476514377698182,8
,,,,,,1.2759834884304515,1.0335523516856844,0.9218594039320922,0.9595998722850363,8
,,,,,,0.9904499286429941,0.9465798046458758,0.9911039386986629,1.006792323758434,8
,,,,,,4.087925800990555,5.296997299305,7.259776344133151,8.0316999864701,8
,,,,,,1.2087171023018868,1.0389929875767887,1.051813030934164,1.0455581568923864,8
,,,,,,100.0,100.0,100.0,100.0,8
,,,,,,100.0,100.0,100.0,100.0,8
,,,,,,100.0,100.0,100.0,100.0,8
,,,,,,25.081737017388495,24.938089629266738,25.155302250156165,25.007543109744002,8
,,,,,,21.63813953552714,20.992712828753408,20.601753637464803,18.814356618601686,8
,,,,,,25.693685047249748,25.203378970694846,25.32185980709702,25.209948587437918,8
,,,,,,74.9182629826115,75.0619103707333,74.84469774984387,74.992456890256,8
,,,,,,78.36186046447288,79.00728717124662,79.39824636253525,81.18564338139831,8
,,,,,,74.30631495275027,74.79662102930511,74.67814019290299,74.7900514125621,8
,,,,,,0.0,0.0,0.0,0.0,8
,,,,,,0.0,0.0,0.0,0.0,8
,,,,,,0.0,0.0,0.0,0.0,8
,,,,,,1.0772246827954368,1.0645737622341722,1.0814266861706425,1.1209819260892253,8
,,,,,,5.862266018382149,8.436357318435359,10.308685855087328,12.586913616390373,8
,,,,,,1.3025287908542533,1.1835470316825716,1.1483816021039472,1.1725344371478101,8
,,,,,,0.3606419199653083,0.3536871865962091,0.3634674996341211,0.3738109805222635,8
,,,,,,1.6187534260706034,2.241591033530879,2.674832455905968,2.916952698074721,8
,,,,,,0.45038923728709984,0.39880657653572027,0.38939317259924405,0.3952334878664327,8
,,,,,,2661.688545134074,1222.022610504223,763.4170733456882,782.6834532835676,8
,,,,,,2444.709569783192,1097.1702158919295,667.7034856703639,636.7641252726776,8
,,,,,,262.68250131298316,119.80239900558247,46.985857303943455,47.89267684751938,8
,,,,,,1823.7739519477573,810.5551463971121,529.0309002244192,538.2717328673527,8
,,,,,,402.52811764005776,173.35391371117967,109.33330556985963,88.75680724632248,8
,,,,,,105.09223631745881,65.43531658433513,54.35007275969414,37.30190880461073,8
,,,,,,130.0808385863451,43.2412202309243,27.412313875381585,21.572730445235006,8
,,,,,,1178.8235164404007,548.328344982321,356.67815245753906,372.7322952417388,8
,,,,,,1073.9141095945904,482.5955004139359,303.53508874239276,289.5367462892781,8
,,,,,,123.47772414243467,53.24237369685361,22.166266623388914,19.777625945890875,8
,,,,,,806.1159199877791,361.9952665457329,253.92909955253413,262.2956246363346,8
,,,,,,173.661334853486,74.9794854897805,48.74085360365841,34.757793874806616,8
,,,,,,48.43037025416584,30.277277710342695,25.73570649779206,17.115155978415345,8
,,,,,,55.38703949041004,22.81861643353345,12.069597584415401,10.358471951797286,8
,,,,,,1482.8650286936752,673.6942655219015,406.7389208881492,409.9511580418284,8
,,,,,,1370.7954601886013,614.5747154779939,364.1683969279711,347.2273789833996,8
,,,,,,139.20477717054848,66.56002530872888,24.819590680554526,28.1150509016285,8
,,,,,,1017.6580319599781,448.5598798513792,275.1018006718849,275.97610823101815,8
,,,,,,228.86678278657166,98.37442822139921,60.592451966201246,53.999013371515865,8
,,,,,,56.66186606329297,35.15803887399241,28.61436626190209,20.186752826195406,8
,,,,,,74.69379909593509,20.42260379739086,15.342716290966177,11.214258493437706,8
,,,,,,2661.688545134074,1222.022610504223,763.4170733456882,782.6834532835676,8
,,,,,,2444.709569783192,1097.1702158919295,667.7034856703639,636.7641252726776,8
,,,,,,262.68250131298316,119.80239900558247,46.985857303943455,47.89267684751938,8
,,,,,,1823.7739519477573,810.5551463971121,529.0309002244192,538.2717328673527,8
,,,,,,402.52811764005776,173.35391371117967,109.33330556985963,88.75680724632248,8
,,,,,,105.09223631745881,65.43531658433513,54.35007275969414,37.30190880461073,8
,,,,,,130.0808385863451,43.2412202309243,27.412313875381585,21.572730445235006,8
,,,,,,2423.9871952614135,1101.1381889477962,677.6542942768428,704.8508155678995,8
,,,,,,2217.630290489899,983.0862610757616,591.1744392972628,569.6221020217545,8
,,,,,,239.27780477556223,110.18369929963289,42.58617455258535,42.31848934621552,8
,,,,,,1680.1934929098747,731.3335336285869,477.21094233655987,492.9271122246933,8
,,,,,,349.5746528096868,150.8747799254123,91.46771660429631,73.3207145658627,8
,,,,,,78.13071654583575,57.14467564379028,45.83110335807694,33.280835683273835,8
,,,,,,119.5759764976379,38.935564780688466,22.40618517054649,19.04952354652597,8
,,,,,,237.7013498726608,120.88442155642667,85.76277906884535,77.83263771566813,8
,,,,,,227.07927929329293,114.08395481616812,76.5290463731012,67.1420232509234,8
,,,,,,23.404696537420932,9.61869970594959,4.399682751358101,5.5741875013038555,8
,,,,,,143.5804590378824,79.22161276852503,51.81995788785922,45.34462064265938,8
,,,,,,52.95346483037088,22.479133785767367,17.865588965563322,15.436092680459778,8
,,,,,,26.961519771623067,8.290640940544836,8.518969401617202,4.021073121336912,8
,,,,,,10.504862088707206,4.30565545023585,5.006128704835096,2.5232068987090335,8
,,,,,,2661.688545134074,1222.022610504223,763.4170733456882,782.6834532835676,8
,,,,,,2444.709569783192,1097.1702158919295,667.7034856703639,636.7641252726776,8
,,,,,,262.68250131298316,119.80239900558247,46.985857303943455,47.89267684751938,8
,,,,,,1823.7739519477573,810.5551463971121,529.0309002244192,538.2717328673527,8
,,,,,,402.52811764005776,173.35391371117967,109.33330556985963,88.75680724632248,8
,,,,,,105.09223631745881,65.43531658433513,54.35007275969414,37.30190880461073,8
,,,,,,130.0808385863451,43.2412202309243,27.412313875381585,21.572730445235006,8
,,,,,,510.5575923486782,241.91981042504452,135.9121066499239,166.90538526990966,8
,,,,,,458.939125834266,210.65127809153503,117.09655067576504,134.916284386729,8
,,,,,,58.36648459371603,30.66777701185497,6.709161769108518,10.388967320243484,8
,,,,,,337.04786722551614,151.0671881324077,89.14086781641093,112.41361890201625,8
,,,,,,84.15580958164819,38.66587154663877,20.490018122710012,20.57962970793877,8
,,,,,,17.776964796940398,7.421962805808787,8.839334583829876,9.043831514375118,8
,,,,,,18.882549631116838,8.46179711890261,5.396455522562968,2.4297390044684515,8
,,,,,,2093.2739406641435,957.77301078062,608.3595910440874,601.8187854708989,8
,,,,,,1930.5146757363862,867.1550641564461,532.3002641054363,488.87285099594726,8
,,,,,,197.08899219545364,84.29065850015327,35.5689766597601,35.09388489024368,8
,,,,,,1459.0854629628157,646.3191610704617,429.7198674702534,414.68244420355245,8
,,,,,,309.18243139543875,128.77387431076733,83.38870859268079,65.91850783369689,8
,,,,,,80.37892627279437,56.45336262018466,45.156701456181935,26.67309291519692,8
,,,,,,103.56213032852376,34.03647423689865,20.254857989373463,19.142991440766547,8
,,,,,,2.952881386960615,3.449057868308341,4.340732305611543,4.36809301221018,8
,,,,,,3.0912372623302677,3.645701003378215,4.677514933163542,4.9625106726491675,8
,,,,,,8.908016412413835,11.558111048911213,17.560051117905886,20.422213841843988,8
,,,,,,3.5876145003073545,4.056975510891933,4.960414400794524,5.327256217268377,8
,,,,,,7.407998481127725,8.283666390962953,10.767340820351624,13.870556860223068,8
,,,,,,14.729992802671143,17.26789274967307,23.267417070419732,19.51282425917156,8
,,,,,,12.747826582612054,21.53956075246076,18.752396751042077,23.58490644252398,8
,,,,,,3.6895361541642546,4.217779129124139,4.97266260221773,5.438458417676663,8
,,,,,,3.8558737340481644,4.476312960087398,5.532067366359426,6.273747742895782,8
,,,,,,10.627391717261117,14.456829565998236,20.838302498678416,20.81131513074427,8
,,,,,,4.339695385371782,5.053922300273219,5.965568049635047,6.440243350012769,8
,,,,,,9.319325854048351,11.907484512755705,12.248804595729453,15.068684710123678,8
,,,,,,18.141723780160486,19.672818079805687,25.746642287769824,24.57224795356789,8
,,,,,,15.530921072122561,26.929508429578537,23.602569934501453,25.090078868615812,8
,,,,,,2.954209554522937,3.8256289420105465,5.1109295255236304,5.018125041655937,8
,,,,,,3.156671292114511,4.023782028175721,5.3280730091120265,5.557860818486937,8
,,,,,,9.849386446186848,11.97507176060127,20.604499054109727,22.799424737620434,8
,,,,,,3.7220937497680193,4.755896150881655,5.9711904004536835,6.352223199069301,8
,,,,,,7.7586064261052705,8.76156784405687,12.957450077369515,15.612880579942354,8
,,,,,,15.596702091452944,18.185557113829883,23.431896870555626,22.455453570542648,8
,,,,,,13.668362772157181,19.36547766244824,20.67790625824463,29.22210792684205,8
,,,,,,2.952881386960615,3.449057868308341,4.340732305611543,4.36809301221018,8
,,,,,,3.0912372623302677,3.645701003378215,4.677514933163542,4.9625106726491675,8
,,,,,,8.908016412413835,11.558111048911213,17.560051117905886,20.422213841843988,8
,,,,,,3.5876145003073545,4.056975510891933,4.960414400794524,5.327256217268377,8
,,,,,,7.407998481127725,8.283666390962953,10.767340820351624,13.870556860223068,8
,,,,,,14.729992802671143,17.26789274967307,23.267417070419732,19.51282425917156,8
,,,,,,12.747826582612054,21.53956075246076,18.752396751042077,23.58490644252398,8
,,,,,,3.062784861674603,3.6038799004091246,4.700645253933847,4.65241605327023,8
,,,,,,3.221106962093284,3.799051052636499,5.0795576414714425,5.300513259448458,8
,,,,,,9.35135210846425,12.338508153268197,17.991135956064372,22.71338509353965,8
,,,,,,3.6541047075493305,4.192132427437679,5.35232589522886,5.5852030953079135,8
,,,,,,8.134102851562469,9.239000470693815,12.163216921204597,16.26184122583786,8
,,,,,,16.614031054725938,19.05396991742926,27.032778859070017,21.169275847892845,8
,,,,,,13.375239740496939,23.432387241779406,21.101949706022776,24.75239004552977,8
,,,,,,5.138052232781408,7.454024113172234,7.44835160260358,7.6997727973265855,8
,,,,,,5.3181016595403685,7.785417299178422,7.975217514566432,8.440821920933717,8
,,,,,,19.180893323502744,26.04335074789987,34.276434749583935,25.129941628836434,8
,,,,,,7.015557929150407,10.234565680410807,9.042578711496223,10.947617968427249,8
,,,,,,11.879445778777013,14.246693916200245,16.471424074830345,16.53700524589013,8
,,,,,,19.524091696847577,29.3559550442719,24.281854674034975,29.177885200571957,8
,,,,,,19.326679033463478,25.792592825231253,32.98311491965557,41.91809533590584,8
,,,,,,2.952881386960615,3.449057868308341,4.340732305611543,4.36809301221018,8
,,,,,,3.0912372623302677,3.645701003378215,4.677514933163542,4.9625106726491675,8
,,,,,,8.908016412413835,11.558111048911213,17.560051117905886,20.422213841843988,8
,,,,,,3.5876145003073545,4.056975510891933,4.960414400794524,5.327256217268377,8
,,,,,,7.407998481127725,8.283666390962953,10.767340820351624,13.870556860223068,8
,,,,,,14.729992802671143,17.26789274967307,23.267417070419732,19.51282425917156,8
,,,,,,12.747826582612054,21.53956075246076,18.752396751042077,23.58490644252398,8
,,,,,,4.6389569549618495,6.435111374127871,7.7044918615033735,7.61843598975451,8
,,,,,,4.973673456186443,6.720597914312712,8.36280956380663,8.784867900456248,8
,,,,,,17.637952281031545,19.83390323150306,30.77604562821633,28.997920039875915,8
,,,,,,6.083683348949986,7.5423585603608085,9.3569107075995,9.6539652802335,8
,,,,,,13.321430960555416,14.082174967721553,22.027613763763757,21.484247074522045,8
,,,,,,27.022517189503493,30.782425386987356,31.736566144185733,39.90014123086605,8
,,,,,,27.19020877807002,39.76090960246269,32.001650663115086,41.78697991146932,8
,,,,,,3.3885425570994423,3.898251378810487,4.5968796464537665,4.816175489277651,8
,,,,,,3.4924097331757684,4.105885793893672,4.962516657110505,5.394368896760175,8
,,,,,,9.054996221966437,11.825882626357288,19.508511251940856,25.641368818703615,8
,,,,,,4.082577255940222,4.592962707883236,5.302006547893723,5.790120686025613,8
,,,,,,7.819218791705071,8.865680369656998,11.482406600832066,15.737663401325669,8
,,,,,,17.394232002058597,17.78126922060569,25.005164394290457,22.796273402102532,8
,,,,,,14.003872773646142,19.592316655298422,20.476214973248048,25.415672365859788,8
,,,,,,100.0,100.0,100.0,100.0,8
,,,,,,91.84807043831069,89.78313547236439,87.76200133605863,81.36309740384063,8
,,,,,,9.869017236941644,9.803615577632439,6.032914365814027,6.112940000133436,8
,,,,,,68.5194349760366,66.3289811031129,69.33352682649317,68.5784441032928,8
,,,,,,15.123036028236028,14.185818840099182,13.939873132194256,11.197366462119303,8
,,,,,,3.9483295861035868,5.35467314776898,6.968828451126546,4.646797812314553,8
,,,,,,4.887154765877865,3.5384959213710805,3.4616026299523845,2.805887674059316,8
,,,,,,100.0,100.0,100.0,100.0,8
,,,,,,91.10049932134055,88.01213813404004,85.43051698284555,77.81203800768489,8
,,,,,,10.474657352891166,9.70994371968318,6.054496334465747,5.4142519529390185,8
,,,,,,68.38308777737511,66.01797442322702,71.31860339081248,70.24561488625677,8
,,,,,,14.731750124724119,13.674194700293665,13.313081742448363,9.305809936884081,8
,,,,,,4.108364787326873,5.521742216576254,7.029453507130383,4.481302772222019,8
,,,,,,4.6985014056775745,4.1614876637955245,3.296691119658989,2.7121838172035795,8
,,,,,,100.0,100.0,100.0,100.0,8
,,,,,,92.4423621613222,91.2245727669793,89.76673907635987,84.5859273737855,8
,,,,,,9.387555473823562,9.879856296114637,6.014357008992626,6.747047326126948,8
,,,,,,68.62782601707728,66.58211340182419,67.62664944582622,67.06537226614768,8
,,,,,,15.434094024605269,14.602236245129664,14.478822644159802,12.914083751042277,8
,,,,,,3.821107448545674,5.21869350435334,6.916699712792417,4.796995912539196,8
,,,,,,5.03712729416354,3.0314350058434534,3.603402564418871,2.8909303513237483,8
,,,,,,100.0,100.0,100.0,100.0,8
,,,,,,91.84807043831069,89.78313547236439,87.76200133605863,81.36309740384063,8
,,,,,,9.869017236941644,9.803615577632439,6.032914365814027,6.112940000133436,8
,,,,,,68.5194349760366,66.3289811031129,69.33352682649317,68.5784441032928,8
,,,,,,15.123036028236028,14.185818840099182,13.939873132194256,11.197366462119303,8
,,,,,,3.9483295861035868,5.35467314776898,6.968828451126546,4.646797812314553,8
,,,,,,4.887154765877865,3.5384959213710805,3.4616026299523845,2.805887674059316,8
,,,,,,100.0,100.0,100.0,100.0,8
,,,,,,91.48688140040852,89.27909965734278,87.56631973371512,80.79395017151575,8
,,,,,,9.87124871135127,10.006346197557649,6.165092198309229,6.01375599180485,8
,,,,,,69.315279230618,66.41614476448416,70.46211872793997,69.8144454951241,8
,,,,,,14.421472749239788,13.70171168703017,13.081112626909247,10.245360936820513,8
,,,,,,3.2232314056184515,5.189600743789975,6.584969376022549,4.601291713526524,8
,,,,,,4.933028389398826,3.5359381021825937,3.1847136980786583,2.6900512092881623,8
,,,,,,100.0,100.0,100.0,100.0,8
,,,,,,95.53133771219294,94.37440602130505,89.32039796136665,86.54440454272225,8
,,,,,,9.846261516797899,7.956939018366195,4.980257980981852,7.015874743954634,8
,,,,,,60.40372051517585,65.53500587463688,60.34548814783687,57.3263418853772,8
,,,,,,22.277309261701138,18.595558878754694,20.77899064429894,19.86407473079793,8
,,,,,,11.342602718102626,6.858320397119917,10.025859260726673,5.061068603986422,8
,,,,,,4.419353148114124,3.561795138529117,5.6667295905327135,3.860420258554105,8
,,,,,,100.0,100.0,100.0,100.0,8
,,,,,,91.84807043831069,89.78313547236439,87.76200133605863,81.36309740384063,8
,,,,,,9.869017236941644,9.803615577632439,6.032914365814027,6.112940000133436,8
,,,,,,68.5194349760366,66.3289811031129,69.33352682649317,68.5784441032928,8
,,,,,,15.123036028236028,14.185818840099182,13.939873132194256,11.197366462119303,8
,,,,,,3.9483295861035868,5.35467314776898,6.968828451126546,4.646797812314553,8
,,,,,,4.887154765877865,3.5384959213710805,3.4616026299523845,2.805887674059316,8
,,,,,,100.0,100.0,100.0,100.0,8
,,,,,,89.88978573857736,87.0748359637965,86.68145520537463,80.54596592229052,8
,,,,,,11.431910027077892,12.676835748991689,4.72634922413822,6.051384786655872,8
,,,,,,66.01564099262951,62.44514984820303,65.93953192718415,67.81475566589748,8
,,,,,,16.4831178387756,15.982929003914231,14.514406819647196,11.98726055158225,8
,,,,,,3.481872576835536,3.067943378745487,6.226974932180496,5.267867609182728,8
,,,,,,3.698417164702793,3.4977694071583194,3.801597613818001,1.4152788428292191,8
,,,,,,100.0,100.0,100.0,100.0,8
,,,,,,92.22465527487923,90.53868238046114,87.76052829134,81.37445066480691,8
,,,,,,9.41534637998323,8.80069260162732,5.766634101452691,5.882144125278653,8
,,,,,,69.70351250347501,67.48145477013257,70.57456600613884,68.5814037318565,8
,,,,,,14.770280439135586,13.445135001853087,13.375691866795044,10.85938650959131,8
,,,,,,3.8398665703205657,5.894231930191171,7.294828122587932,4.325453597402983,8
,,,,,,4.94737589365232,3.553709893031718,3.2126012560192603,3.258611663731666,8
,,,,,,0.0,0.0,0.0,0.0,8
,,,,,,0.6158624664204797,0.9736065706849688,1.300189734831657,1.8620967443626961,8
,,,,,,8.301669232797789,10.985449410625153,16.224512583262545,19.634928767572582,8
,,,,,,1.7703371169236255,2.149708547691403,2.4226660354935308,2.6027735108874532,8
,,,,,,6.7313903706148235,7.855794202202375,9.176050224495881,12.767912532845752,8
,,,,,,14.538973655001225,16.411118715615856,21.946908009015832,19.023975903155392,8
,,,,,,12.44714113722482,20.84076994372846,18.465910718080806,22.430177425714916,8
,,,,,,0.0,0.0,0.0,0.0,8
,,,,,,0.8416326851842614,1.3972424776199472,1.7985068604276722,2.656603319344838,8
,,,,,,9.734717335605012,13.6014606551797,19.837658599204104,20.086010850094738,8
,,,,,,2.1260764783079265,2.8046036994882195,2.940073360932695,2.9768212760049138,8
,,,,,,8.277736803405972,11.165828272760583,11.296736462398684,14.204465688432308,8
,,,,,,17.94616428901844,18.704987630729285,24.636992916117393,23.947499120068105,8
,,,,,,14.96044793898067,25.945050660306805,23.491866240215522,24.978844044967317,8
,,,,,,0.0,0.0,0.0,0.0,8
,,,,,,0.8241868552701235,1.0713716419843275,1.454345984975001,1.8418789690611805,8
,,,,,,9.36120368508741,11.717968198886043,18.6849908497421,22.155223289565175,8
,,,,,,2.087179033833985,2.526224803790394,3.291560378648569,3.2762502127467736,8
,,,,,,7.3082672991502635,8.51286756131997,11.235269728275762,14.247995876792316,8
,,,,,,15.44128861496706,17.4630410256408,22.08718403314449,22.028126840579468,8
,,,,,,13.41627875567008,18.954673614094297,20.24570988702995,26.844902600023584,8
,,,,,,0.0,0.0,0.0,0.0,8
,,,,,,0.6158624664204797,0.9736065706849688,1.300189734831657,1.8620967443626961,8
,,,,,,8.301669232797789,10.985449410625153,16.224512583262545,19.634928767572582,8
,,,,,,1.7703371169236255,2.149708547691403,2.4226660354935308,2.6027735108874532,8
,,,,,,6.7313903706148235,7.855794202202375,9.176050224495881,12.767912532845752,8
,,,,,,14.538973655001225,16.411118715615856,21.946908009015832,19.023975903155392,8
,,,,,,12.44714113722482,20.84076994372846,18.465910718080806,22.430177425714916,8
,,,,,,0.0,0.0,0.0,0.0,8
,,,,,,0.6684094637516806,1.0619411086789439,1.4372493945473088,1.993169783352755,8
,,,,,,8.600306432489283,11.674106830272613,16.52193895743843,21.75886557231414,8
,,,,,,1.8081828881360218,2.280236791377073,2.583650852132916,2.694010468785809,8
,,,,,,7.418852946394015,8.678147376897781,10.360295927779923,14.96099972907895,8
,,,,,,16.495498182229507,18.148495627992908,25.61048438545242,20.567588785787176,8
,,,,,,13.039078391323788,22.70093634471602,20.98450022478658,24.13390233111877,8
,,,,,,0.0,0.0,0.0,0.0,8
,,,,,,1.3390617729677479,1.5030820523764488,2.3992754116511876,2.6132775624721343,8
,,,,,,18.450344565045928,25.320660213427114,33.598846368365365,24.58880714257002,8
,,,,,,5.037546136591249,5.348207052190535,5.5748509065615455,7.211422964800637,8
,,,,,,10.41673093847893,13.683437287437231,14.101532740043101,15.126606577219345,8
,,,,,,18.005129235662004,28.567735007965616,22.61619318359663,28.882301848162463,8
,,,,,,19.303802919896366,25.431613217909437,32.087125307985126,37.2678116137372,8
,,,,,,0.0,0.0,0.0,0.0,8
,,,,,,0.6158624664204797,0.9736065706849688,1.300189734831657,1.8620967443626961,8
,,,,,,8.301669232797789,10.985449410625153,16.224512583262545,19.634928767572582,8
,,,,,,1.7703371169236255,2.149708547691403,2.4226660354935308,2.6027735108874532,8
,,,,,,6.7313903706148235,7.855794202202375,9.176050224495881,12.767912532845752,8
,,,,,,14.538973655001225,16.411118715615856,21.946908009015832,19.023975903155392,8
,,,,,,12.44714113722482,20.84076994372846,18.465910718080806,22.430177425714916,8
,,,,,,0.0,0.0,0.0,0.0,8
,,,,,,1.5732870765606637,1.9215131107107968,2.5734159524494773,3.288680100415932,8
,,,,,,16.446751040444173,17.664165684163148,30.04504688552992,27.99299535720311,8
,,,,,,3.5957536982777643,4.0926000663262725,5.1487015600379795,4.909451935814551,8
,,,,,,12.382773209411479,12.47830287861565,19.81393071446754,20.241623318981812,8
,,,,,,26.414109698381967,30.08112537362393,30.783262462811084,38.67815563331959,8
,,,,,,26.578503679099235,38.349225319186324,31.72451498656299,41.93928749179232,8
,,,,,,0.0,0.0,0.0,0.0,8
,,,,,,0.6216956464278625,1.0478575391844391,1.4381924999602906,2.0437255971470876,8
,,,,,,8.645011030454183,11.553652524158355,18.327554007966643,24.253209714616897,8
,,,,,,1.8417224347273387,2.2869911125810614,2.482489354179054,2.874831683417132,8
,,,,,,7.2059233825698925,8.586920243886127,10.167103894166999,14.35615849099254,8
,,,,,,17.142696144848273,16.786280191879953,23.513392682416885,22.26523155127338,8
,,,,,,13.75327805751105,19.163054222581096,20.11643490575897,23.947942137550058,8
,,,,,,18310.669000000013,18329.806000000022,18348.914999999997,18367.987000000012,8
,,,,,,9200.39700000001,9209.66500000001,9218.911999999995,9228.103000000003,8
,,,,,,9110.272000000012,9120.141000000007,9130.002999999999,9139.884000000002,8
,,,,,,18310.669000000013,18329.806000000022,18348.914999999997,18367.987000000012,8
,,,,,,3168.7320000000045,3168.3580000000006,3168.2050000000017,3168.048000000002,8
,,,,,,3336.7580000000044,3334.178000000013,3331.725999999998,3329.0020000000004,8
,,,,,,3342.662000000003,3345.130000000003,3347.487000000002,3349.6300000000024,8
,,,,,,6853.320000000007,6867.368,6881.167999999995,6895.155,8
,,,,,,1609.1970000000008,1614.772,1620.329,1626.1519999999996,8
,,,,,,18310.669000000013,18329.806000000022,18348.914999999997,18367.987000000012,8
,,,,,,3728.9296670333392,3751.772736813471,3685.7902111225176,3743.807916397707,8
,,,,,,14268.196353072999,14271.74328242093,14354.296784995793,14331.533664516312,8
,,,,,,18310.669000000013,18329.806000000022,18348.914999999997,18367.987000000012,8
,,,,,,8486.640596570947,8545.11939411968,8550.67593806259,8525.083929489429,8
,,,,,,2909.977405423992,2906.0462955703797,2925.142322358569,2980.609003654737,8
,,,,,,5239.84407022458,5246.180579066573,5225.509049236908,5228.417987097236,8
,,,,,,1674.2069277804958,1632.4597312433755,1647.5876903419357,1633.8760797586056,8
,,,,,,0.0,0.0,0.0,0.0,8
,,,,,,0.0,0.0,0.0,0.0,8
,,,,,,0.0,0.0,0.0,0.0,8
,,,,,,0.0,0.0,0.0,0.0,8
,,,,,,0.0,0.0,0.0,0.0,8
,,,,,,0.0,0.0,0.0,0.0,8
,,,,,,0.0,0.0,0.0,0.0,8
,,,,,,0.0,0.0,0.0,0.0,8
,,,,,,0.0,0.0,0.0,0.0,8
,,,,,,0.0,0.0,0.0,0.0,8
,,,,,,2.0600356788660252,1.9519369062053604,2.0330326861561088,2.066822234153105,8
,,,,,,0.5557040654693064,0.5263711162184757,0.540696566521867,0.5542752033419412,8
,,,,,,0.0,0.0,0.0,0.0,8
,,,,,,0.8619256149191288,0.813876937816335,0.8358781521000684,0.8517752207561844,8
,,,,,,1.7467060415185587,1.6933651493926845,1.6149013033755222,1.6217700526558354,8
,,,,,,1.1183788050237173,1.1122546771083097,1.0874446920577259,1.1163471883401732,8
,,,,,,3.2283569530128897,3.1094142486660714,3.0109455262792535,3.078034194586012,8
,,,,,,100.0,100.0,100.0,100.0,8
,,,,,,50.2460996919337,50.244203348360585,50.2422731807303,50.24014335375999,8
,,,,,,49.75390030806629,49.755796651639415,49.75772681926969,49.75985664624,8
,,,,,,100.0,100.0,100.0,100.0,8
,,,,,,17.305386275072745,17.28527841483974,17.26644327471134,17.24766029070034,8
,,,,,,18.223026149399566,18.189925196153194,18.157618583987116,18.12393486558979,8
,,,,,,18.25526964634662,18.249674873809358,18.243514671030958,18.23623895204194,8
,,,,,,37.42801532811281,37.46557928654564,37.50177054065595,37.5389801832939,8
,,,,,,8.788302601068262,8.809542228652065,8.83065292961464,8.853185708374031,8
,,,,,,100.0,100.0,100.0,100.0,8
,,,,,,20.364792062121477,20.468153000710824,20.087237916370082,20.382243935591347,8
,,,,,,77.92285663114212,77.86085287766241,78.22967616884046,78.02451985901509,8
,,,,,,100.0,100.0,100.0,100.0,8
,,,,,,46.34806405255285,46.6187115898536,46.6004444298891,46.41272845788398,8
,,,,,,15.892250607686659,15.854211962583662,15.941772700775866,16.22719464933602,8
,,,,,,28.616344221090888,28.621037118813884,28.478572434593058,28.464839326689628,8
,,,,,,9.14334111866965,8.906039328748893,8.979210434741978,8.895237566090422,8
,,,,,,0.0,0.0,0.0,0.0,8
,,,,,,0.0,0.0,0.0,0.0,8
,,,,,,0.0,0.0,0.0,0.0,8
,,,,,,0.0,0.0,0.0,0.0,8
,,,,,,0.0,0.0,0.0,0.0,8
,,,,,,0.0,0.0,0.0,0.0,8
,,,,,,0.0,0.0,0.0,0.0,8
,,,,,,0.0,0.0,0.0,0.0,8
,,,,,,0.0,0.0,0.0,0.0,8
,,,,,,0.0,0.0,0.0,0.0,8
,,,,,,2.060035678866025,1.9519369062053593,2.0330326861561097,2.066822234153105,8
,,,,,,0.5557040654693071,0.5263711162184753,0.540696566521867,0.5542752033419412,8
,,,,,,0.0,0.0,0.0,0.0,8
,,,,,,0.8619256149191308,0.813876937816335,0.8358781521000688,0.8517752207561841,8
,,,,,,1.7467060415185587,1.6933651493926851,1.6149013033755228,1.6217700526558365,8
,,,,,,1.118378805023717,1.1122546771083093,1.0874446920577252,1.116347188340173,8
,,,,,,3.2283569530128884,3.1094142486660736,3.010945526279254,3.0780341945860124,8
,,,,,,,,1310.792228298049,1581.686437173998,8
,,,,,,,,663.2714683186402,780.1139842577535,8
,,,,,,,,647.5207599794087,801.5724529162445,8
,,,,,,,,1310.792228298049,1581.686437173998,8
,,,,,,,,67.7766141809376,82.21250962236323,8
,,,,,,,,113.08283244371343,145.4449293246357,8
,,,,,,,,257.3150693219015,318.8079576321823,8
,,,,,,,,754.9708212854616,879.9389485204738,8
,,,,,,,,117.64689106603505,155.28209207434318,8
,,,,,,,,1310.792228298049,1581.686437173998,8
,,,,,,,,1193.1453372320138,1426.404345099655,8
,,,,,,,,117.64689106603505,155.28209207434318,8
,,,,,,,,1310.792228298049,1581.686437173998,8
,,,,,,,,288.3410788308251,362.44501490622906,8
,,,,,,,,999.4473739809443,1183.5087213035324,8
,,,,,,,,1310.792228298049,1581.686437173998,8
,,,,,,,,313.538124522999,404.41376956710377,8
,,,,,,,,174.45042372992387,213.1474523575848,8
,,,,,,,,519.7661199245915,631.769228350672,8
,,,,,,,,303.0375601205352,332.35598689863787,8
,,,,,,,,299.87133724740806,394.69677653008574,8
,,,,,,,,459.3141913316596,562.0504149877279,8
,,,,,,,,316.3015613486882,364.3496053055936,8
,,,,,,,,168.99695012524705,169.14621227116876,8
,,,,,,,,66.2212306787565,90.64934932771689,8
,,,,,,,,3.8005455186848676,3.5496772999691437,8
,,,,,,,,4.6143718379276635,4.096314160586812,8
,,,,,,,,4.0557792545492894,3.9847919598881623,8
,,,,,,,,3.8005455186848676,3.5496772999691437,8
,,,,,,,,11.953514131519366,11.123463629867894,8
,,,,,,,,9.485030010380767,7.74431776197797,8
,,,,,,,,6.533449157791159,5.922298849147211,8
,,,,,,,,3.899416334259087,3.8865775682196464,8
,,,,,,,,7.4111849719321565,6.123465565648479,8
,,,,,,,,3.8005455186848676,3.5496772999691437,8
,,,,,,,,3.9530011853231324,3.7429040567211116,8
,,,,,,,,7.4111849719321565,6.123465565648479,8
,,,,,,,,3.8005455186848676,3.5496772999691437,8
,,,,,,,,6.750177368196397,6.083935715799868,8
,,,,,,,,4.03224973616,3.8609656892044186,8
,,,,,,,,3.8005455186848676,3.5496772999691437,8
,,,,,,,,6.703837392437303,5.051183157686921,8
,,,,,,,,6.795632403519767,5.975128937485994,8
,,,,,,,,5.336317061896954,5.5756230359630266,8
,,,,,,,,6.478637933850395,6.017843117628381,8
,,,,,,,,7.538387174190288,6.929418183614995,8
,,,,,,,,6.2557206039466084,5.187409095839495,8
,,,,,,,,6.673666581432854,6.964281720073914,8
,,,,,,,,9.619545947177501,9.059950121356994,8
,,,,,,,,16.470218163258167,14.930112975079904,8
,,,,,,,,100.0,100.0,8
,,,,,,,,50.60080873227649,49.321658574223136,8
,,,,,,,,49.3991912677236,50.67834142577687,8
,,,,,,,,100.0,100.0,8
,,,,,,,,5.170660362316896,5.197775468648038,8
,,,,,,,,8.627060033041378,9.195560251784315,8
,,,,,,,,19.630500072158892,20.15620480389255,8
,,,,,,,,57.59652864784886,55.632957825235096,8
,,,,,,,,8.975250884634058,9.817501650440013,8
,,,,,,,,100.0,100.0,8
,,,,,,,,91.02474911536596,90.18249834956002,8
,,,,,,,,8.975250884634058,9.817501650440013,8
,,,,,,,,100.0,100.0,8
,,,,,,,,21.997466311286523,22.915099123806737,8
,,,,,,,,76.24758160785258,74.82574886449105,8
,,,,,,,,100.0,100.0,8
,,,,,,,,23.91974240876461,25.56851725236201,8
,,,,,,,,13.308777696708868,13.475961312434068,8
,,,,,,,,39.65282282757073,39.94276068267077,8
,,,,,,,,23.118657066955873,21.01276075253315,8
,,,,,,,,22.878624504194743,24.96670784872331,8
,,,,,,,,35.04328559503138,35.55273146798216,8
,,,,,,,,24.132165209963574,23.04708498111847,8
,,,,,,,,12.89358896305476,10.699413617254384,8
,,,,,,,,5.052335727755607,5.734062084921684,8
,,,,,,,,0.0,0.0,8
,,,,,,,,2.085671365409212,1.9558271978922046,8
,,,,,,,,2.1364045671819114,1.9034687910199324,8
,,,,,,,,0.0,0.0,8
,,,,,,,,10.814540517640058,10.271992181426596,8
,,,,,,,,7.944962219368636,6.636544400244787,8
,,,,,,,,4.905707898387418,4.329602261991064,8
,,,,,,,,1.9846410624284314,1.8173160508229627,8
,,,,,,,,6.910897223250252,5.8417166568537295,8
,,,,,,,,0.0,0.0,8
,,,,,,,,0.681430457314175,0.6359444900025235,8
,,,,,,,,6.910897223250252,5.8417166568537295,8
,,,,,,,,0.0,0.0,8
,,,,,,,,5.384322336561509,4.852379715923949,8
,,,,,,,,1.5641107211620386,1.5300648455201367,8
,,,,,,,,0.0,0.0,8
,,,,,,,,5.222549370135898,4.257844488013475,8
,,,,,,,,6.066092098474387,5.5546988791082486,8
,,,,,,,,3.6246015985745386,3.496678161707821,8
,,,,,,,,5.429834678857007,4.919068998652285,8
,,,,,,,,6.524883852054529,5.738792927025299,8
,,,,,,,,4.772014098918237,4.308435598116291,8
,,,,,,,,5.7112803287880345,5.602206983541182,8
,,,,,,,,8.83975213284241,8.446616184819334,8
,,,,,,,,16.032764629103934,14.473247525208247,8
,,,,,,,,7.143704291496525,8.611103857891445,8
,,,,,,,,7.1946827165574545,8.453676603498621,8
,,,,,,,,7.092229432776854,8.770050614605665,8
,,,,,,,,7.143704291496525,8.611103857891445,8
,,,,,,,,2.1392748948043967,2.5950525251626018,8
,,,,,,,,3.3941216187559715,4.369024990812127,8
,,,,,,,,7.686813102542346,9.51770666109937,8
,,,,,,,,10.971550488019801,12.761699316700998,8
,,,,,,,,7.260679224159724,9.54905150775224,8
,,,,,,,,7.143704291496525,8.611103857891445,8
,,,,,,,,7.132374112384721,8.520000018514438,8
,,,,,,,,7.260679224159724,9.54905150775224,8
,,,,,,,,7.143704291496525,8.611103857891445,8
,,,,,,,,7.823046411070972,9.681186187964832,8
,,,,,,,,6.962705236982717,8.258074460194035,8
,,,,,,,,7.143704291496525,8.611103857891445,8
,,,,,,,,3.6668226792143006,4.743809831222677,8
,,,,,,,,5.96382686738001,7.1511376398658655,8
,,,,,,,,9.946707871465534,12.083372636039442,8
,,,,,,,,18.392803120399833,20.341566353535285,8
,,,,,,,,4.3501186971880506,5.895977392495158,8
,,,,,,,,6.680495723287084,7.760408274106778,8
,,,,,,,,9.514163064890376,11.356881705871105,8
,,,,,,,,17.667153973410834,18.43708086365062,8
,,,,,,,,22.628821407921404,30.179906678260462,8
,,,,,,,,3.800545518684869,3.549677299969143,8
,,,,,,,,4.61437183792766,4.096314160586811,8
,,,,,,,,4.055779254549286,3.9847919598881614,8
,,,,,,,,3.800545518684869,3.549677299969143,8
,,,,,,,,11.953514131519364,11.123463629867896,8
,,,,,,,,9.485030010380768,7.744317761977972,8
,,,,,,,,6.533449157791154,5.92229884914721,8
,,,,,,,,3.899416334259087,3.886577568219645,8
,,,,,,,,7.411184971932154,6.123465565648483,8
,,,,,,,,3.800545518684869,3.549677299969143,8
,,,,,,,,3.953001185323133,3.742904056721109,8
,,,,,,,,7.411184971932154,6.123465565648483,8
,,,,,,,,3.800545518684869,3.549677299969143,8
,,,,,,,,6.136926079342418,5.405906287242523,8
,,,,,,,,4.056715964472453,3.927146150559991,8
,,,,,,,,3.800545518684869,3.549677299969143,8
,,,,,,,,6.630941414650433,5.0118946014242995,8
,,,,,,,,6.757632566978613,5.874609188932558,8
,,,,,,,,5.078647057016898,5.271743397020711,8
,,,,,,,,5.4284799868293865,4.630483234174402,8
,,,,,,,,7.340465674661405,6.766997977871947,8
,,,,,,,,5.97983187585217,5.027460161286025,8
,,,,,,,,6.024319249710852,6.339677968460541,8
,,,,,,,,7.7823561359976114,7.664677023072704,8
,,,,,,,,12.413812098314574,9.600509078938382,8
,,,,,,,,448.8928748954417,586.3680687551333,8
,,,,,,,,209.8622864318097,273.06332290368283,8
,,,,,,,,239.03058846363197,313.3047458514506,8
,,,,,,,,448.8928748954417,586.3680687551333,8
,,,,,,,,16.17221139213546,32.15233482586865,8
,,,,,,,,33.14937965064727,47.02948486744738,8
,,,,,,,,84.96499027537341,110.71191286931365,8
,,,,,,,,271.3041507950607,337.1038577406088,8
,,,,,,,,43.30214278222477,59.370478451894996,8
,,,,,,,,448.8928748954417,586.3680687551333,8
,,,,,,,,405.5907321132169,526.9975903032387,8
,,,,,,,,43.30214278222477,59.370478451894996,8
,,,,,,,,448.8928748954417,586.3680687551333,8
,,,,,,,,107.24587680171945,136.67873953440764,8
,,,,,,,,331.19343225698225,434.50099968794035,8
,,,,,,,,448.8928748954417,586.3680687551333,8
,,,,,,,,101.50004304801872,156.4493877633529,8
,,,,,,,,62.43522202636484,80.4197125834569,8
,,,,,,,,169.2447791553596,226.72480445999295,8
,,,,,,,,115.71283066569845,122.77416394833085,8
,,,,,,,,102.21313060665213,161.2675705092063,8
,,,,,,,,143.5723782915088,213.43057851127887,8
,,,,,,,,122.90503400391579,129.26838816056286,8
,,,,,,,,49.94782203807372,50.71658247423654,8
,,,,,,,,30.167552389000953,31.599225919364784,8
,,,,,,,,5.558032984476397,4.891769090533317,8
,,,,,,,,6.25275694506905,5.7590567483147765,8
,,,,,,,,6.433530934689811,5.458608386149787,8
,,,,,,,,5.558032984476397,4.891769090533317,8
,,,,,,,,20.610304566978037,16.641360859611964,8
,,,,,,,,16.07864472679798,11.875568135747065,8
,,,,,,,,11.399716370549008,10.378912722703978,8
,,,,,,,,5.778071330136292,5.260341390120926,8
,,,,,,,,11.633362450578963,10.021406253368562,8
,,,,,,,,5.558032984476397,4.891769090533317,8
,,,,,,,,5.772629918660858,5.181453992023112,8
,,,,,,,,11.633362450578963,10.021406253368562,8
,,,,,,,,5.558032984476397,4.891769090533317,8
,,,,,,,,10.760608737401496,8.687070657571232,8
,,,,,,,,5.953981453840272,5.231000747424083,8
,,,,,,,,5.558032984476397,4.891769090533317,8
,,,,,,,,10.265626162407164,7.673995597310121,8
,,,,,,,,10.9460345761906,9.933127773996052,8
,,,,,,,,6.89593884232838,6.844855952910366,8
,,,,,,,,9.507604915504968,9.360490271529255,8
,,,,,,,,11.092846100187863,9.877248418193728,8
,,,,,,,,8.799691580510487,8.165527725209294,8
,,,,,,,,11.3270032069768,9.360477944167233,8
,,,,,,,,14.325779719547437,12.743041707387015,8
,,,,,,,,23.520712328129846,25.280592593382735,8
,,,,,,,,100.0,100.0,8
,,,,,,,,46.75108431620614,46.56858677236632,8
,,,,,,,,53.248915683793875,53.431413227633705,8
,,,,,,,,100.0,100.0,8
,,,,,,,,3.6026883687789364,5.483302474865052,8
,,,,,,,,7.384697219435391,8.020471675289473,8
,,,,,,,,18.92767629585653,18.88095869619169,8
,,,,,,,,60.438506817078405,57.49014581511652,8
,,,,,,,,9.646431298850738,10.125121338537284,8
,,,,,,,,100.0,100.0,8
,,,,,,,,90.35356870114924,89.87487866146274,8
,,,,,,,,9.646431298850738,10.125121338537284,8
,,,,,,,,100.0,100.0,8
,,,,,,,,23.891196051329544,23.30937628042712,8
,,,,,,,,73.78005996065883,74.10038554970964,8
,,,,,,,,100.0,100.0,8
,,,,,,,,22.61119494749401,26.681089250902897,8
,,,,,,,,13.908713084587845,13.714886070482823,8
,,,,,,,,37.702710071925495,38.66595344138237,8
,,,,,,,,25.77738189599264,20.938071237231913,8
,,,,,,,,22.774461445366747,27.506809940036415,8
,,,,,,,,31.98985858874354,36.40406028294837,8
,,,,,,,,27.384896067174186,22.048828373615677,8
,,,,,,,,11.129047124715678,8.650538918160027,8
,,,,,,,,6.7217367739998535,5.389762485239523,8
,,,,,,,,0.0,0.0,8
,,,,,,,,3.2766722846584764,2.9210335135493026,8
,,,,,,,,2.8768281999640135,2.545850735057097,8
,,,,,,,,0.0,0.0,8
,,,,,,,,19.528421443940523,15.02008578826581,8
,,,,,,,,13.659385670539951,10.413785777819621,8
,,,,,,,,9.370302447076876,8.241035668969031,8
,,,,,,,,3.1791857637609144,3.168807217440586,8
,,,,,,,,10.721301834300617,9.593377210808953,8
,,,,,,,,0.0,0.0,8
,,,,,,,,1.1446399192144785,1.080770397161592,8
,,,,,,,,10.721301834300617,9.593377210808953,8
,,,,,,,,0.0,0.0,8
,,,,,,,,8.553792632982727,6.922830540001562,8
,,,,,,,,2.7751733870605393,2.230608375918505,8
,,,,,,,,0.0,0.0,8
,,,,,,,,7.884816577534082,5.657661231946789,8
,,,,,,,,9.693714352619152,8.618008812058838,8
,,,,,,,,5.0094789421000625,4.821827870835488,8
,,,,,,,,7.4333697159131225,8.194653300179748,8
,,,,,,,,9.532159973608193,8.197534711449341,8
,,,,,,,,7.448597517619465,6.369768266935381,8
,,,,,,,,9.044216640161395,8.43917850677696,8
,,,,,,,,13.886834269617033,12.545380399500832,8
,,,,,,,,22.739690597429956,24.523858344846417,8
,,,,,,,,2.446427349494191,3.192337128478661,8
,,,,,,,,2.276432256125341,2.959040692368552,8
,,,,,,,,2.6180778742748747,3.4278853632217956,8
,,,,,,,,2.446427349494191,3.192337128478661,8
,,,,,,,,0.5104534394755221,1.014894181712798,8
,,,,,,,,0.9949611597906702,1.4127202346963843,8
,,,,,,,,2.5381723745416624,3.305198271728931,8
,,,,,,,,3.9427049418799385,4.8889960811701725,8
,,,,,,,,2.6724290426342274,3.6509796410111126,8
,,,,,,,,2.446427349494191,3.192337128478661,8
,,,,,,,,2.42453685035434,3.147788700003548,8
,,,,,,,,2.6724290426342274,3.6509796410111126,8
,,,,,,,,2.446427349494191,3.192337128478661,8
,,,,,,,,2.909711911385685,3.6507946611192574,8
,,,,,,,,2.3072773067028316,3.0317829888906362,8
,,,,,,,,2.446427349494191,3.192337128478661,8
,,,,,,,,1.1870411623974684,1.835165366785107,8
,,,,,,,,2.1344336495744507,2.698096680404865,8
,,,,,,,,3.23881898511064,4.336394010951447,8
,,,,,,,,7.02316673910593,7.514288596872655,8
,,,,,,,,1.4827667580088624,2.409013719909168,8
,,,,,,,,2.08818860218062,2.946903664260245,8
,,,,,,,,3.6969104105056316,4.0293327377610355,8
,,,,,,,,5.221608212036849,5.528150584338493,8
,,,,,,,,10.308720456078879,10.52033684107325,8
,,,,,,,,5.558032984476398,4.891769090533314,8
,,,,,,,,6.252756945069055,5.759056748314777,8
,,,,,,,,6.433530934689811,5.458608386149787,8
,,,,,,,,5.558032984476398,4.891769090533314,8
,,,,,,,,20.610304566978034,16.641360859611964,8
,,,,,,,,16.078644726797975,11.875568135747065,8
,,,,,,,,11.399716370549006,10.37891272270398,8
,,,,,,,,5.778071330136292,5.260341390120924,8
,,,,,,,,11.633362450578963,10.021406253368564,8
,,,,,,,,5.558032984476398,4.891769090533314,8
,,,,,,,,5.772629918660861,5.181453992023115,8
,,,,,,,,11.633362450578963,10.021406253368564,8
,,,,,,,,5.558032984476398,4.891769090533314,8
,,,,,,,,10.205082888275484,8.174856902154696,8
,,,,,,,,5.987012689811618,5.280690839464878,8
,,,,,,,,5.558032984476398,4.891769090533314,8
,,,,,,,,10.232058736752759,7.6497884156784615,8
,,,,,,,,10.913909464688668,9.863689508876977,8
,,,,,,,,6.761578067681952,6.661253264521856,8
,,,,,,,,8.740809404934492,8.479689453072952,8
,,,,,,,,10.911049797917663,9.814075675463174,8
,,,,,,,,8.750959171062663,8.031723190592013,8
,,,,,,,,10.680967633582112,9.130837118990254,8
,,,,,,,,13.012041388143135,12.105002870815355,8
,,,,,,,,19.903468694016226,21.039237495078392,8
,,,,,,,,320.24470775325585,410.44801835576897,8
,,,,,,,,106.00539553364979,134.04780341719336,8
,,,,,,,,188.98549286637282,247.0632700398986,8
,,,,,,,,2.1721373319691404,3.4836562299669254,8
,,,,,,,,23.08168202126393,25.677862421224646,8
,,,,,,,,7.537903051986221,7.226102962451288,8
,,,,,,,,10.86416948636233,10.342303550048621,8
,,,,,,,,9.309692888921303,9.32729711036204,8
,,,,,,,,53.52757075699213,37.0075341985561,8
,,,,,,,,27.761082485724923,22.657781855876177,8
,,,,,,,,100.0,100.0,8
,,,,,,,,33.10137309601552,32.6588989159166,8
,,,,,,,,59.01283871082224,60.19355898698693,8
,,,,,,,,0.6782742319797342,0.8487448042561521,8
,,,,,,,,7.207513961182473,6.256057106595049,8
,,,,,,,,0.0,0.0,8
,,,,,,,,9.019748420843385,8.225191879319576,8
,,,,,,,,5.046869466194645,4.714277783998696,8
,,,,,,,,52.76989161179662,37.30585046098719,8
,,,,,,,,25.679301059812126,22.448917616392627,8
,,,,,,,,1.7453059636128678,2.2345835629988695,8
,,,,,,,,7.5379030519862225,7.226102962451288,8
,,,,,,,,750.6880730031835,900.8837549216303,8
,,,,,,,,238.82605654046176,335.7035056566188,8
,,,,,,,,494.9422220204232,544.871391103259,8
,,,,,,,,4.884067404050516,7.766049154139235,8
,,,,,,,,12.035727038247554,12.542809007613231,8
,,,,,,,,5.1089077305017785,4.374273369795858,8
,,,,,,,,7.389173499884412,6.5338451639729165,8
,,,,,,,,6.688988878466747,5.299279737068101,8
,,,,,,,,43.066118250465955,26.961760523459215,8
,,,,,,,,27.376615433930198,37.50818268411122,8
,,,,,,,,100.0,100.0,8
,,,,,,,,31.814286802908782,37.263798333873005,8
,,,,,,,,65.93180840616935,60.481875505753635,8
,,,,,,,,0.6506120957152608,0.8620478626362643,8
,,,,,,,,1.603292695206644,1.3922782977371322,8
,,,,,,,,0.0,0.0,8
,,,,,,,,6.664002641606171,4.825731209965128,8
,,,,,,,,3.2931782015201985,2.984744187293167,8
,,,,,,,,43.05891116475324,27.00004156743292,8
,,,,,,,,26.79464746920691,37.195690962038675,8
,,,,,,,,4.091185080988078,4.9046406387462635,8
,,,,,,,,5.10890773050178,4.3742733697958585,8
,,,,,,,,364.6438453931144,410.9711272073457,8
,,,,,,,,153.01944865594558,172.35076779066287,8
,,,,,,,,192.87043259539024,228.23573539960324,8
,,,,,,,,3.4533775571731455,3.467868160068392,8
,,,,,,,,15.300586584605528,6.916755857011167,8
,,,,,,,,6.622005098643968,6.133016419362912,8
,,,,,,,,9.092444452935544,8.941809699333131,8
,,,,,,,,8.05287905833797,7.556624820475738,8
,,,,,,,,38.075783124100326,37.66648408307814,8
,,,,,,,,47.40069557399804,29.13907362780339,8
,,,,,,,,100.0,100.0,8
,,,,,,,,41.964083746149264,41.93743948919981,8
,,,,,,,,52.89282543284417,55.53571048908561,8
,,,,,,,,0.9470549416376783,0.8438228212364814,8
,,,,,,,,4.196035879368897,1.6830272004781217,8
,,,,,,,,0.0,0.0,8
,,,,,,,,6.575895072260571,6.130006120988614,8
,,,,,,,,5.365836388269935,4.636488266447801,8
,,,,,,,,38.06203900127598,37.60644917848946,8
,,,,,,,,45.28632920427461,29.10918740667737,8
,,,,,,,,1.9872774242679454,2.2374315008353705,8
,,,,,,,,6.622005098643968,6.133016419362914,8
,,,,,,,,2656.646765715159,2469.8019510105582,8
,,,,,,,,1191.5916391653536,1071.9655865798236,8
,,,,,,,,1465.0551265498054,1397.836364430735,8
,,,,,,,,2656.646765715159,2469.8019510105582,8
,,,,,,,,113.95565056341947,121.11275314625914,8
,,,,,,,,188.25475581084257,173.4540771697332,8
,,,,,,,,223.65504272577277,195.29634903604557,8
,,,,,,,,1275.419012401816,1191.4043455424817,8
,,,,,,,,855.3623042133081,788.5344261160393,8
,,,,,,,,2656.646765715159,2469.8019510105582,8
,,,,,,,,1801.2844615018512,1681.2675248945193,8
,,,,,,,,855.3623042133081,788.5344261160393,8
,,,,,,,,2656.646765715159,2469.8019510105582,8
,,,,,,,,597.4859699548819,544.9345352371325,8
,,,,,,,,2022.073317159088,1894.7512056904898,8
,,,,,,,,2656.646765715159,2469.8019510105582,8
,,,,,,,,1190.7231634567722,1131.1835692436796,8
,,,,,,,,413.77860300976977,374.63678393992393,8
,,,,,,,,718.0758929663177,664.2908989500028,8
,,,,,,,,334.0691062822987,299.6906988769521,8
,,,,,,,,1.8465318574306313,1.989829467980255,8
,,,,,,,,2.6354815165955787,2.6440629900207764,8
,,,,,,,,1.9742707740614058,2.2149379284853943,8
,,,,,,,,1.8465318574306313,1.989829467980255,8
,,,,,,,,10.377144351984331,9.787842463878372,8
,,,,,,,,7.217803643355104,7.392249444924256,8
,,,,,,,,6.703117413378909,6.441517214327586,8
,,,,,,,,2.320933741712073,2.571316989584258,8
,,,,,,,,1.6495489901873797,2.000339767814607,8
,,,,,,,,1.8465318574306313,1.989829467980255,8
,,,,,,,,2.5172041537639065,2.5954500657231536,8
,,,,,,,,1.6495489901873797,2.000339767814607,8
,,,,,,,,1.8465318574306313,1.989829467980255,8
,,,,,,,,4.099562207812781,4.387831423158591,8
,,,,,,,,1.9506374055091165,2.1504255893508106,8
,,,,,,,,1.8465318574306313,1.989829467980255,8
,,,,,,,,2.5622874773494906,2.670483399052452,8
,,,,,,,,4.544744373156219,4.351203957833299,8
,,,,,,,,3.4909773119359637,3.768831405477612,8
,,,,,,,,5.187316820646503,5.329653755435686,8
,,,,,,,,14.478495135626062,13.44623093978976,8
,,,,,,,,12.925512676174314,11.616315797296851,8
,,,,,,,,16.046600713601144,15.293808591342474,8
,,,,,,,,14.478495135626062,13.44623093978976,8
,,,,,,,,3.5968521785496677,3.82294564811705,8
,,,,,,,,5.650367281428388,5.210392699365546,8
,,,,,,,,6.681281890736927,5.830385715319178,8
,,,,,,,,18.534920414700185,17.27886241197598,8
,,,,,,,,52.789421420792166,48.49081919255025,8
,,,,,,,,14.478495135626062,13.44623093978976,8
,,,,,,,,10.767703029424315,10.042313312098226,8
,,,,,,,,52.789421420792166,48.49081919255025,8
,,,,,,,,14.478495135626062,13.44623093978976,8
,,,,,,,,16.210525714455024,14.555622174159737,8
,,,,,,,,14.086885254265558,13.220854446176515,8
,,,,,,,,14.478495135626062,13.44623093978976,8
,,,,,,,,13.925485798805356,13.26888484148247,8
,,,,,,,,14.145588740999667,12.569135484746747,8
,,,,,,,,13.741740492654573,12.70539005468478,8
,,,,,,,,20.27625650765618,18.342315099026933,8
,,,,,,,,1.8465318574306315,1.989829467980253,8
,,,,,,,,2.6354815165955787,2.644062990020776,8
,,,,,,,,1.9742707740614072,2.214937928485392,8
,,,,,,,,1.8465318574306315,1.989829467980253,8
,,,,,,,,10.377144351984331,9.787842463878372,8
,,,,,,,,7.217803643355107,7.392249444924258,8
,,,,,,,,6.703117413378913,6.441517214327589,8
,,,,,,,,2.3209337417120732,2.5713169895842585,8
,,,,,,,,1.6495489901873799,2.0003397678146073,8
,,,,,,,,1.8465318574306315,1.989829467980253,8
,,,,,,,,2.5172041537639083,2.595450065723153,8
,,,,,,,,1.6495489901873799,2.0003397678146073,8
,,,,,,,,1.8465318574306315,1.989829467980253,8
,,,,,,,,3.534631138170732,3.7364367409025814,8
,,,,,,,,1.9848288521999138,2.1473835013965132,8
,,,,,,,,1.8465318574306315,1.989829467980253,8
,,,,,,,,2.415626117760169,2.5259474824417283,8
,,,,,,,,4.098134816003498,4.0515268619877585,8
,,,,,,,,3.2564816083123476,3.4868812358447623,8
,,,,,,,,4.017155165264795,4.166567781416433,8
,,,,,,,,107.90264571752596,136.28465618338282,8
,,,,,,,,49.21728000276813,51.58814835581057,8
,,,,,,,,58.68536571475785,84.6965078275722,8
,,,,,,,,107.90264571752596,136.28465618338282,8
,,,,,,,,82.69215161183364,100.92707659767362,8
,,,,,,,,25.210494105692312,35.357579585709146,8
,,,,,,,,107.90264571752596,136.28465618338282,8
,,,,,,,,26.325958042374694,25.763962672112807,8
,,,,,,,,78.11483753653243,108.55776671740463,8
,,,,,,,,107.90264571752596,136.28465618338282,8
,,,,,,,,23.59478181646157,42.44528249163012,8
,,,,,,,,19.40460749041021,20.882273709081765,8
,,,,,,,,42.8351227042156,46.93490841346467,8
,,,,,,,,22.068133706438598,26.02219156920622,8
,,,,,,,,8.838584283345401,7.49863598611326,8
,,,,,,,,11.353607812970708,10.072864280410219,8
,,,,,,,,12.520891190318775,9.692917644105291,8
,,,,,,,,8.838584283345401,7.49863598611326,8
,,,,,,,,10.008976514075021,8.913725603308343,8
,,,,,,,,14.04358255033234,11.751592216167252,8
,,,,,,,,8.838584283345401,7.49863598611326,8
,,,,,,,,16.571231062759566,14.970440666522459,8
,,,,,,,,10.619656113926029,8.28526754638405,8
,,,,,,,,8.838584283345401,7.49863598611326,8
,,,,,,,,16.467562059414327,12.616889258106905,8
,,,,,,,,18.90232890737984,17.12761368073559,8
,,,,,,,,12.114153954371565,10.611050908813002,8
,,,,,,,,19.14479924976042,16.710276772775202,8
,,,,,,,,4.061610565244982,5.5180398625735885,8
,,,,,,,,4.130381448231897,4.812481762628773,8
,,,,,,,,4.00567628147628,6.059114641939126,8
,,,,,,,,4.061610565244982,5.5180398625735885,8
,,,,,,,,4.590732523328809,6.003034918788764,8
,,,,,,,,2.9473468706197967,4.483961437151762,8
,,,,,,,,4.061610565244982,5.5180398625735885,8
,,,,,,,,4.406121543634349,4.727900510269813,8
,,,,,,,,3.863106093812656,5.729394254579391,8
,,,,,,,,4.061610565244982,5.5180398625735885,8
,,,,,,,,1.981550585441194,3.752289517430794,8
,,,,,,,,4.689611146942762,5.574005170947233,8
,,,,,,,,5.965263995601762,7.065414939095406,8
,,,,,,,,6.605858875136554,8.683016078483798,8
,,,,,,,,8.758784614113466,7.320515908472953,8
,,,,,,,,11.164316082248298,10.12512477418153,8
,,,,,,,,12.36935735970853,9.282171760620928,8
,,,,,,,,8.758784614113466,7.320515908472953,8
,,,,,,,,10.02149693164186,8.688840416397777,8
,,,,,,,,13.839319878567341,11.58725658439145,8
,,,,,,,,8.758784614113466,7.320515908472953,8
,,,,,,,,16.04863378601947,14.187576547989577,8
,,,,,,,,10.533941571715387,8.105487714220635,8
,,,,,,,,8.758784614113466,7.320515908472953,8
,,,,,,,,16.05305183000927,12.334569254625322,8
,,,,,,,,18.522511933155076,16.977427081212642,8
,,,,,,,,11.781556100691997,10.36275161435484,8
,,,,,,,,17.960687707496913,15.851453291773623,8
,,,,,,,,2656.646765715159,2469.8019510105582,8
,,,,,,,,632.3515492600586,564.7452252246982,8
,,,,,,,,1469.843595166573,1409.6302539355743,8
,,,,,,,,729.8755217089915,663.8753868124084,8
,,,,,,,,257.355396811911,232.2235987213507,8
,,,,,,,,223.4964830636801,206.31752258550895,8
,,,,,,,,88.6940863187691,71.5777206973772,8
,,,,,,,,1.8465318574306313,1.989829467980255,8
,,,,,,,,3.171487859996564,3.1299971794327717,8
,,,,,,,,1.9902535215357633,2.2497190476245996,8
,,,,,,,,4.156719736893774,4.449105869620178,8
,,,,,,,,4.973118274407661,5.29553357038703,8
,,,,,,,,5.746012925991827,6.383559070094296,8
,,,,,,,,8.276619504976496,8.38137765609748,8
,,,,,,,,14.478495135626062,13.44623093978976,8
,,,,,,,,3.4462612599167817,3.0746168604360307,8
,,,,,,,,8.01052048672401,7.6743861694565325,8
,,,,,,,,3.9777584762313842,3.614306710977144,8
,,,,,,,,1.402564657430215,1.2642844244246847,8
,,,,,,,,1.2180365055028064,1.1232451470349427,8
,,,,,,,,0.4833751004828852,0.389687344058863,8
,,,,,,,,1.8465318574306315,1.989829467980253,8
,,,,,,,,3.1714878599965637,3.1299971794327717,8
,,,,,,,,1.990253521535762,2.249719047624601,8
,,,,,,,,4.156719736893775,4.449105869620173,8
,,,,,,,,4.973118274407658,5.295533570387028,8
,,,,,,,,5.746012925991828,6.383559070094293,8
,,,,,,,,8.276619504976495,8.381377656097484,8
,,,,,,6960.53652455379,4797.7247874704235,3876.0547801976013,3389.291730854965,8
,,,,,,2981.066154656801,2072.2905392654493,1669.365326283844,1445.8606917398472,8
,,,,,,3979.4703698969893,2725.4342482049733,2206.689453913758,1943.4310391151175,8
,,,,,,6960.53652455379,4797.7247874704235,3876.0547801976013,3389.291730854965,8
,,,,,,6048.885500876733,4120.889856548271,3324.331668095153,2903.559112741265,8
,,,,,,911.6510236770574,676.8349309221533,551.723112102448,485.7326181137011,8
,,,,,,6960.53652455379,4797.7247874704235,3876.0547801976013,3389.291730854965,8
,,,,,,1699.2412676862714,1148.9233236986024,915.7710024992489,817.6267000657258,8
,,,,,,5177.340251709949,3578.15612151537,2907.915887300789,2524.6498457268476,8
,,,,,,6960.53652455379,4797.7247874704235,3876.0547801976013,3389.291730854965,8
,,,,,,2633.754490417057,1921.0329597119357,1629.1504736110314,1496.5625742834936,8
,,,,,,1055.8199980391882,705.1915838437931,608.3920800877846,497.14110077218464,8
,,,,,,2456.0822436070534,1592.461774396601,1192.0547608147585,1014.664670385509,8
,,,,,,814.8797924904928,579.0384695180932,446.45746568402654,380.9233854137777,8
,,,,,,1.5581293425299385,1.6612112100892973,1.9375222386296889,1.9305447308429886,8
,,,,,,1.932863051145649,2.2656825632621054,2.6145157437806854,2.5238428547657286,8
,,,,,,1.7661808241198964,1.816485528177683,2.096386197875673,2.203509854238945,8
,,,,,,1.5581293425299385,1.6612112100892973,1.9375222386296889,1.9305447308429886,8
,,,,,,1.621127757701539,1.760175575330986,2.0373974719896344,2.0895356861050614,8
,,,,,,3.0712866126444744,3.3328465580535607,3.700835344573771,4.03973540785971,8
,,,,,,1.5581293425299385,1.6612112100892973,1.9375222386296889,1.9305447308429886,8
,,,,,,2.7925988455720168,3.010621559010398,3.2927354839240404,3.5747849456407423,8
,,,,,,1.7993770014082686,1.9281716979627754,2.1578163311448884,2.1711010422934933,8
,,,,,,1.5581293425299385,1.6612112100892973,1.9375222386296889,1.9305447308429886,8
,,,,,,2.371597250278881,2.4319878382108353,2.827108812667836,2.664832468351164,8
,,,,,,3.0055150234105885,3.4040531007776513,4.006435105080166,4.196148544376371,8
,,,,,,2.2499425907153086,2.5992654090733986,2.9724135902081557,3.082301450289234,8
,,,,,,4.033688218482941,4.558047126502459,4.747665032988985,5.926607890318183,8
,,,,,,100.0,100.0,100.0,100.0,8
,,,,,,42.82810878358121,43.193193254381185,43.06867216666992,42.65967070869766,8
,,,,,,57.17189121641876,56.80680674561881,56.93132783333007,57.34032929130238,8
,,,,,,100.0,100.0,100.0,100.0,8
,,,,,,86.902575391119,85.89258532107237,85.76585875614684,85.66860994314075,8
,,,,,,13.097424608880978,14.107414678927652,14.234141243853138,14.33139005685925,8
,,,,,,100.0,100.0,100.0,100.0,8
,,,,,,24.41250414665703,23.94725363778871,23.626368935182136,24.123821877660426,8
,,,,,,74.38133875810446,74.58027044110499,75.0225693960017,74.48900968728331,8
,,,,,,100.0,100.0,100.0,100.0,8
,,,,,,37.83838330746913,40.04049929518346,42.031151931448655,44.15561400806239,8
,,,,,,15.168658253781267,14.698458437746318,15.696168258405491,14.667993794879926,8
,,,,,,35.28581790991325,33.19202007075146,30.754332134438695,29.93736600329636,8
,,,,,,11.70714052883633,12.06902219631877,11.518347675707146,11.239026193761372,8
,,,,,,0.0,0.0,0.0,0.0,8
,,,,,,1.1294981328022922,1.32357780038602,1.4955685826733136,1.5443808501374698,8
,,,,,,0.8461197954671854,1.0063855899397351,1.1314008550529266,1.1489780287270932,8
,,,,,,0.0,0.0,0.0,0.0,8
,,,,,,0.4055976192124491,0.4911229117880864,0.5397966141449078,0.6272970871874636,8
,,,,,,2.6911762223977957,2.9901876115474217,3.2524701963169664,3.74978765266461,8
,,,,,,0.0,0.0,0.0,0.0,8
,,,,,,2.40977825949682,2.6575274252532948,2.7343527753056582,3.0025243947372613,8
,,,,,,0.801845738536668,0.8706855533494198,0.8894682230553256,0.9965887393552194,8
,,,,,,0.0,0.0,0.0,0.0,8
,,,,,,1.6868424782797238,1.7420515306799,1.8814320890003784,1.8762273943782701,8
,,,,,,2.5737467203356488,3.0204383962776653,3.455641901716686,3.69006490737089,8
,,,,,,1.627334040349189,1.9781517186022903,2.3077864347379586,2.4662213087346396,8
,,,,,,3.8616578894711,4.276111419195067,4.600893561215185,5.50880392141401,8
,,,,,,12.170826634524513,8.385440270953028,6.771644388308076,5.918714408113522,8
,,,,,,10.753206455491759,7.472299896878862,6.0171672196053025,5.209610054247315,8
,,,,,,13.504490704677307,9.24440896734042,7.481288481258496,6.585610704706771,8
,,,,,,12.170826634524513,8.385440270953028,6.771644388308076,5.918714408113522,8
,,,,,,12.100970740436654,8.242937021454347,6.6487851419341135,5.806655086672818,8
,,,,,,12.65556932821869,9.371898258702453,7.620056608729985,6.690534694624539,8
,,,,,,12.170826634524513,8.385440270953028,6.771644388308076,5.918714408113522,8
,,,,,,11.763535810913185,7.920029833361995,6.325056831635682,5.610056666086034,8
,,,,,,12.284729976180397,8.4822051180343,6.887340746706868,5.985862101646059,8
,,,,,,12.170826634524513,8.385440270953028,6.771644388308076,5.918714408113522,8
,,,,,,9.626502686841595,6.955453373579445,5.870934200618081,5.3940602001347795,8
,,,,,,12.01600808409057,8.108633058863893,7.04340562049545,5.739182698371531,8
,,,,,,15.471356434089369,10.126135741191092,7.626309270662653,6.48973389154184,8
,,,,,,15.764391896471864,11.193911720444442,8.550383385739044,7.294312135803701,8
,,,,,,1.5581293425299392,1.6612112100892973,1.9375222386296884,1.9305447308429882,8
,,,,,,1.932863051145649,2.2656825632621063,2.614515743780686,2.5238428547657286,8
,,,,,,1.766180824119897,1.8164855281776822,2.096386197875673,2.2035098542389426,8
,,,,,,1.5581293425299392,1.6612112100892973,1.9375222386296884,1.9305447308429882,8
,,,,,,1.6211277577015393,1.7601755753309862,2.0373974719896335,2.0895356861050622,8
,,,,,,3.0712866126444753,3.3328465580535616,3.7008353445737705,4.039735407859709,8
,,,,,,1.5581293425299392,1.6612112100892973,1.9375222386296884,1.9305447308429882,8
,,,,,,2.5360776916128183,2.8620340834468525,3.289329500051664,3.454065613104647,8
,,,,,,1.7510555762675881,1.8831200898574918,2.103917428218983,2.154756099488386,8
,,,,,,1.5581293425299392,1.6612112100892973,1.9375222386296884,1.9305447308429882,8
,,,,,,2.2368064172607056,2.3112544678294524,2.7160740420480503,2.5814754019367823,8
,,,,,,2.8947433011053696,3.256383274674104,3.842616448865657,4.106878996371881,8
,,,,,,2.151075708199331,2.5147691699006463,2.9013948503987783,3.038647067815943,8
,,,,,,3.3574019815400917,4.255834999490171,4.434126720330475,5.340705953014772,8
,,,,,,1434.8256305998793,852.1126251215212,620.8861591667078,362.06899761860524,8
,,,,,,577.7639606725477,343.7614898961387,257.89420043685953,147.4606578875891,8
,,,,,,857.0616699273314,508.3511352253827,362.9919587298485,214.6083397310161,8
,,,,,,1434.8256305998793,852.1126251215212,620.8861591667078,362.06899761860524,8
,,,,,,1292.6062220782362,771.5751128086032,554.7707478085648,322.07736019783766,8
,,,,,,142.21940852164323,80.53751231291822,66.11541135814299,39.99163742076752,8
,,,,,,1434.8256305998793,852.1126251215212,620.8861591667078,362.06899761860524,8
,,,,,,317.7296555061392,176.91405839938508,131.72570846936736,76.23308696109223,8
,,,,,,1100.7020189552707,664.4581939690651,478.2450349263615,280.06276539057677,8
,,,,,,1434.8256305998793,852.1126251215212,620.8861591667078,362.06899761860524,8
,,,,,,414.4169652861269,279.55770677162235,218.21861001023439,143.77860677558226,8
,,,,,,266.7577347948356,141.64396400534358,130.92519596756878,66.7299984116386,8
,,,,,,598.1886656325526,339.2991002151638,214.64317886220277,112.69447989178644,8
,,,,,,155.46226488636427,91.61185412939149,57.0991743267019,38.86591253959784,8
,,,,,,3.491937552178449,3.8434648303801153,4.612323563502281,5.598078930488548,8
,,,,,,4.419144169983954,5.214412327937592,6.3942203854549975,7.742528596319772,8
,,,,,,3.7806368199089135,4.101705115724727,4.9381104686937505,6.248538530818673,8
,,,,,,3.491937552178449,3.8434648303801153,4.612323563502281,5.598078930488548,8
,,,,,,3.5887959297839633,4.03292800882048,4.884604080517373,6.001863280940687,8
,,,,,,7.99770722101852,9.055580419475959,9.952241065287511,13.545942377649418,8
,,,,,,3.491937552178449,3.8434648303801153,4.612323563502281,5.598078930488548,8
,,,,,,6.330073105771537,7.345256374955802,8.195114168655534,10.442484176860322,8
,,,,,,3.8513301791199384,4.198530320447893,5.264509274945735,6.41756105295867,8
,,,,,,3.491937552178449,3.8434648303801153,4.612323563502281,5.598078930488548,8
,,,,,,5.578646232615232,5.613201564498968,7.040209571180727,8.037493624561213,8
,,,,,,5.895449564094258,7.334727395232378,8.234024189999674,11.312137214379879,8
,,,,,,4.475683447913207,5.175088046244845,6.563120360449086,8.703153761324224,8
,,,,,,7.991131788181213,10.343326261031878,12.254581276548176,17.623483516745228,8
,,,,,,100.0,100.0,100.0,100.0,8
,,,,,,42.82810878358121,43.193193254381185,43.06867216666992,42.65967070869766,8
,,,,,,57.17189121641876,56.80680674561881,56.93132783333007,57.34032929130238,8
,,,,,,100.0,100.0,100.0,100.0,8
,,,,,,86.902575391119,85.89258532107237,85.76585875614684,85.66860994314075,8
,,,,,,13.097424608880978,14.107414678927652,14.234141243853138,14.33139005685925,8
,,,,,,100.0,100.0,100.0,100.0,8
,,,,,,24.41250414665703,23.94725363778871,23.626368935182136,24.123821877660426,8
,,,,,,74.38133875810446,74.58027044110499,75.0225693960017,74.48900968728331,8
,,,,,,100.0,100.0,100.0,100.0,8
,,,,,,37.83838330746913,40.04049929518346,42.031151931448655,44.15561400806239,8
,,,,,,15.168658253781267,14.698458437746318,15.696168258405491,14.667993794879926,8
,,,,,,35.28581790991325,33.19202007075146,30.754332134438695,29.93736600329636,8
,,,,,,11.70714052883633,12.06902219631877,11.518347675707146,11.239026193761372,8
,,,,,,0.0,0.0,0.0,0.0,8
,,,,,,1.1294981328022922,1.32357780038602,1.4955685826733136,1.5443808501374698,8
,,,,,,0.8461197954671854,1.0063855899397351,1.1314008550529266,1.1489780287270932,8
,,,,,,0.0,0.0,0.0,0.0,8
,,,,,,0.4055976192124491,0.4911229117880864,0.5397966141449078,0.6272970871874636,8
,,,,,,2.6911762223977957,2.9901876115474217,3.2524701963169664,3.74978765266461,8
,,,,,,0.0,0.0,0.0,0.0,8
,,,,,,2.40977825949682,2.6575274252532948,2.7343527753056582,3.0025243947372613,8
,,,,,,0.801845738536668,0.8706855533494198,0.8894682230553256,0.9965887393552194,8
,,,,,,0.0,0.0,0.0,0.0,8
,,,,,,1.6868424782797238,1.7420515306799,1.8814320890003784,1.8762273943782701,8
,,,,,,2.5737467203356488,3.0204383962776653,3.455641901716686,3.69006490737089,8
,,,,,,1.627334040349189,1.9781517186022903,2.3077864347379586,2.4662213087346396,8
,,,,,,3.8616578894711,4.276111419195067,4.600893561215185,5.50880392141401,8
,,,,,,258.52368079658635,206.96162392492238,167.97298696995333,122.64088777781322,8
,,,,,,116.21877302021929,94.58398175947288,78.17852835616229,54.986991292527094,8
,,,,,,142.30490777636717,112.37764216544942,89.79445861379111,67.65389648528613,8
,,,,,,258.52368079658635,206.96162392492238,167.97298696995333,122.64088777781322,8
,,,,,,232.12665758088178,186.60820676955012,145.91855302095925,107.7178320726357,8
,,,,,,26.397023215704625,20.353417155372213,22.05443394899409,14.92305570517753,8
,,,,,,258.52368079658635,206.96162392492238,167.97298696995333,122.64088777781322,8
,,,,,,52.95744851874058,56.98086953217387,31.605717202238246,26.60582878485273,8
,,,,,,202.01817632228628,148.21010160978,133.58641435040175,94.95089140266356,8
,,,,,,6.970902012622157,7.190174450927217,8.541012883370657,9.969932478030689,8
,,,,,,8.61658241229227,9.838051511989525,11.95490251063725,13.37682448392912,8
,,,,,,8.1353874553005,8.141646564271435,9.73505000911347,11.774294390456546,8
,,,,,,6.970902012622157,7.190174450927217,8.541012883370657,9.969932478030689,8
,,,,,,7.222490903656786,7.6082439200627086,8.983975510808676,10.803411875883278,8
,,,,,,15.835532099935437,16.480585499868816,17.458865048144194,20.883528850564755,8
,,,,,,6.970902012622157,7.190174450927217,8.541012883370657,9.969932478030689,8
,,,,,,11.99638634460607,13.51691539865266,16.089323982652978,16.49178908778074,8
,,,,,,8.019675778313317,8.008915407544087,9.813805817596323,11.246847296411932,8
,,,,,,100.0,100.0,100.0,100.0,8
,,,,,,44.95478815020565,45.70121743622594,46.54232193307768,44.83577401375817,8
,,,,,,55.04521184979437,54.298782563774125,53.457678066922384,55.164225986241824,8
,,,,,,100.0,100.0,100.0,100.0,8
,,,,,,89.78932098817111,90.16560811160062,86.87024958784646,87.83190828476926,8
,,,,,,10.210679011828914,9.834391888399391,13.129750412153559,12.168091715230748,8
,,,,,,100.0,100.0,100.0,100.0,8
,,,,,,20.48456387266471,27.532094333026862,18.815952357798952,21.694093435668965,8
,,,,,,78.14300635818338,71.61235923793528,79.52851036357264,77.42188850971526,8
,,,,,,0.0,0.0,0.0,0.0,8
,,,,,,5.096730960593514,5.82183193963296,7.127676209605605,8.396829886188224,8
,,,,,,4.162441253152002,4.900014232139308,6.205630561935506,6.8246832159487045,8
,,,,,,0.0,0.0,0.0,0.0,8
,,,,,,1.646844474090432,1.722581158977189,2.370754336500584,2.7898190010200286,8
,,,,,,14.481803504977254,15.793307759473773,15.685600598518551,20.137514769221234,8
,,,,,,0.0,0.0,0.0,0.0,8
,,,,,,10.899241494247752,10.790117348244738,14.934107270076499,14.383306785000347,8
,,,,,,2.9925179748939232,4.161002783787096,3.6667806035621378,4.103162162998669,8
,,,,,,236.2809166777723,167.9288462626368,131.29246039416714,97.48423882470846,8
,,,,,,111.58392072037212,80.26639464432375,55.84421633252873,44.84133717404941,8
,,,,,,124.69699595740026,87.66245161831299,75.4482440616384,52.64290165065907,8
,,,,,,236.2809166777723,167.9288462626368,131.29246039416714,97.48423882470846,8
,,,,,,217.33492840182836,150.03935774586867,116.7247931197912,87.9262382340688,8
,,,,,,18.94598827594398,17.88948851676812,14.567667274375948,9.558000590639658,8
,,,,,,236.2809166777723,167.9288462626368,131.29246039416714,97.48423882470846,8
,,,,,,51.41353570507132,40.35517258493936,27.050018000324055,15.714319881028572,8
,,,,,,177.39776855895389,125.97795444389553,100.58842105077719,78.76640594541051,8
,,,,,,7.69749713214061,8.015602326334898,8.405817355975302,11.686627686486935,8
,,,,,,9.215613633646992,10.548036457832657,11.965843141154075,13.360540602740533,8
,,,,,,9.143244546086608,9.09040252876815,10.109409782645027,14.49444704971139,8
,,,,,,7.69749713214061,8.015602326334898,8.405817355975302,11.686627686486935,8
,,,,,,7.8357387151367375,8.651103480855829,9.001241367628417,12.478784041802124,8
,,,,,,17.96750479975337,16.530912189969293,18.99915647662584,24.844857615020878,8
,,,,,,7.69749713214061,8.015602326334898,8.405817355975302,11.686627686486935,8
,,,,,,12.45775428908988,15.794100276479572,16.616021739718942,19.97599380900162,8
,,,,,,8.589739238781577,8.871483907710848,9.36605076481658,12.981539341754267,8
,,,,,,100.0,100.0,100.0,100.0,8
,,,,,,47.22510911558063,47.79785988572151,42.53421420001793,45.99855085772476,8
,,,,,,52.774890884419435,52.20214011427854,57.46578579998211,54.00144914227523,8
,,,,,,100.0,100.0,100.0,100.0,8
,,,,,,91.98158338712496,89.34698301399074,88.90441444189503,90.19533751725099,8
,,,,,,8.018416612875066,10.653016986009298,11.095585558105013,9.80466248274903,8
,,,,,,100.0,100.0,100.0,100.0,8
,,,,,,21.759495615630463,24.031114059954195,20.602872334873087,16.119856984558616,8
,,,,,,75.07917738480748,75.01865060566726,76.61401176334877,80.79911880631754,8
,,,,,,0.0,0.0,0.0,0.0,8
,,,,,,5.282981003645184,5.918011215595823,8.134217976149959,8.321362923222155,8
,,,,,,4.727425299638837,5.418710234215212,6.02067064655551,7.088154886750366,8
,,,,,,0.0,0.0,0.0,0.0,8
,,,,,,1.41936664548989,1.945066169928559,2.2737929586010237,2.6457779272596897,8
,,,,,,16.281966597919187,16.3132936213215,18.218978213264567,24.33911759479267,8
,,,,,,0.0,0.0,0.0,0.0,8
,,,,,,11.087049225770551,13.098807041643177,14.444591454827583,18.222256057144804,8
,,,,,,3.626597581474237,4.2151646810212835,4.195595105096088,4.195671659146787,8
,,,,,,1536.6790532721477,919.9623337175849,693.4839198324055,422.2638395101653,8
,,,,,,629.3051704611829,378.28662213272816,292.69213716746896,177.59122288609942,8
,,,,,,907.373882810964,541.6757115848568,400.79178266493636,244.67261662406574,8
,,,,,,1536.6790532721477,919.9623337175849,693.4839198324055,422.2638395101653,8
,,,,,,1386.472018504194,830.3753883003387,618.943732888534,377.16556298724277,8
,,,,,,150.20703476795322,89.58694541724627,74.5401869438715,45.0982765229225,8
,,,,,,1536.6790532721477,919.9623337175849,693.4839198324055,422.2638395101653,8
,,,,,,341.1665812425315,197.89146872717208,148.04111181562016,89.22970654478047,8
,,,,,,1174.6871924695015,710.028119567832,534.2862701930881,325.15446252385846,8
,,,,,,1536.6790532721477,919.9623337175849,693.4839198324055,422.2638395101653,8
,,,,,,445.43360850731204,308.6173971813643,244.0856428909907,167.1716163407868,8
,,,,,,291.28589688325326,148.38576647490405,147.3301623906656,75.52345473262028,8
,,,,,,632.0637963056326,360.21088401798625,235.5071874278388,133.86378870877334,8
,,,,,,167.89575157594902,102.74828604333,66.5609271229103,45.70497972798481,8
,,,,,,3.366238012379954,3.659168693165417,4.434371892278433,5.161173334880274,8
,,,,,,4.210846794301739,4.920579101022407,6.118704361371517,7.186884013798804,8
,,,,,,3.6702957938844047,3.9542908026842607,4.741775061943939,5.8208593080610775,8
,,,,,,3.366238012379954,3.659168693165417,4.434371892278433,5.161173334880274,8
,,,,,,3.4707735533177337,3.85645944513442,4.665866537809725,5.514219874701579,8
,,,,,,7.702183137630611,8.47898728231474,9.600887830338008,12.851028074422743,8
,,,,,,3.366238012379954,3.659168693165417,4.434371892278433,5.161173334880274,8
,,,,,,6.0589833947264315,6.958337545290627,7.674025848691439,9.785623459524983,8
,,,,,,3.70108624489595,4.029806286524141,5.090210932315825,5.906799606677216,8
,,,,,,3.366238012379954,3.659168693165417,4.434371892278433,5.161173334880274,8
,,,,,,5.36143359852459,5.286499274472781,6.566656231298443,7.681847417995696,8
,,,,,,5.690703685407192,7.248903576291618,7.920511006029944,10.387072275494452,8
,,,,,,4.442014534878017,4.99595479053237,6.527093773738925,7.956075237262423,8
,,,,,,7.7562845347451335,9.682690091490286,11.225255583139864,15.973204227049184,8
,,,,,,100.0,100.0,100.0,100.0,8
,,,,,,40.95228402581291,41.1197946120321,42.20604527329259,42.05693366784827,8
,,,,,,59.04771597418703,58.88020538796791,57.79395472670743,57.943066332151716,8
,,,,,,100.0,100.0,100.0,100.0,8
,,,,,,90.22521752684086,90.26188984768278,89.2513460208442,89.31988195455303,8
,,,,,,9.77478247315911,9.738110152317189,10.74865397915581,10.680118045446994,8
,,,,,,100.0,100.0,100.0,100.0,8
,,,,,,22.2015508388732,21.51082294070552,21.347446938841394,21.13126869880424,8
,,,,,,76.44323581870691,77.1801293971021,77.04378644024061,77.00267749685703,8
,,,,,,100.0,100.0,100.0,100.0,8
,,,,,,28.986769069235514,33.54674271654536,35.19701551983771,39.58937533810836,8
,,,,,,18.955545483814603,16.129548030001878,21.24492842260438,17.885371103580418,8
,,,,,,41.131802698796434,39.154960025631404,33.960006958020564,31.70145681052351,8
,,,,,,10.925882748153434,11.168749227821346,9.598049099537317,10.823796747787718,8
,,,,,,0.0,0.0,0.0,0.0,8
,,,,,,2.36652028480983,2.8751970920441794,3.5362612625979035,4.503006757417711,8
,,,,,,1.6412897477481827,2.007933109522207,2.5824777635164433,3.2684265519704416,8
,,,,,,0.0,0.0,0.0,0.0,8
,,,,,,0.7603197074962698,0.8712312210154425,1.0793999998828459,1.4735553980568543,8
,,,,,,7.018060114091125,8.075383752405578,8.962787626363738,12.323627290247243,8
,,,,,,0.0,0.0,0.0,0.0,8
,,,,,,5.058574783537287,5.901981698283933,6.970568183718455,8.713876518991611,8
,,,,,,1.5170866399690046,1.6678159166014537,2.0161160287505546,2.467206695172097,8
,,,,,,0.0,0.0,0.0,0.0,8
,,,,,,3.7691907461296927,3.881275071343145,4.844537741270264,5.472632596278416,8
,,,,,,4.767714296749768,6.326186402921195,6.392980442141878,8.91651358611411,8
,,,,,,2.8586944825594087,3.414127322827107,4.689346373521103,6.442292330384326,8
,,,,,,7.4351251160871445,8.79167570795623,10.701768596574562,15.035930762072159,8
,,,,,,2.5088603355792176,1.489318341214993,1.0847164227346267,0.6322804771945322,8
,,,,,,2.084091673695106,1.2395409315589245,0.9295703610002606,0.5313184944620735,8
,,,,,,2.908472806437422,1.7242778086208947,1.230643285496577,0.7272328943019464,8
,,,,,,2.5088603355792176,1.489318341214993,1.0847164227346267,0.6322804771945322,8
,,,,,,2.5858962068314817,1.5433669143319768,1.1095618227897242,0.6441033467127419,8
,,,,,,1.9742944806931915,1.1151749664830446,0.9131449566045534,0.5508492279097013,8
,,,,,,2.5088603355792176,1.489318341214993,1.0847164227346267,0.6322804771945322,8
,,,,,,2.1995841625390935,1.2195458056797588,0.9098045144281652,0.5230650340161507,8
,,,,,,2.61173236250721,1.5751326946621098,1.1327138210369672,0.6640196446533382,8
,,,,,,2.5088603355792176,1.489318341214993,1.0847164227346267,0.6322804771945322,8
,,,,,,1.514714467242512,1.0121901265902227,0.7863896684022965,0.51822120489035,8
,,,,,,3.0358992098475674,1.6286906359005406,1.5157318632573,0.7703560452989683,8
,,,,,,3.768110813439919,2.157532947341609,1.3732047542199228,0.7207870805884441,8
,,,,,,3.007520975936286,1.7710308755895174,1.0935416451250017,0.7442444028442154,8
,,,,,,3.4919375521784515,3.8434648303801144,4.61232356350228,5.5980789304885485,8
,,,,,,4.419144169983955,5.214412327937592,6.394220385454997,7.742528596319776,8
,,,,,,3.780636819908915,4.101705115724728,4.938110468693754,6.248538530818675,8
,,,,,,3.4919375521784515,3.8434648303801144,4.61232356350228,5.5980789304885485,8
,,,,,,3.5887959297839673,4.03292800882048,4.884604080517371,6.0018632809406895,8
,,,,,,7.99770722101852,9.055580419475955,9.952241065287506,13.54594237764942,8
,,,,,,3.4919375521784515,3.8434648303801144,4.61232356350228,5.5980789304885485,8
,,,,,,6.372498127152339,7.379524848612913,8.221908183320451,10.41004457019879,8
,,,,,,3.81241082762678,4.165203474010041,5.233032656840546,6.407587296153587,8
,,,,,,3.4919375521784515,3.8434648303801144,4.61232356350228,5.5980789304885485,8
,,,,,,5.529826919615042,5.557921704233597,6.9620433019574985,8.001972208638533,8
,,,,,,5.806421173745072,7.283086769430988,8.180034330402188,11.282700074400216,8
,,,,,,4.421788299702385,5.146045455655464,6.5186365528028745,8.683114595712293,8
,,,,,,7.894143406857146,10.3237306511585,12.25219074763,17.591816708488604,8
,,,,,,0.45204085759698104,0.36172652927782745,0.29345646517009294,0.21416757457206875,8
,,,,,,0.4192206396822581,0.34105250386281366,0.2817916909469213,0.19812474626836413,8
,,,,,,0.48291735473976083,0.38117407662542996,0.3044280869320966,0.22925548472843568,8
,,,,,,0.45204085759698104,0.36172652927782745,0.29345646517009294,0.21416757457206875,8
,,,,,,0.46437610549157776,0.3732688204814954,0.29184245259565034,0.21541848236711797,8
,,,,,,0.3664443396525912,0.2818266996610091,0.30460213008735704,0.20555181641504142,8
,,,,,,0.45204085759698104,0.36172652927782745,0.29345646517009294,0.21416757457206875,8
,,,,,,0.3666147085475642,0.39279399879613913,0.21829470136441292,0.18255300018848244,8
,,,,,,0.4793462715880088,0.3513397514601595,0.3163967564467663,0.22512545386312083,8
,,,,,,6.9709020126221555,7.1901744509272225,8.541012883370655,9.969932478030687,8
,,,,,,8.616582412292265,9.838051511989523,11.954902510637249,13.376824483929116,8
,,,,,,8.135387455300505,8.14164656427143,9.735050009113468,11.774294390456546,8
,,,,,,6.9709020126221555,7.1901744509272225,8.541012883370655,9.969932478030687,8
,,,,,,7.222490903656782,7.6082439200627086,8.983975510808676,10.803411875883281,8
,,,,,,15.83553209993544,16.480585499868827,17.458865048144194,20.88352885056474,8
,,,,,,6.9709020126221555,7.1901744509272225,8.541012883370655,9.969932478030687,8
,,,,,,12.022059710257448,13.549538182438905,16.1185234054364,16.470994008289765,8
,,,,,,8.003711056544178,7.997316339371102,9.794652936928589,11.237410458753027,8
,,,,,,0.41314833472783874,0.2935052285164188,0.22937391318550895,0.1702365611207612,8
,,,,,,0.4025019487558215,0.2894259087030415,0.20128846731749142,0.16156873364246224,8
,,,,,,0.42316420686190126,0.2973425443571482,0.2557904458320645,0.17838845302957532,8
,,,,,,0.41314833472783874,0.2935052285164188,0.22937391318550895,0.1702365611207612,8
,,,,,,0.43478482260645024,0.30012085245942227,0.23345386311435484,0.17583845159323874,8
,,,,,,0.26300882891649596,0.24770953539728016,0.20119956342752496,0.13165295509956335,8
,,,,,,0.41314833472783874,0.2935052285164188,0.22937391318550895,0.1702365611207612,8
,,,,,,0.3559264831507931,0.2781858146758595,0.186829350003314,0.10782209655639421,8
,,,,,,0.42092726751036474,0.2986372907314497,0.23824166784720496,0.18675256888773073,8
,,,,,,7.697497132140612,8.015602326334902,8.405817355975303,11.68662768648693,8
,,,,,,9.215613633646992,10.548036457832653,11.965843141154075,13.360540602740533,8
,,,,,,9.143244546086606,9.090402528768154,10.109409782645026,14.494447049711386,8
,,,,,,7.697497132140612,8.015602326334902,8.405817355975303,11.68662768648693,8
,,,,,,7.835738715136739,8.65110348085583,9.001241367628417,12.478784041802122,8
,,,,,,17.967504799753364,16.530912189969282,18.99915647662585,24.84485761502088,8
,,,,,,7.697497132140612,8.015602326334902,8.405817355975303,11.68662768648693,8
,,,,,,12.469069618521821,15.809304786379519,16.666170508728516,19.964246930862632,8
,,,,,,8.573132346768006,8.859579136588675,9.355457585691578,12.983337339956691,8
,,,,,,2.68695585236937,1.6079057350396055,1.2115480199368056,0.7373986276193761,8
,,,,,,2.2700094766117647,1.3640322309993222,1.0549982711818102,0.6398825457936765,8
,,,,,,3.079209298498889,1.8373115436057847,1.3587951588368052,0.8291102543683397,8
,,,,,,2.68695585236937,1.6079057350396055,1.2115480199368056,0.7373986276193761,8
,,,,,,2.7736774528004577,1.6609839787512921,1.2379101442909124,0.7542709653222922,8
,,,,,,2.085178969497193,1.2404793242784478,1.0295027191685715,0.6211886385479559,8
,,,,,,2.68695585236937,1.6079057350396055,1.2115480199368056,0.7373986276193761,8
,,,,,,2.3618337032256638,1.3641522491175218,1.0224919145691103,0.6122399255971052,8
,,,,,,2.78728348232457,1.6831585725208456,1.2654463683688586,0.7709305817980908,8
,,,,,,2.68695585236937,1.6079057350396055,1.2115480199368056,0.7373986276193761,8
,,,,,,1.6280818294594301,1.1174060838041604,0.8796061333440138,0.6025366247901526,8
,,,,,,3.3150477337339046,1.7062111333560477,1.705653521494217,0.871870992057294,8
,,,,,,3.981497080230759,2.2905066643767067,1.5066846807952257,0.856184700018633,8
,,,,,,3.248055050557442,1.9863192239251934,1.274749531938406,0.8752058840765606,8
,,,,,,3.366238012379953,3.659168693165417,4.434371892278434,5.161173334880276,8
,,,,,,4.21084679430174,4.920579101022403,6.118704361371513,7.186884013798801,8
,,,,,,3.6702957938844047,3.9542908026842594,4.741775061943938,5.820859308061078,8
,,,,,,3.366238012379953,3.659168693165417,4.434371892278434,5.161173334880276,8
,,,,,,3.4707735533177346,3.8564594451344214,4.665866537809729,5.5142198747015785,8
,,,,,,7.70218313763061,8.47898728231474,9.600887830338007,12.851028074422743,8
,,,,,,3.366238012379953,3.659168693165417,4.434371892278434,5.161173334880276,8
,,,,,,6.102122287864997,7.00528931677631,7.710654544905887,9.746919532760833,8
,,,,,,3.6598297731492306,3.9973466950324834,5.058438496373423,5.89284654792281,8
,,,,,,3.366238012379953,3.659168693165417,4.434371892278434,5.161173334880276,8
,,,,,,5.315367147786792,5.232418679882255,6.488091650639738,7.651965620834465,8
,,,,,,5.600347982048843,7.193231841714538,7.852653881405028,10.356710518630868,8
,,,,,,4.386023721988256,4.963508976629775,6.488078197980494,7.935841349652291,8
,,,,,,7.638804311419184,9.69036357828698,11.237265252102652,15.918844630945921,8
,,,,,,6960.53652455379,4797.7247874704235,3876.0547801976013,3389.291730854965,8
,,,,,,1095.4138592970749,935.1463736828048,833.8959667849817,666.3690365188419,8
,,,,,,5861.99221769091,3860.7665466960607,3041.1224693943864,2722.9226943361227,8
,,,,,,2981.066154656801,2072.2905392654493,1669.365326283844,1445.8606917398472,8
,,,,,,481.3889229387972,402.54324610969826,360.85291729530775,275.2510618249001,8
,,,,,,2498.3526562022016,1669.069488158054,1307.739426925789,1170.609629914947,8
,,,,,,3979.4703698969893,2725.4342482049733,2206.689453913758,1943.4310391151175,8
,,,,,,614.0249363582783,532.6031275731062,473.0430494896738,391.1179746939415,8
,,,,,,3363.639561488708,2191.6970585380054,1733.3830424685982,1552.3130644211767,8
,,,,,,6960.53652455379,4797.7247874704235,3876.0547801976013,3389.291730854965,8
,,,,,,1095.4138592970749,935.1463736828048,833.8959667849817,666.3690365188419,8
,,,,,,5861.99221769091,3860.7665466960607,3041.1224693943864,2722.9226943361227,8
,,,,,,1699.2412676862714,1148.9233236986024,915.7710024992489,817.6267000657258,8
,,,,,,237.56288535449175,243.32254624355593,197.73431507438292,158.59176967702723,8
,,,,,,1461.6783823317792,905.6007774550455,717.7733254693793,659.034930388699,8
,,,,,,5177.340251709949,3578.15612151537,2907.915887300789,2524.6498457268476,8
,,,,,,841.0389850567124,684.0139727830962,623.4083361663915,500.6058262228616,8
,,,,,,4333.170819087429,2892.330281640715,2283.7345690716484,2024.044019503986,8
,,,,,,6960.53652455379,4797.7247874704235,3876.0547801976013,3389.291730854965,8
,,,,,,1095.4138592970749,935.1463736828048,833.8959667849817,666.3690365188419,8
,,,,,,5861.99221769091,3860.7665466960607,3041.1224693943864,2722.9226943361227,8
,,,,,,6048.885500876733,4120.889856548271,3324.331668095153,2903.559112741265,8
,,,,,,953.4023824992283,807.0057878699728,718.720142083538,577.6414211353826,8
,,,,,,5092.713124210044,3312.072201586739,2605.611526011616,2325.9176916058814,8
,,,,,,911.6510236770574,676.8349309221533,551.723112102448,485.7326181137011,8
,,,,,,142.01147679784665,128.14058581283203,115.17582470144382,88.72761538345928,8
,,,,,,769.2790934808654,548.6943451093209,435.51094338277,397.0050027302418,8
,,,,,,1.5581293425299385,1.6612112100892973,1.9375222386296889,1.9305447308429886,8
,,,,,,3.3540984091865367,3.272064305611254,3.9189464245113736,4.032824738853229,8
,,,,,,1.695447627930095,1.8998803483132412,2.1791655277009885,2.143520216424398,8
,,,,,,1.932863051145649,2.2656825632621054,2.6145157437806854,2.5238428547657286,8
,,,,,,4.588377235746348,4.4594519181516645,5.221623651275574,5.262947244841625,8
,,,,,,2.1443609978959617,2.6560277601321736,2.950049384098764,2.8492895648855385,8
,,,,,,1.7661808241198964,1.816485528177683,2.096386197875673,2.203509854238945,8
,,,,,,3.9231770115118447,3.876209922395144,4.411729786644479,4.734230446883481,8
,,,,,,1.9030258550054486,2.043268810815365,2.3647439722163273,2.432467419054617,8
,,,,,,1.5581293425299385,1.6612112100892973,1.9375222386296889,1.9305447308429886,8
,,,,,,3.3540984091865367,3.272064305611254,3.9189464245113736,4.032824738853229,8
,,,,,,1.695447627930095,1.8998803483132412,2.1791655277009885,2.143520216424398,8
,,,,,,2.7925988455720168,3.010621559010398,3.2927354839240404,3.5747849456407423,8
,,,,,,6.098665551844965,6.160356254764476,6.55271053869045,7.512003220253262,8
,,,,,,3.043081391470268,3.28296043807534,3.700697245990746,3.9961541714818534,8
,,,,,,1.7993770014082686,1.9281716979627754,2.1578163311448884,2.1711010422934933,8
,,,,,,3.752132246252575,3.77670608113217,4.303541529506206,4.606565956671125,8
,,,,,,1.9499478524263159,2.1971259617145553,2.4449923190865817,2.3831720358164015,8
,,,,,,1.5581293425299385,1.6612112100892973,1.9375222386296889,1.9305447308429886,8
,,,,,,3.3540984091865367,3.272064305611254,3.9189464245113736,4.032824738853229,8
,,,,,,1.695447627930095,1.8998803483132412,2.1791655277009885,2.143520216424398,8
,,,,,,1.621127757701539,1.760175575330986,2.0373974719896344,2.0895356861050614,8
,,,,,,3.5848527583844714,3.4940066184876493,4.248829871677956,4.406640296894561,8
,,,,,,1.757233461827443,2.0165355707508312,2.3120466308916754,2.311373736368309,8
,,,,,,3.0712866126444744,3.3328465580535607,3.700835344573771,4.03973540785971,8
,,,,,,7.733049113046256,7.6064394152863395,7.866013778722833,8.799271285085068,8
,,,,,,3.4212662032028907,3.7035394663646275,4.100474113741693,4.6626013633286805,8
,,,,,,100.0,100.0,100.0,100.0,8
,,,,,,15.744572721149888,19.498818873653164,21.519793531799905,19.661011486631363,8
,,,,,,84.25542727885012,80.50118112634684,78.48020646820011,80.33898851336868,8
,,,,,,100.0,100.0,100.0,100.0,8
,,,,,,16.155391672507786,19.43139465456049,21.62618799882814,19.03717719123288,8
,,,,,,83.84460832749221,80.56860534543956,78.37381200117188,80.96282280876714,8
,,,,,,100.0,100.0,100.0,100.0,8
,,,,,,15.436820694420938,19.550089607907246,21.43933355455535,20.125127510159828,8
,,,,,,84.56317930557907,80.44991039209275,78.56066644544461,79.87487248984013,8
,,,,,,100.0,100.0,100.0,100.0,8
,,,,,,15.744572721149888,19.498818873653164,21.519793531799905,19.661011486631363,8
,,,,,,84.25542727885012,80.50118112634684,78.48020646820011,80.33898851336868,8
,,,,,,100.0,100.0,100.0,100.0,8
,,,,,,13.980527066527939,21.178310268804932,21.598324942098742,19.396598675688878,8
,,,,,,86.01947293347206,78.82168973119505,78.4016750579013,80.60340132431114,8
,,,,,,100.0,100.0,100.0,100.0,8
,,,,,,16.25444303366102,19.126066287857913,21.44402103670739,19.828723063127867,8
,,,,,,83.74555696633898,80.87393371214206,78.55597896329266,80.17127693687218,8
,,,,,,100.0,100.0,100.0,100.0,8
,,,,,,15.744572721149888,19.498818873653164,21.519793531799905,19.661011486631363,8
,,,,,,84.25542727885012,80.50118112634684,78.48020646820011,80.33898851336868,8
,,,,,,100.0,100.0,100.0,100.0,8
,,,,,,17.303686036931342,20.288992504076916,22.486729564852492,20.147133506151256,8
,,,,,,82.69631396306866,79.7110074959231,77.51327043514752,79.85286649384874,8
,,,,,,100.0,100.0,100.0,100.0,8
,,,,,,12.812717165931058,17.82800242322103,18.820043700756912,14.93738547836814,8
,,,,,,87.18728283406892,82.17199757677896,81.17995629924309,85.06261452163186,8
,,,,,,0.0,0.0,0.0,0.0,8
,,,,,,3.071332142226017,3.035363991934472,3.456581273130948,3.59447610120263,8
,,,,,,0.5739311261699714,0.7352191839452205,0.9478175284083198,0.8796605138040408,8
,,,,,,0.0,0.0,0.0,0.0,8
,,,,,,4.273466059516615,4.277128436524454,4.61471210813548,4.825922507597436,8
,,,,,,0.8234222732724209,1.031550320152765,1.273367073296297,1.1347423261821208,8
,,,,,,0.0,0.0,0.0,0.0,8
,,,,,,3.5633243487048056,3.5097495211750083,3.90914127389145,4.170007418585071,8
,,,,,,0.6504769510645787,0.8529023501190263,1.0668110070201415,1.0506674802893938,8
,,,,,,0.0,0.0,0.0,0.0,8
,,,,,,3.071332142226017,3.035363991934472,3.456581273130948,3.59447610120263,8
,,,,,,0.5739311261699714,0.7352191839452205,0.9478175284083198,0.8796605138040408,8
,,,,,,0.0,0.0,0.0,0.0,8
,,,,,,5.7464704227747845,5.272256943072746,5.767793990867594,6.772720847905908,8
,,,,,,0.9339592832048567,1.416583350826914,1.588928919207935,1.6298040289979647,8
,,,,,,0.0,0.0,0.0,0.0,8
,,,,,,3.39071561727585,3.507817309708134,3.8326102028124085,4.045293682270796,8
,,,,,,0.6581148402476789,0.8295719437856461,1.0462166584800945,1.0005205255484344,8
,,,,,,0.0,0.0,0.0,0.0,8
,,,,,,3.071332142226017,3.035363991934472,3.456581273130948,3.59447610120263,8
,,,,,,0.5739311261699714,0.7352191839452205,0.9478175284083198,0.8796605138040408,8
,,,,,,0.0,0.0,0.0,0.0,8
,,,,,,9.820399923748475,11.214877758488386,10.818354930022082,10.268187463482441,8
,,,,,,2.054857210607195,2.8545439070977436,3.138422882718254,2.5906965244498195,8
,,,,,,0.0,0.0,0.0,0.0,8
,,,,,,8.783979306841342,8.211512929902906,9.010010250818738,10.571224312608294,8
,,,,,,1.2908607630787532,1.781566430532895,2.0888011572661735,1.8563555026347194,8
,,,,,,1536.6790532721477,919.9623337175849,693.4839198324055,422.2638395101653,8
,,,,,,403.0831195514426,332.52048141705245,270.3987074011359,190.3219563741528,8
,,,,,,1131.3945854310557,587.4418523005323,423.0852124312695,231.94188313601234,8
,,,,,,629.3051704611829,378.28662213272816,292.69213716746896,177.59122288609942,8
,,,,,,177.3180933331983,136.33086974629705,111.60489051281742,74.6370185387026,8
,,,,,,451.59160088833835,241.95575238643107,181.08724665465164,102.95420434739685,8
,,,,,,907.373882810964,541.6757115848568,400.79178266493636,244.67261662406574,8
,,,,,,225.7650262182444,196.1896116707556,158.79381688831853,115.68493783545024,8
,,,,,,679.802984542718,345.48609991410126,241.99796577661783,128.98767878861548,8
,,,,,,1536.6790532721477,919.9623337175849,693.4839198324055,422.2638395101653,8
,,,,,,403.0831195514426,332.52048141705245,270.3987074011359,190.3219563741528,8
,,,,,,1131.3945854310557,587.4418523005323,423.0852124312695,231.94188313601234,8
,,,,,,341.1665812425315,197.89146872717208,148.04111181562016,89.22970654478047,8
,,,,,,86.14822142104667,81.58971398098105,60.7597670914895,40.46215675725744,8
,,,,,,255.0183598214846,116.30175474619101,87.28134472413062,48.76754978752303,8
,,,,,,1174.6871924695015,710.028119567832,534.2862701930881,325.15446252385846,8
,,,,,,309.579504265212,248.44050676305446,201.18728195757868,146.5419244847224,8
,,,,,,862.906339914641,461.58761280477717,333.0989882355092,178.61253803913607,8
,,,,,,1536.6790532721477,919.9623337175849,693.4839198324055,422.2638395101653,8
,,,,,,403.0831195514426,332.52048141705245,270.3987074011359,190.3219563741528,8
,,,,,,1131.3945854310557,587.4418523005323,423.0852124312695,231.94188313601234,8
,,,,,,1386.472018504194,830.3753883003387,618.943732888534,377.16556298724277,8
,,,,,,365.20281318645215,299.08434710795035,234.6787454749692,167.9784800260815,8
,,,,,,1019.4283104264385,531.2910411923883,384.26498741356465,209.18708296116122,8
,,,,,,150.20703476795322,89.58694541724627,74.5401869438715,45.0982765229225,8
,,,,,,37.88030636499049,33.43613430910219,35.71996192616664,22.343476348071324,8
,,,,,,111.96627500461757,56.15081110814407,38.820225017704885,22.754800174851155,8
,,,,,,3.366238012379954,3.659168693165417,4.434371892278433,5.161173334880274,8
,,,,,,5.168186907527534,5.084854333627861,6.351312284427026,7.410240235843101,8
,,,,,,3.945751780829855,4.8274154905475,5.697974558996215,7.066877891027752,8
,,,,,,4.210846794301739,4.920579101022407,6.118704361371517,7.186884013798804,8
,,,,,,7.269138578534595,7.111762963406488,8.494793550104568,9.78587632922013,8
,,,,,,4.989906936616639,6.554105114644009,7.67341920465367,10.062176132393379,8
,,,,,,3.6702957938844047,3.9542908026842607,4.741775061943939,5.8208593080610775,8
,,,,,,6.039929879990229,6.022477861440858,7.364180661304506,9.051649628113392,8
,,,,,,4.235495399099412,5.096585146848939,6.170361267929149,7.7304736546897805,8
,,,,,,3.366238012379954,3.659168693165417,4.434371892278433,5.161173334880274,8
,,,,,,5.168186907527534,5.084854333627861,6.351312284427026,7.410240235843101,8
,,,,,,3.945751780829855,4.8274154905475,5.697974558996215,7.066877891027752,8
,,,,,,6.0589833947264315,6.958337545290627,7.674025848691439,9.785623459524983,8
,,,,,,10.274069304715576,9.662358489432703,11.209924695174394,12.826269732353587,8
,,,,,,7.022796057112106,9.291567783722162,9.917631662963005,13.251863017706949,8
,,,,,,3.70108624489595,4.029806286524141,5.090210932315825,5.906799606677216,8
,,,,,,5.712461567686961,5.753128357028698,7.000709589106191,8.535609843715095,8
,,,,,,4.357253114652634,5.255576858597557,6.603645576981089,8.099447416182711,8
,,,,,,3.366238012379954,3.659168693165417,4.434371892278433,5.161173334880274,8
,,,,,,5.168186907527534,5.084854333627861,6.351312284427026,7.410240235843101,8
,,,,,,3.945751780829855,4.8274154905475,5.697974558996215,7.066877891027752,8
,,,,,,3.4707735533177337,3.85645944513442,4.665866537809725,5.514219874701579,8
,,,,,,5.435711653896518,5.3533488273508265,6.948913892727796,7.970708459891298,8
,,,,,,4.071366870998868,5.115755381545003,5.90602408363689,7.4453165079614525,8
,,,,,,7.702183137630611,8.47898728231474,9.600887830338008,12.851028074422743,8
,,,,,,12.992884884496869,14.525153105282321,13.346753692446928,17.477207940437253,8
,,,,,,8.96074268070909,10.442838887205673,13.547043521073787,18.6952620925453,8
,,,,,,100.0,100.0,100.0,100.0,8
,,,,,,26.26842464003345,36.14501042377803,38.99134495670546,45.07181022057922,8
,,,,,,73.73157535996653,63.854989576221946,61.00865504329456,54.92818977942078,8
,,,,,,100.0,100.0,100.0,100.0,8
,,,,,,28.194523786548142,36.03904070878378,38.13047101055557,42.027425300501505,8
,,,,,,71.80547621345188,63.96095929121619,61.86952898944442,57.97257469949848,8
,,,,,,100.0,100.0,100.0,100.0,8
,,,,,,24.930764286663646,36.219015819767144,39.6200280935078,47.281522318125894,8
,,,,,,75.06923571333637,63.780984180232814,60.37997190649218,52.71847768187411,8
,,,,,,100.0,100.0,100.0,100.0,8
,,,,,,26.26842464003345,36.14501042377803,38.99134495670546,45.07181022057922,8
,,,,,,73.73157535996653,63.854989576221946,61.00865504329456,54.92818977942078,8
,,,,,,100.0,100.0,100.0,100.0,8
,,,,,,25.251072689269332,41.229525712129934,41.0424957947922,45.34606054873806,8
,,,,,,74.74892731073072,58.77047428787001,58.95750420520781,54.6539394512619,8
,,,,,,100.0,100.0,100.0,100.0,8
,,,,,,26.40368801055856,34.990234881721435,37.655334449240264,45.068403289704115,8
,,,,,,73.59631198944146,65.00976511827845,62.34466555075975,54.93159671029587,8
,,,,,,100.0,100.0,100.0,100.0,8
,,,,,,26.26842464003345,36.14501042377803,38.99134495670546,45.07181022057922,8
,,,,,,73.73157535996653,63.854989576221946,61.00865504329456,54.92818977942078,8
,,,,,,100.0,100.0,100.0,100.0,8
,,,,,,26.375458918873324,36.01796865874529,37.91600641624605,44.537067142517266,8
,,,,,,73.62454108112667,63.98203134125473,62.08399358375394,55.46293285748271,8
,,,,,,100.0,100.0,100.0,100.0,8
,,,,,,25.27939310911324,37.32255202292614,47.920408293399696,49.54396946126005,8
,,,,,,74.72060689088674,62.677447977073854,52.07959170660028,50.45603053873994,8
,,,,,,0.0,0.0,0.0,0.0,8
,,,,,,4.475538150314517,4.375455358602939,4.983538402135343,5.579375212059719,8
,,,,,,1.594504607438039,2.476719213252683,3.1850376771091424,4.578205502806785,8
,,,,,,0.0,0.0,0.0,0.0,8
,,,,,,6.185804191168912,6.175839767040426,6.558120203878157,8.07672908139265,8
,,,,,,2.4288649362674697,3.479799916100719,4.041799192626443,5.855253624668739,8
,,,,,,0.0,0.0,0.0,0.0,8
,,,,,,5.228723251862414,4.977213454138092,5.789060852021553,6.3672877327271395,8
,,,,,,1.7364778750401064,2.8263874436991707,3.7986561826713694,5.71061742066155,8
,,,,,,0.0,0.0,0.0,0.0,8
,,,,,,4.475538150314517,4.375455358602939,4.983538402135343,5.579375212059719,8
,,,,,,1.594504607438039,2.476719213252683,3.1850376771091424,4.578205502806785,8
,,,,,,0.0,0.0,0.0,0.0,8
,,,,,,8.908429839521686,7.627307667546381,8.53193862075362,9.496239182864345,8
,,,,,,3.0093730775548573,5.350820822937187,5.939397531905267,7.878975263173331,8
,,,,,,0.0,0.0,0.0,0.0,8
,,,,,,4.969168141732068,4.970659269044796,5.715726445915266,6.43563592765387,8
,,,,,,1.7827573385079925,2.675360155884979,3.4522214377118243,5.280091109364212,8
,,,,,,0.0,0.0,0.0,0.0,8
,,,,,,4.475538150314517,4.375455358602939,4.983538402135343,5.579375212059719,8
,,,,,,1.594504607438039,2.476719213252683,3.1850376771091424,4.578205502806785,8
,,,,,,0.0,0.0,0.0,0.0,8
,,,,,,4.703632922496092,4.654283672673308,5.458104874996407,5.971410039853485,8
,,,,,,1.6850424477356523,2.6200769174886522,3.3333799505298245,4.795078012982795,8
,,,,,,0.0,0.0,0.0,0.0,8
,,,,,,11.287514266782992,11.237849194601171,9.821824378759285,12.86572731088268,8
,,,,,,3.818779346792657,6.691804225097328,9.037433263067655,12.63316186749695,8
,,,,,,866.6730716330032,766.55310893813,709.0292988335167,558.5534648658166,8
,,,,,,523.6483085036798,458.3753535733893,441.52269939989407,351.7649928417214,8
,,,,,,206.1560159845958,160.6287944138521,150.79556129447903,113.21811725795378,8
,,,,,,243.5962922398226,237.30456465186845,194.35104619508442,142.39739639010486,8
,,,,,,423.5578843094332,372.96346550435936,324.6569474949691,240.29824301203203,8
,,,,,,225.84867697304225,171.96012996555285,128.77145274316277,103.8349083447462,8
,,,,,,153.44069422634576,104.24964916733329,68.6750568777332,54.26838222121183,8
,,,,,,125.01100879221946,88.59415896572646,59.99664619723885,45.84678778514762,8
,,,,,,362.08013216195076,323.9322442495556,251.9597278646856,187.14050741685156,8
,,,,,,374.65678295404746,334.720743173521,306.24658319122966,231.44991640560147,8
,,,,,,220.61512760898728,193.17561896220744,184.02458992663443,142.47194402622893,8
,,,,,,93.27619807802907,80.54875935692199,69.44331931437335,47.92524596562819,8
,,,,,,114.40876312051269,107.18882220490025,89.37056465903629,59.68048354521498,8
,,,,,,193.3360440621875,174.69553326338513,150.29736032626823,101.34837619441002,8
,,,,,,101.3008059051329,71.45723922921012,55.50784540288251,38.20417969201958,8
,,,,,,64.86363191781551,35.85421550309226,31.040985021762665,19.543157008536557,8
,,,,,,52.47521854579392,30.156726632515454,26.75699739002529,16.442718140370932,8
,,,,,,165.25391970544374,135.88049718676524,115.55699945430516,76.12320168558591,8
,,,,,,492.0162886789561,431.83236576460916,402.7827156422869,327.1035484602153,8
,,,,,,303.03318089469263,265.19973461118195,257.4981094732598,209.29304881549265,8
,,,,,,112.87981790656676,80.08003505693004,81.35224198010569,65.29287129232556,8
,,,,,,129.18752911930986,130.11574244696808,104.98048153604807,82.71691284488988,8
,,,,,,230.221840247246,198.26793224097418,174.3595871687008,138.94986681762205,8
,,,,,,124.54787106790931,100.50289073634269,73.2636073402802,65.63072865272662,8
,,,,,,88.57706230853023,68.39543366424105,37.63407185597052,34.72522521267526,8
,,,,,,72.53579024642555,58.437432333210985,33.23964880721355,29.40406964477669,8
,,,,,,196.82621245650694,188.05174706279024,136.40272841038052,111.01730573126567,8
,,,,,,866.6730716330032,766.55310893813,709.0292988335167,558.5534648658166,8
,,,,,,523.6483085036798,458.3753535733893,441.52269939989407,351.7649928417214,8
,,,,,,206.1560159845958,160.6287944138521,150.79556129447903,113.21811725795378,8
,,,,,,243.5962922398226,237.30456465186845,194.35104619508442,142.39739639010486,8
,,,,,,423.5578843094332,372.96346550435936,324.6569474949691,240.29824301203203,8
,,,,,,225.84867697304225,171.96012996555285,128.77145274316277,103.8349083447462,8
,,,,,,153.44069422634576,104.24964916733329,68.6750568777332,54.26838222121183,8
,,,,,,125.01100879221946,88.59415896572646,59.99664619723885,45.84678778514762,8
,,,,,,362.08013216195076,323.9322442495556,251.9597278646856,187.14050741685156,8
,,,,,,189.75299026043473,179.90664369565965,160.53530770884026,128.53459395766538,8
,,,,,,118.30016439453291,103.73323158350647,95.06226141136511,87.64014228734493,8
,,,,,,36.114650166819594,35.37625993003996,41.75663597282887,31.714102038085525,8
,,,,,,57.30831631579267,59.06986938248355,41.28588760576859,26.03974932872449,8
,,,,,,87.66353252339968,88.76570441754939,76.51759486772156,52.77949634373905,8
,,,,,,52.47435330381956,63.0342928671651,39.98793562365009,29.124675776454698,8
,,,,,,28.408927841405806,34.62506932213258,23.253076245477516,16.364080310771694,8
,,,,,,21.428225375338283,30.228521965814622,20.96166513710766,14.751729418575334,8
,,,,,,77.28889596380189,89.09476782040082,62.24755274287626,40.31395322839926,8
,,,,,,668.1310332008825,581.1449677698151,539.8749547642126,425.5082627652387,8
,,,,,,399.3797875472376,350.9694986534181,340.05296034684505,260.55744761301537,8
,,,,,,168.11185932675656,123.93020457052693,106.46038645662475,81.30300080194003,8
,,,,,,184.47927719183565,177.26791886681067,150.87449040665024,115.2782283597861,8
,,,,,,332.691047054251,282.1387708607849,243.6153287771456,186.23831354877063,8
,,,,,,168.04655130592909,106.3201139249903,84.64923793576935,72.28176352350422,8
,,,,,,119.70399402164634,69.32721385530022,41.28770144851231,37.904301910440125,8
,,,,,,99.52762570577642,58.06827101001132,34.90070187638783,31.095058366572296,8
,,,,,,278.92737975484977,233.57333403668008,183.3872277554005,145.747135486858,8
,,,,,,866.6730716330032,766.55310893813,709.0292988335167,558.5534648658166,8
,,,,,,523.6483085036798,458.3753535733893,441.52269939989407,351.7649928417214,8
,,,,,,206.1560159845958,160.6287944138521,150.79556129447903,113.21811725795378,8
,,,,,,243.5962922398226,237.30456465186845,194.35104619508442,142.39739639010486,8
,,,,,,423.5578843094332,372.96346550435936,324.6569474949691,240.29824301203203,8
,,,,,,225.84867697304225,171.96012996555285,128.77145274316277,103.8349083447462,8
,,,,,,153.44069422634576,104.24964916733329,68.6750568777332,54.26838222121183,8
,,,,,,125.01100879221946,88.59415896572646,59.99664619723885,45.84678778514762,8
,,,,,,362.08013216195076,323.9322442495556,251.9597278646856,187.14050741685156,8
,,,,,,752.7435690145633,666.5796520034377,617.653580319411,484.0198981328871,8
,,,,,,456.2546557589282,400.34934619837844,392.18272770355554,310.0581668098068,8
,,,,,,178.52887585965635,139.80372719506047,133.41377970470123,97.69731275629881,8
,,,,,,211.98366823780023,200.1487614893347,158.24743720791858,113.84372581727712,8
,,,,,,367.94550976467025,321.25684216221373,275.07699228991856,200.62795061940042,8
,,,,,,199.2089479010969,137.86692018945394,103.52513612063643,85.61036248751817,8
,,,,,,137.56553554109283,84.14691834889187,55.376780936925336,43.715308134438,8
,,,,,,111.01080880839703,69.07826944811087,48.13938556850662,35.906222299806295,8
,,,,,,316.9434321583541,268.5598563666725,204.3521672579735,149.44667155170876,8
,,,,,,113.9295026184403,99.97345693469256,91.37571851410567,74.53356673292939,8
,,,,,,67.3936527447516,58.02600737501092,49.339971696338615,41.706826031914574,8
,,,,,,27.62714012493943,20.825067218791627,17.381781589777802,15.520804501654968,8
,,,,,,31.612624002022372,37.155803162533736,36.10360898716585,28.55367057282774,8
,,,,,,55.61237454476295,51.70662334214558,49.579955205050446,39.670292392631595,8
,,,,,,26.639729071945315,34.09320977609885,25.246316622526333,18.22454585722802,8
,,,,,,15.875158685252913,20.102730818441444,13.298275940807839,10.553074086773831,8
,,,,,,14.000199983822403,19.5158895176156,11.85726062873221,9.940565485341326,8
,,,,,,45.13670000359668,55.372387882883075,47.60756060671209,37.69383586514279,8
,,,,,,3.642080616709854,3.610068326652878,4.1946317060016725,4.303911345663539,8
,,,,,,4.644489883988627,4.703521812439434,5.529652325481025,5.719403177838036,8
,,,,,,7.15096894217708,7.789120785517813,9.565570157477095,9.28906823180516,8
,,,,,,6.57239602136389,6.090064306035452,8.079606353578615,7.515413591476028,8
,,,,,,4.958844044913441,4.971063795431275,6.3488740240109545,5.922858624309369,8
,,,,,,7.798660222580257,8.121634342930834,9.663681118579639,11.27745729394817,8
,,,,,,9.963823772572459,10.269894333842105,12.282984990295146,16.497403094407893,8
,,,,,,10.780821213293654,11.089124402379824,13.486269103608672,18.611682874348563,8
,,,,,,5.7128776146339435,5.396853782760242,7.052301224055172,7.258475704188802,8
,,,,,,5.165329674154222,4.762074935237483,5.611595403975221,5.64322288166969,8
,,,,,,6.571930107917556,6.246328442484807,7.422222254985549,7.356654746308222,8
,,,,,,9.632572760715512,10.365346404344075,12.507355668553865,12.81663116090868,8
,,,,,,8.94635914994924,7.950460974370826,10.180303820401784,10.554525959071867,8
,,,,,,6.921428875711494,6.619470945760197,8.181778590409202,8.425272195416328,8
,,,,,,9.997609220185547,12.8923788930055,12.782677830693695,15.560488133571369,8
,,,,,,13.229116538625723,14.885310994920403,15.500474759129343,22.57147808485803,8
,,,,,,14.61405832141117,15.959989085072488,16.814000829595745,24.97782433654426,8
,,,,,,7.713763006757393,7.132287923224146,8.740115100136986,9.857532325396628,8
,,,,,,4.3408302209661205,4.170314936019975,4.667428715551349,5.05093465289743,8
,,,,,,5.48968008764834,5.327252166759633,6.0490649854102605,6.517365133877982,8
,,,,,,9.415296605149177,9.275864211185421,10.064797691006886,11.504072275384038,8
,,,,,,7.7760085251250315,7.453674375697897,9.447249972623705,9.135721431062043,8
,,,,,,6.147888976573936,6.028015082978323,7.124640183780419,7.187877548503846,8
,,,,,,8.989075725765773,9.863509305926415,12.074643809104433,12.565008419661355,8
,,,,,,11.208979829156558,12.72073423871705,15.317886522967608,18.551339033750818,8
,,,,,,12.026519781923902,13.709063684452286,16.85949490166338,20.784567633907553,8
,,,,,,6.614934189054688,6.63524555693056,8.462518675848983,8.688792208665205,8
,,,,,,3.642080616709854,3.610068326652878,4.1946317060016725,4.303911345663539,8
,,,,,,4.644489883988627,4.703521812439434,5.529652325481025,5.719403177838036,8
,,,,,,7.15096894217708,7.789120785517813,9.565570157477095,9.28906823180516,8
,,,,,,6.57239602136389,6.090064306035452,8.079606353578615,7.515413591476028,8
,,,,,,4.958844044913441,4.971063795431275,6.3488740240109545,5.922858624309369,8
,,,,,,7.798660222580257,8.121634342930834,9.663681118579639,11.27745729394817,8
,,,,,,9.963823772572459,10.269894333842105,12.282984990295146,16.497403094407893,8
,,,,,,10.780821213293654,11.089124402379824,13.486269103608672,18.611682874348563,8
,,,,,,5.7128776146339435,5.396853782760242,7.052301224055172,7.258475704188802,8
,,,,,,6.848076496345643,6.73802431847719,7.443841358890355,7.915072153702319,8
,,,,,,8.777748081697204,8.528368402001291,9.598205643085091,9.788330028914958,8
,,,,,,13.538163748793986,16.046748666373578,14.10945661108948,17.334238324105275,8
,,,,,,11.417959946828596,11.166520720506998,15.25767785872878,15.92679397115136,8
,,,,,,9.106252455229361,9.601459236944851,10.848471522745605,12.048611003032713,8
,,,,,,13.306772038513135,14.826660497327135,13.796296438103678,19.251973984324835,8
,,,,,,16.867544553519092,16.881267255792658,17.045730766712204,25.36967088170698,8
,,,,,,19.498223091570946,17.79602927034012,18.211542842817295,27.578288596658034,8
,,,,,,9.949313201873714,9.463343189155825,11.780629420129777,14.348227375419276,8
,,,,,,4.1225200790826095,4.0901455840028715,4.597707360220146,4.890519458856241,8
,,,,,,5.225213452819688,5.243647377557224,6.086565308842316,6.664522210897955,8
,,,,,,8.215977857556764,8.836809611902789,10.99656760540598,9.904241831098487,8
,,,,,,7.689352819014256,6.962591585369967,8.405496131356772,8.464422616253737,8
,,,,,,5.734944567042938,5.7373101240241,6.893373725453304,6.492323430829733,8
,,,,,,8.533295618785562,9.839059731540004,11.06709784814906,13.597073976693732,8
,,,,,,10.781325471541887,12.943604695976552,13.838501598707625,20.99442576523328,8
,,,,,,11.510162336861242,14.234222303524719,15.232332176233385,24.127643671237546,8
,,,,,,6.479922800343507,6.311599948388166,7.545603289670873,8.379594321556132,8
,,,,,,3.642080616709854,3.610068326652878,4.1946317060016725,4.303911345663539,8
,,,,,,4.644489883988627,4.703521812439434,5.529652325481025,5.719403177838036,8
,,,,,,7.15096894217708,7.789120785517813,9.565570157477095,9.28906823180516,8
,,,,,,6.57239602136389,6.090064306035452,8.079606353578615,7.515413591476028,8
,,,,,,4.958844044913441,4.971063795431275,6.3488740240109545,5.922858624309369,8
,,,,,,7.798660222580257,8.121634342930834,9.663681118579639,11.27745729394817,8
,,,,,,9.963823772572459,10.269894333842105,12.282984990295146,16.497403094407893,8
,,,,,,10.780821213293654,11.089124402379824,13.486269103608672,18.611682874348563,8
,,,,,,5.7128776146339435,5.396853782760242,7.052301224055172,7.258475704188802,8
,,,,,,3.888876365921152,3.80172436874219,4.539848753362859,4.693955357821892,8
,,,,,,5.073206327332811,4.886309467911821,5.836650008581841,6.221820108168647,8
,,,,,,7.522323126634281,8.35240647761866,10.338879787365682,9.71043716013206,8
,,,,,,6.883273022141731,6.648196131007854,9.109796713416653,8.491926441635474,8
,,,,,,5.198873513798698,5.3480562748307765,7.063348765477256,6.456965402084232,8
,,,,,,8.369994469203332,9.480634409020446,11.20632574953132,12.882994692881763,8
,,,,,,10.615152650010776,11.839944189551089,14.11617788548593,19.473126293277886,8
,,,,,,11.50218091957204,13.076994296635796,15.593030237609707,22.502896894096274,8
,,,,,,6.0327052018078895,5.943553896670257,8.040127373406499,8.393705616698762,8
,,,,,,8.153418744885462,8.861388441406099,8.424778304834474,9.716330447597311,8
,,,,,,10.036765691265188,11.833350000728958,11.320799405022761,12.361454109355398,8
,,,,,,16.90352723390522,19.088459251234788,19.703551149837324,23.261518580820503,8
,,,,,,14.630001007921939,12.420233416549754,13.867958236343647,15.982903261261225,8
,,,,,,11.552666323615998,11.72991468700112,11.850235613478812,13.384572074592342,8
,,,,,,15.684603079241159,14.358922199652973,16.164997442031304,19.534937453950658,8
,,,,,,21.891167312843454,18.716338584784378,20.914844538585342,26.58632756930982,8
,,,,,,21.91093013430922,19.16587783494745,22.646135654864665,27.793287577807686,8
,,,,,,12.199551741458736,10.919703096297212,11.883815730160425,13.979549202990746,8
,,,,,,79.11832265744248,81.9714571441134,85.02610961977925,83.82044096522529,8
,,,,,,47.803695750180076,49.01642849431261,52.94697623999182,52.788316017707864,8
,,,,,,18.81992036479122,17.176861177492658,18.083258260123145,16.99030282820658,8
,,,,,,22.237831863487443,25.376194714557126,23.306389997830184,21.369149613253146,8
,,,,,,38.666471189366646,39.8828970523139,38.932547994764576,36.06083563956795,8
,,,,,,20.61765743204753,18.388579029434442,15.442148406069244,15.582192847252765,8
,,,,,,14.007554580768977,11.147949893317357,8.235446580045748,8.143893135358391,8
,,,,,,11.412217193640279,9.473827997303129,7.194739942027905,6.880089750966582,8
,,,,,,33.054185784567004,34.6397369829754,30.21476753702216,28.08361390776597,8
,,,,,,77.82829331984453,83.15149897765403,84.86742617646888,84.08683871048518,8
,,,,,,45.82887496915584,47.98878650408771,50.997118522956534,51.76072458418412,8
,,,,,,19.37647370624854,20.009964180338375,19.24421723811192,17.411466334729585,8
,,,,,,23.766388811372465,26.62790227902369,24.766479741633635,21.682199207347836,8
,,,,,,40.16212979764967,43.397954120879305,41.650587572573464,36.82033977361454,8
,,,,,,21.04344347740883,17.751444079560358,15.382401732797163,13.879757425358461,8
,,,,,,13.474267650745698,8.906922634921447,8.60211558061479,7.100120478724571,8
,,,,,,10.90079477222734,7.491549522680939,7.4149317097327,5.973716515880658,8
,,,,,,34.328567158670126,33.755502917998555,32.02329645009848,27.6559157232285,8
,,,,,,80.12969173484329,81.07957753314824,85.14715860994366,83.63296233474848,8
,,,,,,49.35193392827866,49.793123787989735,54.43439233512737,53.51148818442032,8
,,,,,,18.383588551964337,15.035592340928957,17.1976402714023,16.69390708607005,8
,,,,,,21.039459714048167,24.430149901646626,22.192585146172778,21.14883953099259,8
,,,,,,37.49389098310389,37.226205025196656,36.85913731462764,35.526331134833015,8
,,,,,,20.283845767989575,18.87012778056724,15.487725148761433,16.780289554343312,8
,,,,,,14.42564577814577,12.841725878684954,7.955739313064789,8.878452911771317,8
,,,,,,11.813166852250038,10.97204077630763,7.0267703633047764,7.517954056646469,8
,,,,,,32.05508454165785,35.30804408146812,28.835161737929315,28.384608459414096,8
,,,,,,79.11832265744248,81.9714571441134,85.02610961977925,83.82044096522529,8
,,,,,,47.803695750180076,49.01642849431261,52.94697623999182,52.788316017707864,8
,,,,,,18.81992036479122,17.176861177492658,18.083258260123145,16.99030282820658,8
,,,,,,22.237831863487443,25.376194714557126,23.306389997830184,21.369149613253146,8
,,,,,,38.666471189366646,39.8828970523139,38.932547994764576,36.06083563956795,8
,,,,,,20.61765743204753,18.388579029434442,15.442148406069244,15.582192847252765,8
,,,,,,14.007554580768977,11.147949893317357,8.235446580045748,8.143893135358391,8
,,,,,,11.412217193640279,9.473827997303129,7.194739942027905,6.880089750966582,8
,,,,,,33.054185784567004,34.6397369829754,30.21476753702216,28.08361390776597,8
,,,,,,79.8748466021049,73.93751482264233,81.18737895769415,81.04745550127008,8
,,,,,,49.797410154370375,42.63198506877112,48.07575325284585,55.26146941031329,8
,,,,,,15.202143261111361,14.538833526191103,21.117546520502028,19.99731896722726,8
,,,,,,24.12342998371867,24.276364970863433,20.879475365840182,16.41935731075739,8
,,,,,,36.901190349068216,36.48067381667894,38.697175469486666,33.28009798441919,8
,,,,,,22.08861591553631,25.905652328687353,20.22306325971169,18.364556897099522,8
,,,,,,11.958487454390848,14.230111371378763,11.759757650931883,10.318366674447995,8
,,,,,,9.020022358864285,12.423230988038863,10.600924340938178,9.301699229800697,8
,,,,,,32.534078649731505,36.615911347245486,31.480399706778364,25.419952946170415,8
,,,,,,79.44114899213966,84.96097899948866,86.60053506569031,84.9986637142751,8
,,,,,,47.48647739798967,51.3102820437137,54.5473874215379,52.04842492125118,8
,,,,,,19.98859295629684,18.118080843624178,17.07715156831169,16.240921807758838,8
,,,,,,21.934687983506006,25.915832997613794,24.20155164020471,23.027744049560056,8
,,,,,,39.55714930762891,41.24751570685419,39.07797099333673,37.202586105312356,8
,,,,,,19.980827796537564,15.543558780297738,13.578457814073234,14.438857827300948,8
,,,,,,14.232871026017238,10.135350535782718,6.622898516630095,7.571686130070272,8
,,,,,,11.833889685751615,8.489339884936092,5.598369455725822,6.211485511702625,8
,,,,,,33.16461956113024,34.14745068530159,29.416871273029187,29.114150865270513,8
,,,,,,79.11832265744248,81.9714571441134,85.02610961977925,83.82044096522529,8
,,,,,,47.803695750180076,49.01642849431261,52.94697623999182,52.788316017707864,8
,,,,,,18.81992036479122,17.176861177492658,18.083258260123145,16.99030282820658,8
,,,,,,22.237831863487443,25.376194714557126,23.306389997830184,21.369149613253146,8
,,,,,,38.666471189366646,39.8828970523139,38.932547994764576,36.06083563956795,8
,,,,,,20.61765743204753,18.388579029434442,15.442148406069244,15.582192847252765,8
,,,,,,14.007554580768977,11.147949893317357,8.235446580045748,8.143893135358391,8
,,,,,,11.412217193640279,9.473827997303129,7.194739942027905,6.880089750966582,8
,,,,,,33.054185784567004,34.6397369829754,30.21476753702216,28.08361390776597,8
,,,,,,78.95339709990418,82.5991166386578,85.93798116313535,83.7924498526305,8
,,,,,,47.855413845611736,49.60922860975616,54.566820204403236,53.67658126045955,8
,,,,,,18.725448890914723,17.32375768506708,18.56268829727528,16.913141818027867,8
,,,,,,22.234438693357436,24.801403471666728,22.017949399493126,19.708372989165444,8
,,,,,,38.59288759066721,39.80849294899677,38.27317145898854,34.732265256369004,8
,,,,,,20.894530112133214,17.083758538255694,14.404095566394123,14.820675830214329,8
,,,,,,14.428906206473014,10.427052644937154,7.704915681977478,7.567897061210297,8
,,,,,,11.64364709446138,8.559823298224098,6.697931886109755,6.216005463948701,8
,,,,,,33.24340676887395,33.278553933982906,28.432787018541827,25.87187588763355,8
,,,,,,80.22556006555648,78.0185733509275,79.33584912542871,84.00267088303158,8
,,,,,,47.45648328176072,45.283082644687084,42.83882648484316,47.005462562774596,8
,,,,,,19.454160148103153,16.251734051855884,15.091519105536662,17.49264243671805,8
,,,,,,22.260612110261306,28.99612400461879,31.346516580847435,32.18126673350309,8
,,,,,,39.16047899700894,40.35148037926924,43.04718922879043,44.710197858001955,8
,,,,,,18.75885644782567,26.606097950806117,21.919805382743544,20.539880147196506,8
,,,,,,11.178785717334103,15.688027872608918,11.546065309520756,11.893787566775014,8
,,,,,,9.858498974524215,15.230061103451948,10.294921403400703,11.203462915554093,8
,,,,,,31.783839603223605,43.21221690352071,41.33468176166252,42.48264275134541,8
,,,,,,1.7826620027598339,1.644457032118612,1.5786826853449238,1.9165067097430064,8
,,,,,,3.3325729064039757,3.350252595050624,3.5708952971362047,3.749976573486037,8
,,,,,,6.458247589116349,7.1413415415183605,8.590493449485583,8.646707779324421,8
,,,,,,5.814538791124912,5.321453739115894,7.084509845707894,6.968354996451858,8
,,,,,,3.9067318013523753,3.9383536070012903,5.009275058618525,5.099022506128137,8
,,,,,,6.782384205366307,7.267772541204308,8.819553563911994,10.219195771926579,8
,,,,,,9.029741908365034,9.573921398497376,11.632354009047392,15.595146105919502,8
,,,,,,9.945946053772182,10.438614566155598,12.780365617721214,17.70464614652057,8
,,,,,,4.5505421394191075,4.351247314122753,5.797130236675623,6.210292440563644,8
,,,,,,2.4596539624898313,2.428608350136397,2.097522521996934,2.4379967045405744,8
,,,,,,4.717533778608682,4.7515990706448665,4.84817935962603,5.168613170954491,8
,,,,,,8.54911805261931,9.233920079263942,11.168683795494653,11.729859346729835,8
,,,,,,7.753146025475955,7.09558179835037,8.820627008266264,9.598851132425944,8
,,,,,,5.304571675058675,5.168638009854867,6.230940540630265,6.965083902959626,8
,,,,,,8.86407347898532,11.560125709022918,11.694522242324942,14.270223335569924,8
,,,,,,12.111245668855954,14.237267959310746,14.834930901457025,21.514318139395492,8
,,,,,,13.660774157745598,15.40002115678284,16.116546882793976,23.950887224859525,8
,,,,,,6.14746016370482,6.083476528066529,7.146456350743303,8.447456655458504,8
,,,,,,1.9760018614244066,2.00781945910003,1.937872242463441,2.295732927498682,8
,,,,,,3.8711138247673778,3.8930255103666447,4.079989480988432,4.311868271739132,8
,,,,,,8.461581596364445,8.554579016227835,9.292011791498165,10.507310042652538,8
,,,,,,7.044408356121766,6.592598791157496,8.406170783089877,8.405518296817801,8
,,,,,,4.85229804271797,4.877946804112505,5.844959781451804,6.063420349055183,8
,,,,,,8.039467019554685,8.590689905084865,10.895139089229446,11.305453096408337,8
,,,,,,10.356530411528405,11.577610681413212,14.578823143576791,17.53329727895238,8
,,,,,,11.2458129873028,12.638483683514036,16.08052551113647,19.79480557923233,8
,,,,,,5.520716836436878,5.1869256929063825,7.154858649550931,7.4474925876589815,8
,,,,,,1.7826620027598339,1.644457032118612,1.5786826853449238,1.9165067097430064,8
,,,,,,3.3325729064039757,3.350252595050624,3.5708952971362047,3.749976573486037,8
,,,,,,6.458247589116349,7.1413415415183605,8.590493449485583,8.646707779324421,8
,,,,,,5.814538791124912,5.321453739115894,7.084509845707894,6.968354996451858,8
,,,,,,3.9067318013523753,3.9383536070012903,5.009275058618525,5.099022506128137,8
,,,,,,6.782384205366307,7.267772541204308,8.819553563911994,10.219195771926579,8
,,,,,,9.029741908365034,9.573921398497376,11.632354009047392,15.595146105919502,8
,,,,,,9.945946053772182,10.438614566155598,12.780365617721214,17.70464614652057,8
,,,,,,4.5505421394191075,4.351247314122753,5.797130236675623,6.210292440563644,8
,,,,,,3.1421228652388002,4.265843991001239,2.97232882136523,3.981744253895324,8
,,,,,,5.912820849820892,6.997151624201724,6.546450415747832,6.61476564221318,8
,,,,,,12.424376017659156,14.95636568841347,12.530164550300107,15.268352925880347,8
,,,,,,10.218872684290771,10.042336031754578,13.28109013163675,14.918798661812756,8
,,,,,,7.406103419122857,7.951122859416257,8.39268696855438,9.979468228413609,8
,,,,,,11.706280222797297,12.28785923721401,12.589603025847982,16.694858829240943,8
,,,,,,15.902446894546577,15.717057557786967,16.35963797300848,23.244310056144098,8
,,,,,,18.58879110058268,16.694796008551265,17.518172080854495,25.40714809328441,8
,,,,,,8.410494809044826,7.804627559090944,9.663497048004585,12.047184332993846,8
,,,,,,1.8776394264465237,1.6420338905738179,1.604676346232306,2.1096562743564427,8
,,,,,,3.787211926461514,3.663649626067273,3.9127737681761907,4.323141133501639,8
,,,,,,7.273978053701493,7.962412176892244,9.97605788368233,9.437070485324368,8
,,,,,,6.686686668448899,6.0127377195673,7.46037623286472,7.706064912214748,8
,,,,,,4.323629125457041,4.4087259134087935,5.512338566496516,5.64511466808233,8
,,,,,,7.531058569690745,8.986641656883208,10.284162477924902,12.397878995959548,8
,,,,,,9.838046942964388,12.134605292520291,13.36761067848363,19.886948365173883,8
,,,,,,10.686333092444091,13.468010960819331,14.720044656302825,23.0315803547476,8
,,,,,,5.1576381782260174,5.042976027325897,6.444585581052162,7.033006910120719,8
,,,,,,1.7826620027598339,1.644457032118612,1.5786826853449238,1.9165067097430064,8
,,,,,,3.3325729064039757,3.350252595050624,3.5708952971362047,3.749976573486037,8
,,,,,,6.458247589116349,7.1413415415183605,8.590493449485583,8.646707779324421,8
,,,,,,5.814538791124912,5.321453739115894,7.084509845707894,6.968354996451858,8
,,,,,,3.9067318013523753,3.9383536070012903,5.009275058618525,5.099022506128137,8
,,,,,,6.782384205366307,7.267772541204308,8.819553563911994,10.219195771926579,8
,,,,,,9.029741908365034,9.573921398497376,11.632354009047392,15.595146105919502,8
,,,,,,9.945946053772182,10.438614566155598,12.780365617721214,17.70464614652057,8
,,,,,,4.5505421394191075,4.351247314122753,5.797130236675623,6.210292440563644,8
,,,,,,1.92019155772278,1.7817549829213655,1.7002458256178805,2.107599585860003,8
,,,,,,3.5847577778254447,3.5570334155067176,3.768815767170116,4.021372569340109,8
,,,,,,6.864660985713958,7.648994706510227,9.218834468303806,9.122151858864196,8
,,,,,,6.145494431726464,5.843304273155918,8.009356283811199,7.929339483815272,8
,,,,,,4.194759068472702,4.249996669868798,5.574727408616769,5.679165911899734,8
,,,,,,7.21545273385458,8.609390584438941,10.32291278463017,11.717726667270533,8
,,,,,,9.544372949095157,11.145340463728797,13.379842866469266,18.45768663918677,8
,,,,,,10.533980738592758,12.435514500560654,14.794159482411438,21.489173971684416,8
,,,,,,4.7996647331116975,4.878521011685111,6.6536644078326175,7.247221645606833,8
,,,,,,3.78844915289039,3.920128894003567,3.7316667844073343,3.864160084714019,8
,,,,,,7.412669236794667,8.480325102564018,8.311835292647668,8.645679549087152,8
,,,,,,14.498799456973178,17.228067336559125,18.139946104395328,20.774592358760962,8
,,,,,,13.244426485286281,10.88334117860293,11.144779484984621,12.332639273887166,8
,,,,,,8.82641037557025,9.297120254436491,8.463092423828378,9.230133316505514,8
,,,,,,14.091132614513638,11.876257737639536,13.561453834480222,17.626936408805758,8
,,,,,,20.34040698806548,16.581585468816122,20.04770651235259,25.01654085992157,8
,,,,,,21.11690755029953,17.01626463766229,21.75248333309508,26.217028875705502,8
,,,,,,10.540364583152806,8.231454071561654,8.936005495732244,9.745854639177729,8
,,,,,,318.77613383568604,281.1785584818319,238.08862161374043,164.90937127603542,8
,,,,,,185.55878689622492,169.25847335018557,147.54076336906667,104.00884031032703,8
,,,,,,94.10173921987557,67.85344972254371,56.86976248510982,35.23904959461516,8
,,,,,,89.35594230472792,89.45057088729543,74.46293617739077,47.97946852122783,8
,,,,,,170.9427620572717,145.51021911789528,120.62849213907538,76.60714784046701,8
,,,,,,91.1084112067067,51.42872886893653,36.10455075101003,24.474817298963753,8
,,,,,,145.96863992976637,118.19848608594104,95.07810680026016,60.50500577723223,8
,,,,,,5.662491692980796,5.5098374946497835,6.611668727751037,7.909438800841972,8
,,,,,,7.508290305048802,6.80974416557913,8.735866759554153,10.800282329317085,8
,,,,,,10.042854451746672,12.166305386699374,12.075346887297323,15.970617699794104,8
,,,,,,10.708434748092849,9.547444329378568,11.057496533366674,12.418839579018218,8
,,,,,,7.56363123044067,7.8862900317695575,8.683139569688873,10.035307064662778,8
,,,,,,12.410231282462338,13.353517266394249,18.545346133428186,19.62085386577217,8
,,,,,,9.135699517828977,8.382152031835949,10.743278815205256,11.697963631303892,8
,,,,,,79.08446629827252,84.55977126087865,88.05094665653726,86.64758098211276,8
,,,,,,46.034869210776606,50.90166856155211,54.564152612678825,54.64889195750838,8
,,,,,,23.345492444484773,20.405795586901263,21.031817434224497,18.51549356992681,8
,,,,,,22.168118179735398,26.900770294237937,27.53819975438165,25.20963394623018,8
,,,,,,42.40881192134753,43.75977638965164,44.61134200620393,40.251345299259896,8
,,,,,,22.602884315297953,15.466334178806202,13.352338514491853,12.85969194791633,8
,,,,,,36.21303717511234,35.54622728267214,35.162189832221344,31.790870023575103,8
,,,,,,2.951676489503665,2.2415389087256297,2.433557662618078,2.7392177329817917,8
,,,,,,5.628608357962532,5.002664416109047,5.59031404938098,6.505568456938097,8
,,,,,,8.957989430578737,10.74652127639651,10.942992042537984,14.781315180143991,8
,,,,,,9.26725094376727,8.298601737474545,9.73529771144466,11.384706421886563,8
,,,,,,5.916575434201529,5.842896272865007,6.873846637217479,8.608798750367333,8
,,,,,,10.664239438588613,12.230494962673738,16.857635542709673,18.425222984017285,8
,,,,,,6.999805391675784,6.8541878382771415,8.578500760583992,10.140959610930988,8
,,,,,,362.08013216195076,323.9322442495556,251.9597278646856,187.14050741685156,8
,,,,,,165.25391970544374,135.88049718676524,115.55699945430516,76.12320168558591,8
,,,,,,196.82621245650694,188.05174706279024,136.40272841038052,111.01730573126567,8
,,,,,,362.08013216195076,323.9322442495556,251.9597278646856,187.14050741685156,8
,,,,,,77.28889596380189,89.09476782040082,62.24755274287626,40.31395322839926,8
,,,,,,278.92737975484977,233.57333403668008,183.3872277554005,145.747135486858,8
,,,,,,362.08013216195076,323.9322442495556,251.9597278646856,187.14050741685156,8
,,,,,,316.9434321583541,268.5598563666725,204.3521672579735,149.44667155170876,8
,,,,,,45.13670000359668,55.372387882883075,47.60756060671209,37.69383586514279,8
,,,,,,5.7128776146339435,5.396853782760242,7.052301224055172,7.258475704188802,8
,,,,,,7.713763006757393,7.132287923224146,8.740115100136986,9.857532325396628,8
,,,,,,6.614934189054688,6.63524555693056,8.462518675848983,8.688792208665205,8
,,,,,,5.7128776146339435,5.396853782760242,7.052301224055172,7.258475704188802,8
,,,,,,9.949313201873714,9.463343189155825,11.780629420129777,14.348227375419276,8
,,,,,,6.479922800343507,6.311599948388166,7.545603289670873,8.379594321556132,8
,,,,,,5.7128776146339435,5.396853782760242,7.052301224055172,7.258475704188802,8
,,,,,,6.0327052018078895,5.943553896670257,8.040127373406499,8.393705616698762,8
,,,,,,12.199551741458736,10.919703096297212,11.883815730160425,13.979549202990746,8
,,,,,,100.0,100.0,100.0,100.0,8
,,,,,,45.640151178338925,41.947197168208945,45.863281578222946,40.67703071683089,8
,,,,,,54.35984882166102,58.05280283179102,54.136718421777,59.32296928316907,8
,,,,,,100.0,100.0,100.0,100.0,8
,,,,,,21.345798650236947,27.50413686874674,24.705357983362383,21.542077546365082,8
,,,,,,77.03470999344736,72.105614116246,72.78434109672006,77.88112659233589,8
,,,,,,100.0,100.0,100.0,100.0,8
,,,,,,87.5340577970713,82.90618212115227,81.10509127384053,79.85800274593645,8
,,,,,,12.465942202928709,17.093817878847677,18.894908726159443,20.14199725406352,8
,,,,,,0.0,0.0,0.0,0.0,8
,,,,,,4.669455031135346,4.959239376761478,5.330233257155928,6.79147234002598,8
,,,,,,3.920441983579463,3.583396180613687,4.5156410635376405,4.656829088730778,8
,,,,,,0.0,0.0,0.0,0.0,8
,,,,,,9.16273675363668,7.976420203379504,9.3888129559194,12.982824583425886,8
,,,,,,2.7282206231059627,3.0471294457934084,3.3170955483079725,3.615566478878725,8
,,,,,,0.0,0.0,0.0,0.0,8
,,,,,,1.5909291784453883,2.0581061192955312,2.6161613690678687,3.2910011870615548,8
,,,,,,11.17127645789729,9.981954994507975,11.229692066814938,13.04800008252513,8
,,,,,,33.054185784567004,34.6397369829754,30.21476753702216,28.08361390776597,8
,,,,,,34.328567158670126,33.755502917998555,32.02329645009848,27.6559157232285,8
,,,,,,32.05508454165785,35.30804408146812,28.835161737929315,28.384608459414096,8
,,,,,,33.054185784567004,34.6397369829754,30.21476753702216,28.08361390776597,8
,,,,,,32.534078649731505,36.615911347245486,31.480399706778364,25.419952946170415,8
,,,,,,33.16461956113024,34.14745068530159,29.416871273029187,29.114150865270513,8
,,,,,,33.054185784567004,34.6397369829754,30.21476753702216,28.08361390776597,8
,,,,,,33.24340676887395,33.278553933982906,28.432787018541827,25.87187588763355,8
,,,,,,31.783839603223605,43.21221690352071,41.33468176166252,42.48264275134541,8
,,,,,,4.5505421394191075,4.351247314122753,5.797130236675623,6.210292440563644,8
,,,,,,6.14746016370482,6.083476528066529,7.146456350743303,8.447456655458504,8
,,,,,,5.520716836436878,5.1869256929063825,7.154858649550931,7.4474925876589815,8
,,,,,,4.5505421394191075,4.351247314122753,5.797130236675623,6.210292440563644,8
,,,,,,8.410494809044826,7.804627559090944,9.663497048004585,12.047184332993846,8
,,,,,,5.1576381782260174,5.042976027325897,6.444585581052162,7.033006910120719,8
,,,,,,4.5505421394191075,4.351247314122753,5.797130236675623,6.210292440563644,8
,,,,,,4.7996647331116975,4.878521011685111,6.6536644078326175,7.247221645606833,8
,,,,,,10.540364583152806,8.231454071561654,8.936005495732244,9.745854639177729,8
,,,,,,145.96863992976637,118.19848608594104,95.07810680026016,60.50500577723223,8
,,,,,,64.6504354669715,46.26108189029247,41.87467033342757,21.49712238439289,8
,,,,,,81.31820446279487,71.93740419564858,53.20343646683252,39.00788339283933,8
,,,,,,145.96863992976637,118.19848608594104,95.07810680026016,60.50500577723223,8
,,,,,,29.355526893466156,28.332614298619127,19.180138438451685,12.674351647435842,8
,,,,,,112.26214725008852,88.99887565475986,71.63136582909306,46.75123542820208,8
,,,,,,145.96863992976637,118.19848608594104,95.07810680026016,60.50500577723223,8
,,,,,,127.27280746239374,100.89811943122106,77.77708795994698,48.868628772246645,8
,,,,,,18.695832467372664,17.300366654719976,17.301018840313148,11.636377004985574,8
,,,,,,9.135699517828977,8.382152031835949,10.743278815205256,11.697963631303892,8
,,,,,,11.869117015375625,11.966756510221362,13.535500830512817,16.264341596439117,8
,,,,,,10.757262740625668,10.16412255611842,13.166157937243007,15.24777114961492,8
,,,,,,9.135699517828977,8.382152031835949,10.743278815205256,11.697963631303892,8
,,,,,,16.628890139247833,15.328769100077565,17.670766169464823,23.581608680281025,8
,,,,,,9.96139001838538,9.619427490962993,11.476857471126186,13.476695125475393,8
,,,,,,9.135699517828977,8.382152031835949,10.743278815205256,11.697963631303892,8
,,,,,,9.750558141656326,9.186153798580426,12.363643949292044,13.076307701965902,8
,,,,,,19.3821488078004,18.027141269676083,18.000255746598583,24.155401815612436,8
,,,,,,100.0,100.0,100.0,100.0,8
,,,,,,44.29063358956993,39.13847243073525,44.0423897179587,35.52949397863237,8
,,,,,,55.70936641043005,60.86152756926476,55.95761028204124,64.47050602136763,8
,,,,,,100.0,100.0,100.0,100.0,8
,,,,,,20.110844978476692,23.97036987260458,20.173033607773945,20.947608358389985,8
,,,,,,76.90840121830554,75.29612146643701,75.3394953262753,77.26837610813745,8
,,,,,,100.0,100.0,100.0,100.0,8
,,,,,,87.19188417706138,85.36329251954967,81.80336207507884,80.76791026542749,8
,,,,,,12.808115822938587,14.636707480450331,18.19663792492112,19.23208973457249,8
,,,,,,0.0,0.0,0.0,0.0,8
,,,,,,7.38844434413495,8.69897115773378,8.894972570439165,13.936267733142763,8
,,,,,,5.87403703054402,5.594083100284524,7.00093957735652,7.680233506236108,8
,,,,,,0.0,0.0,0.0,0.0,8
,,,,,,15.576904335084532,13.25627198304758,16.44999277526161,21.29388345380235,8
,,,,,,4.726799017594296,4.25191616474217,5.180691683620658,5.913476701144169,8
,,,,,,0.0,0.0,0.0,0.0,8
,,,,,,2.642928624759134,2.9086040964851856,3.9059341624927546,5.198174118986471,8
,,,,,,17.99186779100877,16.963379410530262,17.55920779729421,21.830475345153623,8
,,,,,,36.21303717511234,35.54622728267214,35.162189832221344,31.790870023575103,8
,,,,,,36.46014586085523,33.93294708409135,37.52046181938456,28.802225497854902,8
,,,,,,36.018955559655865,36.66728507336748,33.50472802366801,33.71906846535541,8
,,,,,,36.21303717511234,35.54622728267214,35.162189832221344,31.790870023575103,8
,,,,,,34.07560412651116,34.72571837330328,31.567169126193388,31.32396457132138,8
,,,,,,36.26278410017583,35.82301324946213,35.60432107442896,31.90297629336519,8
,,,,,,36.21303717511234,35.54622728267214,35.162189832221344,31.790870023575103,8
,,,,,,34.84989788329351,33.735673701039026,33.14193954911976,29.092196074556078,8
,,,,,,49.355019168091054,51.74152757847479,48.43515476325099,52.07952792892059,8
,,,,,,6.999805391675784,6.8541878382771415,8.578500760583992,10.140959610930988,8
,,,,,,9.02577328135295,9.916043001007457,10.85117660954219,14.357153588053292,8
,,,,,,8.418666106378128,8.037510719557613,10.701816490204022,12.559120538825882,8
,,,,,,6.999805391675784,6.8541878382771415,8.578500760583992,10.140959610930988,8
,,,,,,13.775166231924526,12.778626334865764,15.382747641177511,18.79111116290115,8
,,,,,,7.560405470469418,7.772465548873061,9.27178439434941,11.687072451399294,8
,,,,,,6.999805391675784,6.8541878382771415,8.578500760583992,10.140959610930988,8
,,,,,,7.579128903851984,7.561988979563952,9.906738642831176,11.641117972485938,8
,,,,,,13.197030777797202,14.086318134023443,13.451859935886867,14.905521800526525,8
,,,,,,19.891871197389776,35.478730190959524,36.47093242142262,27.294534001019848,8
,,,,,,19.019876187506416,14.693497009532614,14.153118928811887,16.714749789744516,8
,,,,,,5.493775943633542,10.952515787106062,12.00651222258683,11.751116820242219,8
,,,,,,18.108498328065213,13.99462037264547,15.05213970877528,17.793361080285663,8
,,,,,,13.151083277508818,16.55691909560802,20.114129759215796,10.576832098046212,8
,,,,,,22.72026642474092,18.907297955088772,17.833328902117263,24.962898118095044,8
,,,,,,9.009526487221182,14.007725178112375,17.709578983227917,12.967049140627209,8
,,,,,,21.133033305881334,18.199652431160885,18.370956999145946,26.109594711413514,8
,,,,,,57190.335000000014,57214.941999999995,57239.49099999999,57263.98499999998,8
,,,,,,9784.420351353698,8985.93152557204,8840.231434245467,8602.752325909441,8
,,,,,,47310.33118888338,47944.67319985686,48223.97085308403,48470.42186038659,8
,,,,,,27722.579000000027,27732.96800000001,27743.375999999982,27753.721999999994,8
,,,,,,4521.869743868175,4160.286628531645,4078.6595099855713,3983.855653654782,8
,,,,,,23155.31539746456,23432.55495502426,23586.937651329656,23673.110909894476,8
,,,,,,29467.75600000002,29481.973999999995,29496.11499999998,29510.26299999998,8
,,,,,,5262.550607485522,4825.644897040394,4761.571924259901,4618.896672254658,8
,,,,,,24155.015791418817,24512.118244832604,24637.03320175437,24797.310950492094,8
,,,,,,57190.335000000014,57214.941999999995,57239.49099999999,57263.98499999998,8
,,,,,,9784.420351353698,8985.93152557204,8840.231434245467,8602.752325909441,8
,,,,,,47310.33118888338,47944.67319985686,48223.97085308403,48470.42186038659,8
,,,,,,14444.987417047374,14506.55297861287,14478.462832442669,14574.303767882597,8
,,,,,,3347.274341364722,3167.6911870536396,3195.2025546142377,3129.8492456437143,8
,,,,,,11073.851565150166,11257.158206845805,11220.232739948977,11393.91597792197,8
,,,,,,42144.51812737122,42184.26779031474,42221.17061205647,42176.879501326766,8
,,,,,,6330.055731968156,5724.752944923068,5547.167233563798,5392.779044325402,8
,,,,,,35751.98306979657,36260.55264257284,36563.685853565075,36648.23947681398,8
,,,,,,57190.335000000014,57214.941999999995,57239.49099999999,57263.98499999998,8
,,,,,,9784.420351353698,8985.93152557204,8840.231434245467,8602.752325909441,8
,,,,,,47310.33118888338,47944.67319985686,48223.97085308403,48470.42186038659,8
,,,,,,49986.77900000002,49992.979999999996,49999.08399999998,50003.98799999998,8
,,,,,,8270.897730647763,7583.482024150919,7447.869041355669,7266.004506434952,8
,,,,,,41637.97497851895,42164.19459176003,42397.5323996493,42562.42369371848,8
,,,,,,7203.5560000000005,7221.9619999999995,7240.407000000001,7259.9969999999985,8
,,,,,,1513.5226207059336,1402.449501421121,1392.3623928898005,1336.7478194744874,8
,,,,,,5672.3562103644235,5780.4786080968415,5826.438453434713,5907.998166668105,8
,,,,,,0.0,0.0,0.0,0.0,8
,,,,,,2.035441294788279,2.1620695381964214,2.191561028157467,2.25185381398139,8
,,,,,,0.4221305634390004,0.40670911899477064,0.3990126058448425,0.40258548992943255,8
,,,,,,0.0,0.0,0.0,0.0,8
,,,,,,2.2023281316097196,2.3771740810256277,2.4023723908820847,2.4838795955568522,8
,,,,,,0.4314385688141218,0.42429019207080954,0.4159246397318938,0.4199600349351404,8
,,,,,,0.0,0.0,0.0,0.0,8
,,,,,,2.135514885153288,2.204086517369245,2.2446802664873444,2.288863121025137,8
,,,,,,0.4663812765834695,0.4350759985315939,0.42808550753411223,0.429991581492253,8
,,,,,,0.0,0.0,0.0,0.0,8
,,,,,,2.035441294788279,2.1620695381964214,2.191561028157467,2.25185381398139,8
,,,,,,0.4221305634390004,0.40670911899477064,0.3990126058448425,0.40258548992943255,8
,,,,,,1.220940048208251,1.1799483214448172,1.1742906300876876,1.1708676813002692,8
,,,,,,3.3824090654498087,3.6546818582835856,3.5508641962284835,3.7069038161537273,8
,,,,,,1.374755847215413,1.3093565592667782,1.2387216509279928,1.2800185455424498,8
,,,,,,0.4203443606974463,0.40727182165379383,0.4036055446621786,0.4074637183283131,8
,,,,,,2.136267957078464,2.1949019283033784,2.2663847518022893,2.288104930275023,8
,,,,,,0.6102687914056445,0.5832706452532604,0.5852676290152276,0.5749306071994145,8
,,,,,,0.0,0.0,0.0,0.0,8
,,,,,,2.035441294788279,2.1620695381964214,2.191561028157467,2.25185381398139,8
,,,,,,0.4221305634390004,0.40670911899477064,0.3990126058448425,0.40258548992943255,8
,,,,,,0.0,0.0,0.0,0.0,8
,,,,,,2.114825394134681,2.234995613956101,2.2839784617382444,2.349510927407859,8
,,,,,,0.4213898977357887,0.4041228681846528,0.39804878978306557,0.4046082575469714,8
,,,,,,0.0,0.0,0.0,0.0,8
,,,,,,3.0197130654709783,3.116286101872861,3.0913577622192974,3.203287055955537,8
,,,,,,0.8094107023721465,0.7554616025994377,0.7382700678783388,0.7263850509514931,8
,,,,,,100.0,100.0,100.0,100.0,8
,,,,,,17.13716250163242,15.78400856430451,15.49172875445305,15.073197607388494,8
,,,,,,82.86283749836764,84.21599143569553,84.50827124554698,84.92680239261146,8
,,,,,,100.0,100.0,100.0,100.0,8
,,,,,,16.337896071357616,15.07741279901738,14.74271271356744,14.4045285823404,8
,,,,,,83.6621039286424,84.92258720098263,85.25728728643244,85.59547141765952,8
,,,,,,100.0,100.0,100.0,100.0,8
,,,,,,17.889143296644455,16.44857814723061,16.19659131394119,15.70187677313982,8
,,,,,,82.11085670335557,83.55142185276935,83.80340868605876,84.2981232268601,8
,,,,,,100.0,100.0,100.0,100.0,8
,,,,,,17.13716250163242,15.78400856430451,15.49172875445305,15.073197607388494,8
,,,,,,82.86283749836764,84.21599143569553,84.50827124554698,84.92680239261146,8
,,,,,,100.0,100.0,100.0,100.0,8
,,,,,,23.21090851756975,21.95996020861972,22.165147907946377,21.549847422246604,8
,,,,,,76.78909148243025,78.0400397913803,77.83485209205368,78.45015257775347,8
,,,,,,100.0,100.0,100.0,100.0,8
,,,,,,15.042179305491988,13.635134637743398,13.172773351531278,12.827422441284975,8
,,,,,,84.95782069450803,86.36486536225662,86.82722664846874,87.17257755871503,8
,,,,,,100.0,100.0,100.0,100.0,8
,,,,,,17.13716250163242,15.78400856430451,15.49172875445305,15.073197607388494,8
,,,,,,82.86283749836764,84.21599143569553,84.50827124554698,84.92680239261146,8
,,,,,,100.0,100.0,100.0,100.0,8
,,,,,,16.571998688178464,15.243891855897207,14.941938124764977,14.582046371698675,8
,,,,,,83.42800131182155,84.75610814410281,85.05806187523504,85.41795362830126,8
,,,,,,100.0,100.0,100.0,100.0,8
,,,,,,21.062456747277082,19.524760376799,19.288001186495226,18.451272439797826,8
,,,,,,78.9375432527229,80.475239623201,80.71199881350474,81.5487275602022,8
,,,,,,0.0,0.0,0.0,0.0,8
,,,,,,2.0353502458551906,2.160275784194867,2.1853549906877263,2.25203644614757,8
,,,,,,0.4209381305780775,0.40488523495003154,0.4006108070718399,0.39970173626572864,8
,,,,,,0.0,0.0,0.0,0.0,8
,,,,,,2.2022508131266476,2.3751953387520763,2.399862819843678,2.482761612514326,8
,,,,,,0.43006502607936303,0.4216993591576848,0.4149849148502939,0.41781428407696986,8
,,,,,,0.0,0.0,0.0,0.0,8
,,,,,,2.1351653273833975,2.2020281887491997,2.2350263698029176,2.289838125077351,8
,,,,,,0.46517939328755575,0.43350827480676024,0.431961053316934,0.4265190575315888,8
,,,,,,0.0,0.0,0.0,0.0,8
,,,,,,2.0353502458551906,2.160275784194867,2.1853549906877263,2.25203644614757,8
,,,,,,0.4209381305780775,0.40488523495003154,0.4006108070718399,0.39970173626572864,8
,,,,,,0.0,0.0,0.0,0.0,8
,,,,,,2.9400637439111788,3.188539593208898,3.055069712628705,3.230535234658346,8
,,,,,,0.8886880841839367,0.8972343271179344,0.869996797442566,0.8874111663464224,8
,,,,,,0.0,0.0,0.0,0.0,8
,,,,,,2.157987627043257,2.2248992267010954,2.3030004956558865,2.320365834195086,8
,,,,,,0.38208179729257374,0.3512632177938698,0.3493939024513827,0.3414412376816235,8
,,,,,,0.0,0.0,0.0,0.0,8
,,,,,,2.0353502458551906,2.160275784194867,2.1853549906877263,2.25203644614757,8
,,,,,,0.4209381305780775,0.40488523495003154,0.4006108070718399,0.39970173626572864,8
,,,,,,0.0,0.0,0.0,0.0,8
,,,,,,2.114890037087378,2.2334656410301625,2.276434028060154,2.349737940728646,8
,,,,,,0.4200982208510313,0.4017021243806939,0.39989550246603633,0.40113332335431073,8
,,,,,,0.0,0.0,0.0,0.0,8
,,,,,,3.01958653211707,3.110568584379589,3.088074688399113,3.2031701597151567,8
,,,,,,0.8056991401893209,0.7546806512161165,0.7379669581898882,0.7247515326870483,8
,,,,,,17510.984210546754,17568.641876827845,17642.35271667585,17730.060212373726,8
,,,,,,1001.3430519136823,629.210623849595,477.15396220527214,313.87785867863204,8
,,,,,,16509.64115863307,16939.43125297825,17165.198754470577,17416.18235369509,8
,,,,,,5354.650884069969,5380.414495067513,5381.136139062816,5422.605383952341,8
,,,,,,241.2465187275215,158.73717367851188,119.18079885612536,74.08074725396271,8
,,,,,,5113.404365342449,5221.677321389001,5261.95534020669,5348.524636698379,8
,,,,,,12156.33332647678,12188.227381760345,12261.216577613033,12307.454828421383,8
,,,,,,760.0965331861606,470.4734501710833,357.9731633491469,239.7971114246695,8
,,,,,,11396.236793290624,11717.753931589259,11903.243414263887,12067.65771699671,8
,,,,,,0.37821562511871826,0.358588292709295,0.3484426554750403,0.35266802319420487,8
,,,,,,2.88314357418824,3.249923470847767,3.9188040354780456,4.668371986773684,8
,,,,,,0.4328969827055998,0.38464832893105527,0.3654272673227539,0.3665287435441226,8
,,,,,,0.4576760281363,0.4203871400342257,0.4221820449871225,0.421616295958221,8
,,,,,,5.436827837858775,5.984681987198256,7.2792807302111004,9.142989640448292,8
,,,,,,0.5250796481677709,0.4545653084755832,0.45210550967356267,0.4394935518097913,8
,,,,,,0.5615133520029629,0.5404373284337514,0.5286454192478602,0.5323438828041996,8
,,,,,,3.242813350311064,3.807218360200685,4.603080507008578,5.504742562664059,8
,,,,,,0.6264945322982169,0.5744365738181955,0.5491800833795014,0.5491620219236518,8
,,,,,,100.0,100.0,100.0,100.0,8
,,,,,,100.0,100.0,100.0,100.0,8
,,,,,,100.0,100.0,100.0,100.0,8
,,,,,,30.5788116743598,30.62510200156113,30.501238839740907,30.584246860977572,8
,,,,,,24.09229467029022,25.22798688733772,24.977430409527596,23.601775405831095,8
,,,,,,30.972232020128406,30.82557639277846,30.654788304366416,30.71008633280424,8
,,,,,,69.4211883256402,69.37489799843885,69.49876116025906,69.41575313902247,8
,,,,,,75.90770532970977,74.77201311266228,75.02256959047243,76.3982245941689,8
,,,,,,69.0277679798716,69.17442360722151,69.34521169563361,69.2899136671958,8
,,,,,,0.0,0.0,0.0,0.0,8
,,,,,,0.0,0.0,0.0,0.0,8
,,,,,,0.0,0.0,0.0,0.0,8
,,,,,,0.5635428903047708,0.5388174271323779,0.5383137367871791,0.5362709116373391,8
,,,,,,4.62572330261932,5.253482592138078,6.432100151913366,8.26171459661194,8
,,,,,,0.6135804512434918,0.5684588017974654,0.5592627044456926,0.5497269639406867,8
,,,,,,0.24823072506653282,0.2378574836465942,0.23625220913790992,0.2362783835684942,8
,,,,,,1.468155154814226,1.772518679517434,2.1414533627481993,2.5522992636558492,8
,,,,,,0.27530885982681685,0.2533171844040599,0.2472280261621818,0.2436453103863719,8
,,,,,,5861.99221769091,3860.7665466960607,3041.1224693943864,2722.9226943361227,8
,,,,,,5243.134372061,3453.306316422907,2604.4823162388916,2243.6875315504376,8
,,,,,,467.70180820758014,262.8184087359864,178.41836505304124,113.21621667627655,8
,,,,,,3742.825425794594,2516.4693622594,1939.268844127334,1852.9335159196862,8
,,,,,,869.8247599944374,580.6941575481683,425.13452110678514,306.1641694906681,8
,,,,,,229.85791324786481,163.1180842624724,124.09464605866738,97.4408299428585,8
,,,,,,126.61240856323973,71.87862984745605,62.29303518748527,51.117515463447916,8
,,,,,,2498.3526562022016,1669.069488158054,1307.739426925789,1170.609629914947,8
,,,,,,2198.9414752435828,1455.6224371695373,1080.1248712995407,944.4097189151476,8
,,,,,,170.95686202170768,106.19935123194415,70.59842040660394,36.21020688610194,8
,,,,,,1563.2612716828999,1089.8092941332104,814.9945859467248,794.8083478379904,8
,,,,,,342.37736387134845,217.45469391540814,159.33393307124916,112.57515198617612,8
,,,,,,89.47959673408486,73.83805468616815,57.82781333076001,40.48680363201568,8
,,,,,,53.793735737183425,33.0206435866793,29.816118160757863,25.968558691545667,8
,,,,,,3363.639561488708,2191.6970585380054,1733.3830424685982,1552.3130644211767,8
,,,,,,3044.1928968174184,1997.6838792533704,1524.3574449393523,1299.2778126352912,8
,,,,,,296.74494618587244,156.61905750404222,107.81994464643726,77.00600979017459,8
,,,,,,2179.564154111692,1426.660068126188,1124.2742581806087,1058.125168081696,8
,,,,,,527.4473961230893,363.2394636327601,265.800588035536,193.589017504492,8
,,,,,,140.37831651377994,89.28002957630427,66.26683272790741,56.95402631084279,8
,,,,,,72.81867282605627,38.85798626077678,32.47691702672738,25.148956771902238,8
,,,,,,5861.99221769091,3860.7665466960607,3041.1224693943864,2722.9226943361227,8
,,,,,,5243.134372061,3453.306316422907,2604.4823162388916,2243.6875315504376,8
,,,,,,467.70180820758014,262.8184087359864,178.41836505304124,113.21621667627655,8
,,,,,,3742.825425794594,2516.4693622594,1939.268844127334,1852.9335159196862,8
,,,,,,869.8247599944374,580.6941575481683,425.13452110678514,306.1641694906681,8
,,,,,,229.85791324786481,163.1180842624724,124.09464605866738,97.4408299428585,8
,,,,,,126.61240856323973,71.87862984745605,62.29303518748527,51.117515463447916,8
,,,,,,5092.713124210044,3312.072201586739,2605.611526011616,2325.9176916058814,8
,,,,,,4541.709444657799,2950.284315937803,2210.5981640354817,1902.0564609720805,8
,,,,,,415.5942386972224,228.9421621747117,154.53758317541838,96.46145789445137,8
,,,,,,3342.2615599375968,2207.3729995765666,1695.462076960668,1620.7063686674608,8
,,,,,,680.1462709066652,451.0041649986683,334.6389245594522,229.65857243645456,8
,,,,,,173.61540861288728,133.40919200467403,105.86364166469023,80.37456678473134,8
,,,,,,106.88564850696622,61.72691407556524,51.9461462271102,42.33401828022613,8
,,,,,,769.2790934808654,548.6943451093209,435.51094338277,397.0050027302418,8
,,,,,,701.4249274032022,503.02200048510383,393.8841522034104,341.6310705783574,8
,,,,,,52.10756951035775,33.87624656127471,23.880781877622834,16.75475878182517,8
,,,,,,400.56386585699596,309.0963626828321,243.8067671666661,232.22714725222508,8
,,,,,,189.67848908777208,129.68999254950006,90.49559654733298,76.5055970542135,8
,,,,,,56.242504634977614,29.708892257798453,18.23100439397713,17.066263158127125,8
,,,,,,19.72676005627349,10.15171577189081,10.346888960375065,8.783497183221776,8
,,,,,,5861.99221769091,3860.7665466960607,3041.1224693943864,2722.9226943361227,8
,,,,,,5243.134372061,3453.306316422907,2604.4823162388916,2243.6875315504376,8
,,,,,,467.70180820758014,262.8184087359864,178.41836505304124,113.21621667627655,8
,,,,,,3742.825425794594,2516.4693622594,1939.268844127334,1852.9335159196862,8
,,,,,,869.8247599944374,580.6941575481683,425.13452110678514,306.1641694906681,8
,,,,,,229.85791324786481,163.1180842624724,124.09464605866738,97.4408299428585,8
,,,,,,126.61240856323973,71.87862984745605,62.29303518748527,51.117515463447916,8
,,,,,,1461.6783823317792,905.6007774550455,717.7733254693793,659.034930388699,8
,,,,,,1312.7028283914296,806.5879940832399,618.0474800966766,549.1127244888542,8
,,,,,,118.87726641526497,59.65231924643689,51.3347553723623,37.381395206068525,8
,,,,,,917.6666089883241,578.6997585324052,454.1086531282684,431.49758116698973,8
,,,,,,237.29555223609748,128.3297656346993,109.0903841120893,75.4391987857435,8
,,,,,,47.08167726263248,37.5034329453257,26.196913071519376,18.04995481882658,8
,,,,,,29.598614015434,18.79002919646591,16.071733419957663,7.3942353469554964,8
,,,,,,4333.170819087429,2892.330281640715,2283.7345690716484,2024.044019503986,8
,,,,,,3869.0679483607655,2587.1093429932253,1954.499698744037,1663.961193008876,8
,,,,,,341.2674753137637,197.5240830524033,126.62334149372856,71.67919874288445,8
,,,,,,2781.5566650623573,1898.3741600260857,1464.923738233521,1393.8481943640784,8
,,,,,,625.5322725488186,439.2399757176172,313.1793538955419,226.92327370460572,8
,,,,,,181.4536331723453,123.65456767568016,95.26736498114738,77.86759966537393,8
,,,,,,95.57470952876128,51.50332222288221,45.6146368468611,42.504452535242834,8
,,,,,,1.695447627930095,1.8998803483132412,2.1791655277009885,2.143520216424398,8
,,,,,,1.8088740828082248,1.9934014806043718,2.290708238142142,2.312221609459324,8
,,,,,,5.654007950148097,6.721056074876524,8.736962213001712,10.1084812447096,8
,,,,,,2.121168022221629,2.2892022437096724,2.6000748254341577,2.53517979056,8
,,,,,,4.102847416378743,4.606531120921549,5.333433001809456,5.7788495188418825,8
,,,,,,7.82485766266638,9.554029635753272,10.103600167582147,11.187637192992387,8
,,,,,,9.768106939417324,11.606792051240744,14.107649899905203,16.842227570889943,8
,,,,,,2.1443609978959617,2.6560277601321736,2.950049384098764,2.8492895648855385,8
,,,,,,2.2917556406833723,2.854103285325074,3.0805012024901095,3.1506947815341126,8
,,,,,,7.448269033255553,9.254148310537651,12.323589487868771,14.22850718842369,8
,,,,,,2.6729785636816374,3.17120658648843,3.5009471737137603,3.445865408804315,8
,,,,,,6.125052783417139,6.990974224993324,8.056704654782546,8.677544461032298,8
,,,,,,9.738775905938427,12.155512499440043,12.633351977616458,13.525170518098367,8
,,,,,,12.630946456960125,15.899345936239161,18.895713333391466,18.990860382396065,8
,,,,,,1.9030258550054486,2.043268810815365,2.3647439722163273,2.432467419054617,8
,,,,,,2.0362222977689406,2.121031710440804,2.503484693036622,2.6579754596915843,8
,,,,,,6.32140182344899,7.642500985745031,9.135895119570224,11.475121076565447,8
,,,,,,2.4186640683562746,2.4935267813950777,2.871225256397524,2.9302443199252046,8
,,,,,,4.431035714528489,5.058958401598626,5.917119692523769,6.517491718648581,8
,,,,,,9.071133436167452,10.185711463563713,10.942361783679061,12.710859463379789,8
,,,,,,11.966580442812852,13.82991838321734,15.33284225624873,20.691387898835213,8
,,,,,,1.695447627930095,1.8998803483132412,2.1791655277009885,2.143520216424398,8
,,,,,,1.8088740828082248,1.9934014806043718,2.290708238142142,2.312221609459324,8
,,,,,,5.654007950148097,6.721056074876524,8.736962213001712,10.1084812447096,8
,,,,,,2.121168022221629,2.2892022437096724,2.6000748254341577,2.53517979056,8
,,,,,,4.102847416378743,4.606531120921549,5.333433001809456,5.7788495188418825,8
,,,,,,7.82485766266638,9.554029635753272,10.103600167582147,11.187637192992387,8
,,,,,,9.768106939417324,11.606792051240744,14.107649899905203,16.842227570889943,8
,,,,,,1.757233461827443,2.0165355707508312,2.3120466308916754,2.311373736368309,8
,,,,,,1.8741016380295576,2.1133222085232624,2.449081844363828,2.514318874833996,8
,,,,,,6.0141181362367,7.251738450983615,9.706989917670336,10.92322817175138,8
,,,,,,2.191584861744763,2.422614502705663,2.751728031709799,2.7198192319155092,8
,,,,,,4.6020443995241616,5.363421694424453,6.150779933498206,6.738525731245037,8
,,,,,,8.795354418145727,10.689340181422008,10.694754044481465,12.680568235788977,8
,,,,,,9.916530565398338,12.52933703713259,15.994004023069047,18.568014511577157,8
,,,,,,3.4212662032028907,3.7035394663646275,4.100474113741693,4.6626013633286805,8
,,,,,,3.59826913840253,3.90064567277004,4.278500674510453,5.0492388312634295,8
,,,,,,12.712921145267314,14.775305933478228,17.77373467956179,20.109738642918455,8
,,,,,,4.509742832620519,4.909851809119206,5.460962962811628,6.357970482703864,8
,,,,,,6.33705912361936,7.837488329954337,8.967378686294342,9.788161097774829,8
,,,,,,11.627461622161258,14.618120841923485,18.915110828420268,18.017346501277977,8
,,,,,,22.7118227478389,22.229664816422094,24.601013445235903,33.65172533992293,8
,,,,,,1.695447627930095,1.8998803483132412,2.1791655277009885,2.143520216424398,8
,,,,,,1.8088740828082248,1.9934014806043718,2.290708238142142,2.312221609459324,8
,,,,,,5.654007950148097,6.721056074876524,8.736962213001712,10.1084812447096,8
,,,,,,2.121168022221629,2.2892022437096724,2.6000748254341577,2.53517979056,8
,,,,,,4.102847416378743,4.606531120921549,5.333433001809456,5.7788495188418825,8
,,,,,,7.82485766266638,9.554029635753272,10.103600167582147,11.187637192992387,8
,,,,,,9.768106939417324,11.606792051240744,14.107649899905203,16.842227570889943,8
,,,,,,3.043081391470268,3.28296043807534,3.700697245990746,3.9961541714818534,8
,,,,,,3.1877801675976847,3.4425675606947723,3.9546152686270917,4.335527527432716,8
,,,,,,9.686160627075632,11.698854326097857,15.082108145009729,17.322868837422632,8
,,,,,,3.739345050510533,4.01072043393284,4.495836815720112,4.892800596304206,8
,,,,,,7.39643696783112,8.471164269253121,9.11234151399327,11.502324399234752,8
,,,,,,13.790348630546283,14.967119459101458,19.2600057973581,21.05059441697186,8
,,,,,,16.43516638701045,20.002713567783086,23.38014768566238,27.474952103846384,8
,,,,,,1.9499478524263159,2.1971259617145553,2.4449923190865817,2.3831720358164015,8
,,,,,,2.077541282817829,2.279422060829139,2.598273132217149,2.6076020768688384,8
,,,,,,6.387871259199232,7.591841712558682,9.250682735203437,11.586084185481923,8
,,,,,,2.399968746441051,2.6339569070698334,2.913977147320503,2.839150279759089,8
,,,,,,4.458169426119052,5.197670447543088,6.0964356094763845,6.497982108676744,8
,,,,,,8.574762193263101,10.391002228986746,11.05574409179052,12.389598419071262,8
,,,,,,11.308908439232463,13.345843665561857,17.09818075410596,19.362009357351276,8
,,,,,,100.0,100.0,100.0,100.0,8
,,,,,,89.44287500481046,89.44613134866064,85.65782556659866,82.41611846655734,8
,,,,,,7.978547067942234,6.807415199991808,5.850269372521232,4.116402326675776,8
,,,,,,63.849034369222046,65.18056276707344,63.46107145815936,67.69067290425201,8
,,,,,,14.838381350445887,15.04090316067182,13.73671552494791,11.085529770472268,8
,,,,,,3.9211569158037474,4.225018070622904,4.0236818976978155,3.5643078712906973,8
,,,,,,2.1598870121515343,1.8617709456938771,2.187738247854599,1.9100993715473829,8
,,,,,,100.0,100.0,100.0,100.0,8
,,,,,,88.01565582763804,87.21161386611462,82.8811010494884,80.66340017947157,8
,,,,,,6.842783447617151,6.3627878878274435,5.417534225403855,3.013935960197833,8
,,,,,,62.57168169601991,65.29442314207651,61.73789645490794,67.64521555462045,8
,,,,,,13.704124716796528,13.028498541147382,12.01558600692949,9.370128700537727,8
,,,,,,3.5815438830042776,4.423905368233296,4.35969707654404,3.3698960562093703,8
,,,,,,2.1531682328209194,1.978386389599639,2.462493680233,2.2322011678727613,8
,,,,,,100.0,100.0,100.0,100.0,8
,,,,,,90.50294602523027,91.14781039063608,87.76864857330558,83.7445747619674,8
,,,,,,8.822138661448507,7.146017598276859,6.1792279345671,4.952006311535569,8
,,,,,,64.79779162625384,65.0938533027852,64.77100242863635,67.72512687368668,8
,,,,,,15.680853625399951,16.57343391586529,15.045091549205683,12.385701833089795,8
,,,,,,4.173405442158913,4.0735570287190805,3.7682483587418103,3.7116604729893448,8
,,,,,,2.1648774042194807,1.7729633805639813,1.978873420138228,1.665965352838189,8
,,,,,,100.0,100.0,100.0,100.0,8
,,,,,,89.44287500481046,89.44613134866064,85.65782556659866,82.41611846655734,8
,,,,,,7.978547067942234,6.807415199991808,5.850269372521232,4.116402326675776,8
,,,,,,63.849034369222046,65.18056276707344,63.46107145815936,67.69067290425201,8
,,,,,,14.838381350445887,15.04090316067182,13.73671552494791,11.085529770472268,8
,,,,,,3.9211569158037474,4.225018070622904,4.0236818976978155,3.5643078712906973,8
,,,,,,2.1598870121515343,1.8617709456938771,2.187738247854599,1.9100993715473829,8
,,,,,,100.0,100.0,100.0,100.0,8
,,,,,,89.18054745842939,89.0766908560867,84.85149801907268,81.7250740516489,8
,,,,,,8.160566451731704,6.912354207285418,5.88626862867689,4.079317738613362,8
,,,,,,65.62831006617972,66.64628260576761,64.67299832885365,69.38450100240287,8
,,,,,,13.35528340823569,13.616978663164481,12.605507608804597,9.66603720360159,8
,,,,,,3.4090946098562642,4.027967504475315,4.015015861339624,3.454788687632932,8
,,,,,,2.098795787236608,1.8636946998315231,2.1668213041017976,1.8582638943589909,8
,,,,,,100.0,100.0,100.0,100.0,8
,,,,,,91.17951252637924,91.67617726858157,90.4899907099656,86.44041432190716,8
,,,,,,6.7735585110703225,6.173974064654388,5.634532788404461,4.332364355768652,8
,,,,,,52.070031442620945,56.33306875456283,56.19822796627173,57.82666814854147,8
,,,,,,24.65665461276312,23.636108829162588,20.515825923768027,19.351942073818638,8
,,,,,,7.311066310211191,5.414470282517547,4.075615778599804,4.202092632106177,8
,,,,,,2.5643177129659205,1.850158628820605,2.313089448887203,2.211963175825398,8
,,,,,,100.0,100.0,100.0,100.0,8
,,,,,,89.44287500481046,89.44613134866064,85.65782556659866,82.41611846655734,8
,,,,,,7.978547067942234,6.807415199991808,5.850269372521232,4.116402326675776,8
,,,,,,63.849034369222046,65.18056276707344,63.46107145815936,67.69067290425201,8
,,,,,,14.838381350445887,15.04090316067182,13.73671552494791,11.085529770472268,8
,,,,,,3.9211569158037474,4.225018070622904,4.0236818976978155,3.5643078712906973,8
,,,,,,2.1598870121515343,1.8617709456938771,2.187738247854599,1.9100993715473829,8
,,,,,,100.0,100.0,100.0,100.0,8
,,,,,,89.80791152546885,89.06661899628054,85.88341276497432,83.36226354281159,8
,,,,,,8.132929093855992,6.587043731794733,7.1918973098404475,5.534149499143202,8
,,,,,,62.78170492775526,63.902303635238646,62.67960018339052,65.61361016210391,8
,,,,,,16.234457258480187,14.170677502655932,14.818102650539844,11.069112582255931,8
,,,,,,3.221069547975681,4.141276584448093,3.6176825144224765,2.662246607389364,8
,,,,,,2.0249744658750473,2.074868933888328,2.314877192981056,1.0849482077295638,8
,,,,,,100.0,100.0,100.0,100.0,8
,,,,,,89.28953207470362,89.44723081644916,85.66078211356982,82.20488441311717,8
,,,,,,7.8756986410619945,6.8292367682281085,5.505936389820214,3.5175776268020646,8
,,,,,,64.19217661140249,65.63476419260131,63.893243941367196,68.37193966015815,8
,,,,,,14.43590152950759,15.186369914450157,13.511897227166958,11.114444898129673,8
,,,,,,4.187548581584871,4.275257513313293,4.1118366213269715,3.8479811181935055,8
,,,,,,2.205652939130828,1.780686063061451,2.1598873880058274,2.161054137262976,8
,,,,,,0.0,0.0,0.0,0.0,8
,,,,,,0.5503797554278282,0.6445831844514744,0.947157288456576,1.1090781053737075,8
,,,,,,5.314062038908533,6.490610457766293,8.298275662855033,9.783876423545996,8
,,,,,,1.1629344338085232,1.252502647153301,1.4303587117530558,1.3844279004041233,8
,,,,,,3.6910552598345547,4.127620583390044,4.856012536644158,5.408754630062532,8
,,,,,,7.640490338657431,9.26479348366797,9.746750160111327,10.857721114258746,8
,,,,,,9.633290753355055,11.537616424369869,13.315673341246855,16.13224449651837,8
,,,,,,0.0,0.0,0.0,0.0,8
,,,,,,0.8440918905006851,1.023330093610416,1.3906143408968488,1.5289519697149345,8
,,,,,,7.1546575811054725,8.964753078085895,11.466399810305504,14.138038111269843,8
,,,,,,1.6139045381496488,1.725091096296567,2.104816076599316,1.9415958351898934,8
,,,,,,5.557451745861718,6.33998634209856,7.345856754498811,8.371696893106105,8
,,,,,,9.580166852664597,11.805477943709556,12.223360607838377,13.259877419393135,8
,,,,,,12.525183871475164,15.885030905014618,17.953298115914805,18.29222536337555,8
,,,,,,0.0,0.0,0.0,0.0,8
,,,,,,0.5425580121545384,0.6816481862765655,1.0191244846555165,1.1896282360179649,8
,,,,,,5.885168348342511,7.40821342428686,8.925659796168137,10.987239903481907,8
,,,,,,1.3037398587424,1.4853022003371863,1.6141514383866258,1.6270555120694725,8
,,,,,,3.959172225679412,4.542383438386099,5.391731155893615,6.023586838048033,8
,,,,,,8.858358939589223,9.965045536790615,10.623130291354265,12.354683685512615,8
,,,,,,11.785679846171833,13.665588154503123,14.490205632082775,19.84172055731429,8
,,,,,,0.0,0.0,0.0,0.0,8
,,,,,,0.5503797554278282,0.6445831844514744,0.947157288456576,1.1090781053737075,8
,,,,,,5.314062038908533,6.490610457766293,8.298275662855033,9.783876423545996,8
,,,,,,1.1629344338085232,1.252502647153301,1.4303587117530558,1.3844279004041233,8
,,,,,,3.6910552598345547,4.127620583390044,4.856012536644158,5.408754630062532,8
,,,,,,7.640490338657431,9.26479348366797,9.746750160111327,10.857721114258746,8
,,,,,,9.633290753355055,11.537616424369869,13.315673341246855,16.13224449651837,8
,,,,,,0.0,0.0,0.0,0.0,8
,,,,,,0.5799727010724067,0.6804850508010748,1.053393433129868,1.2209151159691198,8
,,,,,,5.660175667433928,6.971444175611623,9.223547901022549,10.635194132941963,8
,,,,,,1.1837855217775324,1.3238910036396985,1.497523366067724,1.4505515444359363,8
,,,,,,4.180320108820293,4.865070840706983,5.632358004911608,6.390352060713211,8
,,,,,,8.623300459699761,10.405635204866256,10.3396204962112,12.27739049165405,8
,,,,,,9.78301944081023,12.457408513277619,14.887137501566533,17.719256376546426,8
,,,,,,0.0,0.0,0.0,0.0,8
,,,,,,1.0776557829804292,1.167200550416378,1.3586051081068913,1.7533904300711063,8
,,,,,,12.246079151700972,14.401261985468725,16.66024509765986,19.443894787921245,8
,,,,,,3.169791702109368,3.3549238746861785,3.621956163678884,3.849287844001555,8
,,,,,,5.496179218092386,6.804742545163772,7.937602688482216,8.572267253709882,8
,,,,,,11.202052120549057,14.318210807782275,18.650396494877313,17.729210876515687,8
,,,,,,22.30721529373013,22.151990410848654,24.37541878822748,32.40995761456035,8
,,,,,,0.0,0.0,0.0,0.0,8
,,,,,,0.5503797554278282,0.6445831844514744,0.947157288456576,1.1090781053737075,8
,,,,,,5.314062038908533,6.490610457766293,8.298275662855033,9.783876423545996,8
,,,,,,1.1629344338085232,1.252502647153301,1.4303587117530558,1.3844279004041233,8
,,,,,,3.6910552598345547,4.127620583390044,4.856012536644158,5.408754630062532,8
,,,,,,7.640490338657431,9.26479348366797,9.746750160111327,10.857721114258746,8
,,,,,,9.633290753355055,11.537616424369869,13.315673341246855,16.13224449651837,8
,,,,,,0.0,0.0,0.0,0.0,8
,,,,,,1.0128292581134937,1.1355773748372844,1.3672769717367286,1.6737353413329,8
,,,,,,9.234777965631531,11.258580381201378,14.07299730963148,16.533061487057516,8
,,,,,,2.189652782750069,2.35351388725556,2.5776938338674085,2.743605860844,8
,,,,,,6.444786906223962,7.780367254314487,8.26423931139907,10.717558788957088,8
,,,,,,13.646414590668579,14.510273232086165,18.831393331663442,20.86230087464886,8
,,,,,,16.345713195342668,19.827949700724048,22.38543901756659,27.494697016649678,8
,,,,,,0.0,0.0,0.0,0.0,8
,,,,,,0.589269138000894,0.7371001570835093,1.094710846608058,1.2026387203584088,8
,,,,,,5.9755530489649695,7.305860614015054,8.955673433284533,11.316491842867169,8
,,,,,,1.2558673631836563,1.4280631362748777,1.6199616310487177,1.5292080666888241,8
,,,,,,4.050984964678308,4.690838144238809,5.589554712044041,6.093654276810643,8
,,,,,,8.359152381383575,10.09021829526697,10.649058888594858,11.96074241569719,8
,,,,,,11.106577513940096,13.259919063026166,16.0139620203822,18.35276172550279,8
,,,,,,57190.335000000014,57214.941999999995,57239.49099999999,57263.98499999998,8
,,,,,,27722.579000000027,27732.96800000001,27743.375999999982,27753.721999999994,8
,,,,,,29467.75600000002,29481.973999999995,29496.11499999998,29510.26299999998,8
,,,,,,57190.335000000014,57214.941999999995,57239.49099999999,57263.98499999998,8
,,,,,,8277.446000000004,8274.021000000006,8270.877000000006,8267.586000000001,8
,,,,,,9197.669000000009,9182.011999999992,9167.864999999983,9154.151999999993,8
,,,,,,9752.949,9750.548999999999,9747.578999999998,9743.446,8
,,,,,,22758.71500000001,22786.39800000002,22812.762999999988,22838.803999999996,8
,,,,,,7203.5560000000005,7221.9619999999995,7240.407000000001,7259.9969999999985,8
,,,,,,57190.335000000014,57214.941999999995,57239.49099999999,57263.98499999998,8
,,,,,,14444.987417047374,14506.55297861287,14478.462832442669,14574.303767882597,8
,,,,,,42144.51812737122,42184.26779031474,42221.17061205647,42176.879501326766,8
,,,,,,57190.335000000014,57214.941999999995,57239.49099999999,57263.98499999998,8
,,,,,,27359.41157547399,27619.090468049897,27749.424843486042,27744.639821522578,8
,,,,,,8786.778359754222,8696.799802439178,8637.75441694623,8662.228176030127,8
,,,,,,15875.02850231902,15726.253480079127,15630.821128647744,15634.919510458432,8
,,,,,,5169.116562452791,5172.798249431815,5221.490610919985,5222.197491988828,8
,,,,,,0.0,0.0,0.0,0.0,8
,,,,,,0.0,0.0,0.0,0.0,8
,,,,,,0.0,0.0,0.0,0.0,8
,,,,,,0.0,0.0,0.0,0.0,8
,,,,,,0.0,0.0,0.0,0.0,8
,,,,,,0.0,0.0,0.0,0.0,8
,,,,,,0.0,0.0,0.0,0.0,8
,,,,,,0.0,0.0,0.0,0.0,8
,,,,,,0.0,0.0,0.0,0.0,8
,,,,,,0.0,0.0,0.0,0.0,8
,,,,,,1.220940048208251,1.1799483214448172,1.1742906300876876,1.1708676813002692,8
,,,,,,0.4203443606974463,0.40727182165379383,0.4036055446621786,0.4074637183283131,8
,,,,,,0.0,0.0,0.0,0.0,8
,,,,,,0.5384093297122261,0.5237381244044106,0.5136542707996137,0.5123302993492987,8
,,,,,,0.9859398334960275,0.9892870507221229,0.9977384425982236,1.0042687679915991,8
,,,,,,0.7227831625949009,0.7000192889300533,0.7030740907614387,0.7013171980009769,8
,,,,,,2.332543280479283,2.329142429245951,2.2659950140966867,2.294002128292325,8
,,,,,,100.0,100.0,100.0,100.0,8
,,,,,,48.47423782357631,48.47154786943592,48.46894253479647,48.46627771364497,8
,,,,,,51.5257621764237,51.52845213056408,51.531057465203524,51.53372228635503,8
,,,,,,100.0,100.0,100.0,100.0,8
,,,,,,14.47350500744575,14.461294044482296,14.449599141264201,14.437671426464643,8
,,,,,,16.08255835535847,16.04827634012108,16.01667806584793,15.98588013041705,8
,,,,,,17.05349164329952,17.041962569847577,17.029464849713634,17.01496324434983,8
,,,,,,39.7946873365928,39.8259566530715,39.85493686517932,39.883364736142624,8
,,,,,,12.595757657303459,12.622510392477546,12.64932107799491,12.678120462625856,8
,,,,,,100.0,100.0,100.0,100.0,8
,,,,,,25.25774226894698,25.35448341206544,25.294534559090803,25.45108198090402,8
,,,,,,73.69167907019813,73.72946002517087,73.7623096824122,73.65341322530512,8
,,,,,,100.0,100.0,100.0,100.0,8
,,,,,,47.83922244112398,48.27251326768779,48.47951014009898,48.45041752075511,8
,,,,,,15.36409667779394,15.200224798688392,15.090550712525088,15.126834389940083,8
,,,,,,27.758236601200213,27.486270072735763,27.307757032024842,27.303233455475418,8
,,,,,,9.03844427988189,9.040991860888042,9.122182115351071,9.119514633829318,8
,,,,,,0.0,0.0,0.0,0.0,8
,,,,,,0.0,0.0,0.0,0.0,8
,,,,,,0.0,0.0,0.0,0.0,8
,,,,,,0.0,0.0,0.0,0.0,8
,,,,,,0.0,0.0,0.0,0.0,8
,,,,,,0.0,0.0,0.0,0.0,8
,,,,,,0.0,0.0,0.0,0.0,8
,,,,,,0.0,0.0,0.0,0.0,8
,,,,,,0.0,0.0,0.0,0.0,8
,,,,,,0.0,0.0,0.0,0.0,8
,,,,,,1.220940048208251,1.1799483214448176,1.1742906300876872,1.1708676813002705,8
,,,,,,0.4203443606974466,0.4072718216537942,0.4036055446621786,0.40746371832831324,8
,,,,,,0.0,0.0,0.0,0.0,8
,,,,,,0.5384093297122261,0.5237381244044111,0.5136542707996136,0.5123302993492989,8
,,,,,,0.985939833496027,0.9892870507221223,0.9977384425982238,1.0042687679915987,8
,,,,,,0.7227831625949013,0.7000192889300535,0.7030740907614395,0.7013171980009775,8
,,,,,,2.332543280479283,2.329142429245951,2.2659950140966854,2.2940021282923264,8
,,,,,,,,3623.8744593481197,4754.144504857967,8
,,,,,,,,1723.401654984177,2276.522104639307,8
,,,,,,,,1900.472804363944,2477.6224002186564,8
,,,,,,,,3623.8744593481197,4754.144504857967,8
,,,,,,,,136.96491218429554,216.28889014155493,8
,,,,,,,,293.78043710054203,376.76837717366976,8
,,,,,,,,693.0915660189091,859.6040795870155,8
,,,,,,,,2081.728194431106,2704.5570581975344,8
,,,,,,,,418.3093496132675,596.9260997581902,8
,,,,,,,,3623.8744593481197,4754.144504857967,8
,,,,,,,,3205.565109734853,4157.218405099776,8
,,,,,,,,418.3093496132675,596.9260997581902,8
,,,,,,,,3623.8744593481197,4754.144504857967,8
,,,,,,,,1036.689645701801,1280.8395993525814,8
,,,,,,,,2552.4135535984697,3428.53431438094,8
,,,,,,,,3623.8744593481197,4754.144504857967,8
,,,,,,,,938.4500216896184,1274.6633874740098,8
,,,,,,,,451.9475685871553,627.5571110277124,8
,,,,,,,,1363.0391310405607,1750.9893252600714,8
,,,,,,,,870.4377380307864,1100.934681096172,8
,,,,,,,,734.1730298338063,939.2773174863722,8
,,,,,,,,1265.5162777727649,1711.960952961181,8
,,,,,,,,1006.966957372753,1310.267068161895,8
,,,,,,,,397.1627786353283,516.7292275340066,8
,,,,,,,,217.9843403297832,271.18499897835466,8
,,,,,,,,2.107908255470975,1.8880843263285356,8
,,,,,,,,2.4647777839430103,2.166624296584401,8
,,,,,,,,2.4064909837516706,2.1220663403714246,8
,,,,,,,,2.107908255470975,1.8880843263285356,8
,,,,,,,,8.27411140109906,7.049266135293719,8
,,,,,,,,7.187946831576836,6.118491111394989,8
,,,,,,,,3.7679189332882554,3.478622216171718,8
,,,,,,,,2.2284818041561025,1.970188611413094,8
,,,,,,,,4.273600246540003,3.6129401937611965,8
,,,,,,,,2.107908255470975,1.8880843263285356,8
,,,,,,,,2.235136733139539,1.9778985129586808,8
,,,,,,,,4.273600246540003,3.6129401937611965,8
,,,,,,,,2.107908255470975,1.8880843263285356,8
,,,,,,,,3.4716682673516672,3.0590434268793487,8
,,,,,,,,2.4800245609803913,2.218263847253395,8
,,,,,,,,2.107908255470975,1.8880843263285356,8
,,,,,,,,4.106885970168098,3.345884177996565,8
,,,,,,,,4.516383756649782,4.151806425631885,8
,,,,,,,,2.9381903712425275,2.5505115356913777,8
,,,,,,,,3.97330930179092,3.871269341224856,8
,,,,,,,,4.67731598744768,4.19799971792146,8
,,,,,,,,3.4015758765437965,2.9045711556184886,8
,,,,,,,,4.079192811676456,3.5784712188816687,8
,,,,,,,,6.389332535134051,6.20695232203508,8
,,,,,,,,10.604523135902289,9.660554265662395,8
,,,,,,,,100.0,100.0,8
,,,,,,,,47.55688074509596,47.885000178540395,8
,,,,,,,,52.44311925490406,52.114999821459506,8
,,,,,,,,100.0,100.0,8
,,,,,,,,3.779515921998397,4.549480772419573,8
,,,,,,,,8.106805034117782,7.925051011568396,8
,,,,,,,,19.125705754817616,18.08115169214228,8
,,,,,,,,57.44482094464104,56.8884066404358,8
,,,,,,,,11.543152344425167,12.555909883433877,8
,,,,,,,,100.0,100.0,8
,,,,,,,,88.45684765557483,87.44409011656606,8
,,,,,,,,11.543152344425167,12.555909883433877,8
,,,,,,,,100.0,100.0,8
,,,,,,,,28.607217422434804,26.941536969348956,8
,,,,,,,,70.43327748328268,72.11674594403962,8
,,,,,,,,100.0,100.0,8
,,,,,,,,25.89631711078732,26.811624808028206,8
,,,,,,,,12.471391425310406,13.200211108148906,8
,,,,,,,,37.612758011648964,36.83079728583856,8
,,,,,,,,24.01953345225333,23.15736679798425,8
,,,,,,,,20.270924509276732,19.77667596234535,8
,,,,,,,,34.94160625568018,36.0456878885425,8
,,,,,,,,27.80291613389804,27.58794101460459,8
,,,,,,,,10.965884575511831,10.8798395351023,8
,,,,,,,,6.018668525633236,5.709855599405211,8
,,,,,,,,0.0,0.0,8
,,,,,,,,1.278794800831076,1.0586684928673578,8
,,,,,,,,1.1596467316326775,0.972739924084083,8
,,,,,,,,0.0,0.0,8
,,,,,,,,7.63594848052811,6.405450248791753,8
,,,,,,,,6.21652156506746,5.372473618014697,8
,,,,,,,,3.121881860325939,2.907187355595086,8
,,,,,,,,1.2960035778108934,1.1158173932676314,8
,,,,,,,,3.9963279998560517,3.2267101470253023,8
,,,,,,,,0.0,0.0,8
,,,,,,,,0.5214997384967635,0.46331640905639726,8
,,,,,,,,3.9963279998560517,3.2267101470253023,8
,,,,,,,,0.0,0.0,8
,,,,,,,,2.8882654132518852,2.6051619429339055,8
,,,,,,,,1.1913170295589517,0.9788255898699438,8
,,,,,,,,0.0,0.0,8
,,,,,,,,3.3234759052819425,2.7068024627682683,8
,,,,,,,,3.9719930382250475,3.7013962536147997,8
,,,,,,,,2.2307143644140943,1.962252067083576,8
,,,,,,,,3.4190836557331794,3.210859938776297,8
,,,,,,,,4.223523516802001,3.848074861835022,8
,,,,,,,,2.766356151032538,2.4791237064209817,8
,,,,,,,,3.44636396373246,2.9366665501655524,8
,,,,,,,,6.044857083382403,5.751793162894787,8
,,,,,,,,10.238315418032556,9.259928510309656,8
,,,,,,,,6.331073872316795,8.302154495286993,8
,,,,,,,,6.211939221038482,8.202583079268823,8
,,,,,,,,6.443129220115753,8.395799116458774,8
,,,,,,,,6.331073872316795,8.302154495286993,8
,,,,,,,,1.6559901952875804,2.616106928208004,8
,,,,,,,,3.2044585855108263,4.1158195447669055,8
,,,,,,,,7.110397012621388,8.822382549120881,8
,,,,,,,,9.125278662786739,11.841938212690724,8
,,,,,,,,5.777428666831404,8.222125983773678,8
,,,,,,,,6.331073872316795,8.302154495286993,8
,,,,,,,,6.4112476735270905,8.313773703608957,8
,,,,,,,,5.777428666831404,8.222125983773678,8
,,,,,,,,6.331073872316795,8.302154495286993,8
,,,,,,,,7.160218993544218,8.788341589086185,8
,,,,,,,,6.045340563981471,8.128942574504794,8
,,,,,,,,6.331073872316795,8.302154495286993,8
,,,,,,,,3.3818719738615144,4.594269003575973,8
,,,,,,,,5.232234522672798,7.244753870190939,8
,,,,,,,,8.720201708037084,11.199221870562283,8
,,,,,,,,16.670292123295088,21.08182777049457,8
,,,,,,,,3.5260515319071963,4.61572345057394,8
,,,,,,,,5.634297895839932,7.520767193399185,8
,,,,,,,,9.786734542557292,12.6396867692227,8
,,,,,,,,15.25100131909705,19.261129603367667,8
,,,,,,,,21.074187099601684,25.468809539016267,8
,,,,,,,,2.107908255470975,1.8880843263285354,8
,,,,,,,,2.464777783943012,2.166624296584402,8
,,,,,,,,2.4064909837516706,2.122066340371424,8
,,,,,,,,2.107908255470975,1.8880843263285354,8
,,,,,,,,8.274111401099063,7.0492661352937205,8
,,,,,,,,7.187946831576837,6.11849111139499,8
,,,,,,,,3.7679189332882537,3.4786222161717175,8
,,,,,,,,2.2284818041561025,1.9701886114130942,8
,,,,,,,,4.273600246540005,3.612940193761198,8
,,,,,,,,2.107908255470975,1.8880843263285354,8
,,,,,,,,2.2351367331395386,1.9778985129586812,8
,,,,,,,,4.273600246540005,3.612940193761198,8
,,,,,,,,2.107908255470975,1.8880843263285354,8
,,,,,,,,3.2912372703182378,2.8339753389055162,8
,,,,,,,,2.462566420150616,2.2103937778084566,8
,,,,,,,,2.107908255470975,1.8880843263285354,8
,,,,,,,,4.041304377437028,3.288327564208259,8
,,,,,,,,4.448629128914186,4.117296175941179,8
,,,,,,,,2.7894855453341036,2.4169650625391217,8
,,,,,,,,3.174817628349259,3.0428147045176135,8
,,,,,,,,4.575203050773396,4.073430462358071,8
,,,,,,,,3.283086419286122,2.768788433196032,8
,,,,,,,,3.657860113898259,3.1587379134179874,8
,,,,,,,,5.406975177912308,5.095180907873674,8
,,,,,,,,7.183719940099433,6.626524857942953,8
,,,,,,,,926.0323317602165,1195.4939947706207,8
,,,,,,,,404.8173365126187,528.5189284420366,8
,,,,,,,,521.2149952475979,666.9750663285841,8
,,,,,,,,926.0323317602165,1195.4939947706207,8
,,,,,,,,23.265894891413026,47.737383091185436,8
,,,,,,,,66.87401536351626,74.0567389789164,8
,,,,,,,,159.75251554576982,201.32390877561892,8
,,,,,,,,558.4247268455453,714.0081316997636,8
,,,,,,,,117.71517911397216,158.36783222513642,8
,,,,,,,,926.0323317602165,1195.4939947706207,8
,,,,,,,,808.3171526462442,1037.126162545484,8
,,,,,,,,117.71517911397216,158.36783222513642,8
,,,,,,,,926.0323317602165,1195.4939947706207,8
,,,,,,,,254.09112828081962,314.16428776175275,8
,,,,,,,,665.025433085026,867.2356920337669,8
,,,,,,,,926.0323317602165,1195.4939947706207,8
,,,,,,,,232.54075162003787,324.9144984840188,8
,,,,,,,,123.75250436108746,157.8318578241567,8
,,,,,,,,358.9323072544017,449.0520991768745,8
,,,,,,,,210.80676852468957,263.69553928557093,8
,,,,,,,,187.4532539031102,220.1720482294395,8
,,,,,,,,332.41494221451154,460.42294926639687,8
,,,,,,,,274.4740369001825,332.5421932942587,8
,,,,,,,,89.13764059155567,120.18358606067919,8
,,,,,,,,41.71038354172653,62.173217919846465,8
,,,,,,,,3.7163070574957295,3.38365584388973,8
,,,,,,,,4.666210220576496,4.26511925363532,8
,,,,,,,,4.091029463476288,3.755541642090704,8
,,,,,,,,3.7163070574957295,3.38365584388973,8
,,,,,,,,19.523748782012767,16.060799683084554,8
,,,,,,,,11.945955392188775,10.398157442613252,8
,,,,,,,,7.474697000990357,6.698381499969734,8
,,,,,,,,3.928032962680007,3.6379956576872985,8
,,,,,,,,7.87403386403096,7.048487776886629,8
,,,,,,,,3.7163070574957295,3.38365584388973,8
,,,,,,,,3.9174527275388464,3.561458836068125,8
,,,,,,,,7.87403386403096,7.048487776886629,8
,,,,,,,,3.7163070574957295,3.38365584388973,8
,,,,,,,,6.231874214039068,5.689639005809376,8
,,,,,,,,4.302812170832718,3.8061934533854904,8
,,,,,,,,3.7163070574957295,3.38365584388973,8
,,,,,,,,6.7385920434530036,5.521423997422843,8
,,,,,,,,7.3516750473634,6.969256858915079,8
,,,,,,,,5.1960522255003125,4.668697220808492,8
,,,,,,,,6.601890041261285,6.296597214060882,8
,,,,,,,,8.6942649144485,7.4348406923266515,8
,,,,,,,,6.066039792101294,5.098786633397589,8
,,,,,,,,6.942480293426477,6.155018423995847,8
,,,,,,,,11.449689070534772,11.660160249150634,8
,,,,,,,,16.13027163302477,13.659780438006333,8
,,,,,,,,100.0,100.0,8
,,,,,,,,43.715248661257384,44.209249963103595,8
,,,,,,,,56.28475133874263,55.790750036896384,8
,,,,,,,,100.0,100.0,8
,,,,,,,,2.512427924324075,3.9931094008000247,8
,,,,,,,,7.22156376942057,6.194655874714423,8
,,,,,,,,17.25128919009878,16.840227525713903,8
,,,,,,,,60.302940587839174,59.724945070657576,8
,,,,,,,,12.711778528317405,13.247062128114024,8
,,,,,,,,100.0,100.0,8
,,,,,,,,87.2882214716826,86.75293787188595,8
,,,,,,,,12.711778528317405,13.247062128114024,8
,,,,,,,,100.0,100.0,8
,,,,,,,,27.438688646846636,26.279035205194084,8
,,,,,,,,71.81449397354571,72.54203666662194,8
,,,,,,,,100.0,100.0,8
,,,,,,,,25.111515402277668,27.178262701884993,8
,,,,,,,,13.363734733306423,13.202229247035227,8
,,,,,,,,38.76023492313033,37.56205394097641,8
,,,,,,,,22.764514941285555,22.057454110103333,8
,,,,,,,,20.261049276537992,18.41682594747653,8
,,,,,,,,35.929360436426116,38.51319632556899,8
,,,,,,,,29.666766892397145,27.816299768035513,8
,,,,,,,,9.63452002467415,10.053048077731143,8
,,,,,,,,4.508303369964593,5.200629881187784,8
,,,,,,,,0.0,0.0,8
,,,,,,,,2.569404879592773,2.372917827781559,8
,,,,,,,,1.9956057466941517,1.8803281425849705,8
,,,,,,,,0.0,0.0,8
,,,,,,,,18.586636136218278,14.788531539778981,8
,,,,,,,,10.305404565665405,9.512671045163788,8
,,,,,,,,6.2623776347305276,5.6430026048825255,8
,,,,,,,,2.3266226094766527,2.0729750066987993,8
,,,,,,,,7.160115662961367,6.339011693206695,8
,,,,,,,,0.0,0.0,8
,,,,,,,,1.042727220352734,0.9679589393820819,8
,,,,,,,,7.160115662961367,6.339011693206695,8
,,,,,,,,0.0,0.0,8
,,,,,,,,5.189349010956523,4.597214691959777,8
,,,,,,,,1.9941557431356238,1.688611112075308,8
,,,,,,,,0.0,0.0,8
,,,,,,,,5.25010121307864,4.23145496267661,8
,,,,,,,,6.328140647569544,6.141511294456262,8
,,,,,,,,3.6744985518089317,3.3142123116104565,8
,,,,,,,,5.813912129696328,5.30581192324259,8
,,,,,,,,7.6888142954222305,6.747261811663802,8
,,,,,,,,4.936521724618629,3.9260618957501507,8
,,,,,,,,5.793354162036406,5.152752209184768,8
,,,,,,,,10.925768114872618,10.831145145553846,8
,,,,,,,,15.8083387224785,13.266915496846865,8
,,,,,,,,1.6178206961348018,2.08768913789465,8
,,,,,,,,1.4591495155911045,1.9043172964045583,8
,,,,,,,,1.767063205603851,2.260146127225587,8
,,,,,,,,1.6178206961348018,2.08768913789465,8
,,,,,,,,0.2812990072444923,0.5774041309178453,8
,,,,,,,,0.7294393554389851,0.8089961689396964,8
,,,,,,,,1.63889428898981,2.0662495463680823,8
,,,,,,,,2.4478609927501793,3.1262938799236797,8
,,,,,,,,1.6258088683961034,2.1813760009148244,8
,,,,,,,,1.6178206961348018,2.08768913789465,8
,,,,,,,,1.6166639225755517,2.074086895920152,8
,,,,,,,,1.6258088683961034,2.1813760009148244,8
,,,,,,,,1.6178206961348018,2.08768913789465,8
,,,,,,,,1.7549592882986442,2.1556040876139604,8
,,,,,,,,1.5750994665579563,2.056187423743584,8
,,,,,,,,1.6178206961348018,2.08768913789465,8
,,,,,,,,0.838002059255743,1.1710892647161701,8
,,,,,,,,1.4326930170450312,1.822069964179709,8
,,,,,,,,2.2963112705356252,2.8721100794698464,8
,,,,,,,,4.0372909621596955,5.049512962504694,8
,,,,,,,,0.9002916291213707,1.081952334261776,8
,,,,,,,,1.4799689599893675,2.0226710229233436,8
,,,,,,,,2.667619347684116,3.207917884012936,8
,,,,,,,,3.4228743159520487,4.479854252408992,8
,,,,,,,,4.032456760080357,5.839105598000695,8
,,,,,,,,3.7163070574957295,3.3836558438897275,8
,,,,,,,,4.666210220576499,4.265119253635321,8
,,,,,,,,4.091029463476286,3.7555416420907033,8
,,,,,,,,3.7163070574957295,3.3836558438897275,8
,,,,,,,,19.523748782012756,16.060799683084554,8
,,,,,,,,11.945955392188774,10.398157442613252,8
,,,,,,,,7.474697000990357,6.698381499969737,8
,,,,,,,,3.9280329626800095,3.6379956576872994,8
,,,,,,,,7.87403386403096,7.048487776886632,8
,,,,,,,,3.7163070574957295,3.3836558438897275,8
,,,,,,,,3.9174527275388464,3.5614588360681245,8
,,,,,,,,7.87403386403096,7.048487776886632,8
,,,,,,,,3.7163070574957295,3.3836558438897275,8
,,,,,,,,6.202841112731014,5.635083565271312,8
,,,,,,,,4.290391211744515,3.8056184554960035,8
,,,,,,,,3.7163070574957295,3.3836558438897275,8
,,,,,,,,6.708566029277802,5.506413461188502,8
,,,,,,,,7.343898936739659,6.955805894247565,8
,,,,,,,,5.1407528047046345,4.6366119713279685,8
,,,,,,,,6.377729600226806,6.025390176870693,8
,,,,,,,,8.654687176485083,7.340731394219041,8
,,,,,,,,6.022520934850506,5.0736608432346575,8
,,,,,,,,6.7468430426816255,5.996103887725857,8
,,,,,,,,11.109351998484307,11.092463228536715,8
,,,,,,,,14.997547578381576,12.988783870738754,8
,,,,,,,,1015.7402866494742,1372.4694634304897,8
,,,,,,,,309.802332386884,384.1141208330614,8
,,,,,,,,649.3908700752855,925.8157012284327,8
,,,,,,,,3.706444235375355,7.121948819595934,8
,,,,,,,,51.98340306264591,53.87551790262465,8
,,,,,,,,4.2721650259651165,3.7204350677351345,8
,,,,,,,,6.765523862262494,5.890121021381011,8
,,,,,,,,5.223988811093674,4.524901807341641,8
,,,,,,,,45.03040541522568,69.46915677075664,8
,,,,,,,,14.343062586509555,13.322834209997616,8
,,,,,,,,100.0,100.0,8
,,,,,,,,30.500152101754217,27.987079572099745,8
,,,,,,,,63.9327669297601,67.45619672399525,8
,,,,,,,,0.36490078065146453,0.5189149201028204,8
,,,,,,,,5.117784904851872,3.925443832313958,8
,,,,,,,,0.0,0.0,8
,,,,,,,,5.486312361592162,4.960447369346936,8
,,,,,,,,2.71431018186123,2.190743887977067,8
,,,,,,,,45.092165812411885,69.0633472231455,8
,,,,,,,,13.858120832224735,13.174897624875154,8
,,,,,,,,1.7745445826020279,2.3967410990179783,8
,,,,,,,,4.272165025965117,3.7204350677351345,8
,,,,,,,,1879.4687076247042,2376.111243692488,8
,,,,,,,,354.3317585843616,479.10793476255833,8
,,,,,,,,1499.9364313271235,1874.5367724021241,8
,,,,,,,,8.93899164037297,7.728272708022725,8
,,,,,,,,16.261526072847403,14.180440467134797,8
,,,,,,,,2.845931901447379,2.685019860152156,8
,,,,,,,,5.831194029798448,5.362276340799581,8
,,,,,,,,3.115640584437866,3.003011728890017,8
,,,,,,,,25.72797409398125,26.96214055172349,8
,,,,,,,,21.379722173664593,25.068163085010802,8
,,,,,,,,100.0,100.0,8
,,,,,,,,18.85276180161414,20.1635313175835,8
,,,,,,,,79.8064062062922,78.89095164959886,8
,,,,,,,,0.47561268799575657,0.32524877480117254,8
,,,,,,,,0.8652193040978539,0.596791943339249,8
,,,,,,,,0.0,0.0,8
,,,,,,,,5.083251332774149,4.739717012850985,8
,,,,,,,,1.2278981709244385,1.2255778925053489,8
,,,,,,,,25.715374266726265,26.877306280109263,8
,,,,,,,,21.34317141942387,25.074346114447444,8
,,,,,,,,3.2835175065143525,4.14939903971491,8
,,,,,,,,2.8459319014473765,2.6850198601521558,8
,,,,,,,,1149.2131281706763,1518.697685406481,8
,,,,,,,,386.6565375907466,480.2216979913914,8
,,,,,,,,714.5013814383354,999.5784714720074,8
,,,,,,,,9.175315648379415,12.032779903596992,8
,,,,,,,,38.5268197944427,24.881267873560088,8
,,,,,,,,3.402533255474992,3.163269401744504,8
,,,,,,,,5.496347863182453,4.803548333963695,8
,,,,,,,,4.13914524656924,3.7606135393414646,8
,,,,,,,,24.506347662545142,49.589330999247515,8
,,,,,,,,13.909686779263735,18.166740586503135,8
,,,,,,,,100.0,100.0,8
,,,,,,,,33.64532897446347,31.620624868659064,8
,,,,,,,,62.173096001407735,65.81813359414379,8
,,,,,,,,0.7983998288450407,0.7923090960908654,8
,,,,,,,,3.3524521126703393,1.6383292153961886,8
,,,,,,,,0.0,0.0,8
,,,,,,,,4.241899929445939,3.8088320651370307,8
,,,,,,,,2.3290369775274318,1.8977221597826455,8
,,,,,,,,24.345202675461255,49.325171023478305,8
,,,,,,,,13.772296741001194,17.939606809383438,8
,,,,,,,,2.007727721007647,2.652099195343255,8
,,,,,,,,3.4025332554749923,3.1632694017445027,8
,,,,,,,,11202.992473395874,10665.438709630207,8
,,,,,,,,4529.2736531199935,4279.9025854339125,8
,,,,,,,,6673.718820275877,6385.536124196295,8
,,,,,,,,11202.992473395874,10665.438709630207,8
,,,,,,,,314.0078441833376,307.9271086978257,8
,,,,,,,,549.301498091689,478.0591375686871,8
,,,,,,,,780.4767803839229,654.2801183824482,8
,,,,,,,,5262.151945760494,4947.549259998542,8
,,,,,,,,4297.054404976429,4277.6230849827025,8
,,,,,,,,11202.992473395874,10665.438709630207,8
,,,,,,,,6905.938068419443,6387.8156246475055,8
,,,,,,,,4297.054404976429,4277.6230849827025,8
,,,,,,,,11202.992473395874,10665.438709630207,8
,,,,,,,,2946.6382804323744,2807.5594714704375,8
,,,,,,,,8161.25803098418,7766.537547053388,8
,,,,,,,,11202.992473395874,10665.438709630207,8
,,,,,,,,5736.855903595943,5611.038836826832,8
,,,,,,,,1496.4337824969032,1395.2951553935577,8
,,,,,,,,2729.3889812460125,2505.067222380953,8
,,,,,,,,1240.3138060570154,1154.0374950288683,8
,,,,,,,,0.7255080558779526,0.7869941302055803,8
,,,,,,,,1.1364695789209316,1.1776286418982862,8
,,,,,,,,0.8816371773556995,0.9027661484871201,8
,,,,,,,,0.7255080558779526,0.7869941302055803,8
,,,,,,,,5.268471668968965,5.5502358659763935,8
,,,,,,,,3.830768750618232,4.1725056375441,8
,,,,,,,,3.5791366589924016,3.759418541496474,8
,,,,,,,,1.0327320641170796,1.1397732283057087,8
,,,,,,,,0.8339758120386213,0.8258835432257114,8
,,,,,,,,0.7255080558779526,0.7869941302055803,8
,,,,,,,,1.052354357494143,1.1581041313478588,8
,,,,,,,,0.8339758120386213,0.8258835432257114,8
,,,,,,,,0.7255080558779526,0.7869941302055803,8
,,,,,,,,1.726557417628698,1.7822073548145148,8
,,,,,,,,0.9419582071397672,1.0003729246240813,8
,,,,,,,,0.7255080558779526,0.7869941302055803,8
,,,,,,,,1.1658462880129126,1.2226503399585846,8
,,,,,,,,2.3387482885676993,2.4408737852511457,8
,,,,,,,,1.810908660986577,1.8068549988472842,8
,,,,,,,,3.1877185512550246,3.375293809217978,8
,,,,,,,,19.57213853176277,18.625037551316428,8
,,,,,,,,16.325603823846084,15.421004020411814,8
,,,,,,,,22.62575535888671,21.638357218965826,8
,,,,,,,,19.57213853176277,18.625037551316428,8
,,,,,,,,3.796548348903481,3.7245105003785346,8
,,,,,,,,5.991596714084349,5.222320293225287,8
,,,,,,,,8.006878224674285,6.7150792274360525,8
,,,,,,,,23.06670150284076,21.662908705720973,8
,,,,,,,,59.348243889831494,58.92045251510022,8
,,,,,,,,19.57213853176277,18.625037551316428,8
,,,,,,,,13.812129175045392,12.774612346214283,8
,,,,,,,,59.348243889831494,58.92045251510022,8
,,,,,,,,19.57213853176277,18.625037551316428,8
,,,,,,,,20.35187239511147,19.263763924404124,8
,,,,,,,,19.329776774719978,18.41420616906727,8
,,,,,,,,19.57213853176277,18.625037551316428,8
,,,,,,,,20.673783099841888,20.223866205947743,8
,,,,,,,,17.324338135396406,16.10780883438951,8
,,,,,,,,17.461584127808013,16.022258513740837,8
,,,,,,,,23.754017740893396,22.098694980403028,8
,,,,,,,,0.7255080558779526,0.7869941302055807,8
,,,,,,,,1.1364695789209316,1.1776286418982864,8
,,,,,,,,0.8816371773556991,0.9027661484871206,8
,,,,,,,,0.7255080558779526,0.7869941302055807,8
,,,,,,,,5.268471668968965,5.550235865976395,8
,,,,,,,,3.8307687506182337,4.172505637544098,8
,,,,,,,,3.5791366589924025,3.759418541496474,8
,,,,,,,,1.032732064117079,1.1397732283057087,8
,,,,,,,,0.8339758120386214,0.8258835432257111,8
,,,,,,,,0.7255080558779526,0.7869941302055807,8
,,,,,,,,1.0523543574941425,1.1581041313478597,8
,,,,,,,,0.8339758120386214,0.8258835432257111,8
,,,,,,,,0.7255080558779526,0.7869941302055807,8
,,,,,,,,1.385402452037008,1.4786512223795174,8
,,,,,,,,0.8761897090330321,0.9155940714996024,8
,,,,,,,,0.7255080558779526,0.7869941302055807,8
,,,,,,,,0.9771471758705916,1.0370466798413234,8
,,,,,,,,2.090594475938176,2.219929545699943,8
,,,,,,,,1.652771550951826,1.667763417040304,8
,,,,,,,,2.2684980884331614,2.538457564550809,8
,,,,,,,,273.1110988081669,352.7540016907596,8
,,,,,,,,101.86010889037387,126.80869654236362,8
,,,,,,,,171.250989917793,225.9453051483961,8
,,,,,,,,273.1110988081669,352.7540016907596,8
,,,,,,,,183.21861348382595,234.30238195648667,8
,,,,,,,,89.89248532434088,118.451619734273,8
,,,,,,,,273.1110988081669,352.7540016907596,8
,,,,,,,,75.1410642368972,83.13998169904418,8
,,,,,,,,194.45130663127196,263.56201021397646,8
,,,,,,,,273.1110988081669,352.7540016907596,8
,,,,,,,,92.30737643505623,129.21330055419673,8
,,,,,,,,34.71355463762894,43.45620771864386,8
,,,,,,,,94.01075719974735,109.49858915894706,8
,,,,,,,,52.07941053573436,70.58590425897198,8
,,,,,,,,5.348360566332896,4.682821925163727,8
,,,,,,,,7.756901009741211,7.13763866112896,8
,,,,,,,,6.209582833405327,5.6252292615988475,8
,,,,,,,,5.348360566332896,4.682821925163727,8
,,,,,,,,6.175880649553815,5.6296005146501065,8
,,,,,,,,9.301717450401096,8.224894341611577,8
,,,,,,,,5.348360566332896,4.682821925163727,8
,,,,,,,,9.401168248325833,9.246265086762973,8
,,,,,,,,6.356414124137764,5.3365363942338115,8
,,,,,,,,5.348360566332896,4.682821925163727,8
,,,,,,,,8.902646363277322,7.2472984330539445,8
,,,,,,,,13.687206958181916,11.65919598919241,8
,,,,,,,,8.320441666273142,7.789674152262561,8
,,,,,,,,11.59544134563848,11.691322694657647,8
,,,,,,,,2.437840598900097,3.3074495226553173,8
,,,,,,,,2.248928121625139,2.9628874492129875,8
,,,,,,,,2.5660504215056785,3.5383920904031245,8
,,,,,,,,2.437840598900097,3.3074495226553173,8
,,,,,,,,2.6530590293254552,3.667957807868257,8
,,,,,,,,2.0919559505747984,2.7690990389059014,8
,,,,,,,,2.437840598900097,3.3074495226553173,8
,,,,,,,,2.5500606822318,2.961290136286956,8
,,,,,,,,2.38261437015027,3.393558694813388,8
,,,,,,,,2.437840598900097,3.3074495226553173,8
,,,,,,,,1.6090237925829125,2.3028409588993304,8
,,,,,,,,2.319752136289452,3.1144813733970573,8
,,,,,,,,3.444388390431248,4.371083864762461,8
,,,,,,,,4.198889852020267,6.116430754029035,8
,,,,,,,,5.324784317140654,4.649177131150004,8
,,,,,,,,7.770720147482963,7.082761262877031,8
,,,,,,,,6.160836064867052,5.5773071368514495,8
,,,,,,,,5.324784317140654,4.649177131150004,8
,,,,,,,,6.14977063307934,5.562243492769834,8
,,,,,,,,9.262122548359647,8.190663399094298,8
,,,,,,,,5.324784317140654,4.649177131150004,8
,,,,,,,,9.310937052691958,9.111111133363634,8
,,,,,,,,6.30921376162349,5.30390117548812,8
,,,,,,,,5.324784317140654,4.649177131150004,8
,,,,,,,,8.839508958810601,7.1891575453293095,8
,,,,,,,,13.622452152431993,11.579234542151807,8
,,,,,,,,8.227432230164368,7.566432840483897,8
,,,,,,,,11.406636902752206,11.360742912481237,8
,,,,,,,,11202.992473395874,10665.438709630207,8
,,,,,,,,2776.8190023962056,2679.3463223537237,8
,,,,,,,,6996.226324784168,6879.4563765577495,8
,,,,,,,,2313.0828855809336,1955.3973846211554,8
,,,,,,,,1225.7820369181804,1094.5820559992776,8
,,,,,,,,1212.8798514422356,1097.9732752607345,8
,,,,,,,,432.038558785673,382.8741024993009,8
,,,,,,,,0.7255080558779526,0.7869941302055803,8
,,,,,,,,1.4581454275191357,1.5312022576995643,8
,,,,,,,,0.8340664286395773,0.8680843630307334,8
,,,,,,,,2.1880737076258776,2.3650011323592453,8
,,,,,,,,2.430959535793533,2.5882476321472248,8
,,,,,,,,2.721662054181488,2.880291017771362,8
,,,,,,,,4.375628250293731,4.348193034256652,8
,,,,,,,,19.57213853176277,18.625037551316428,8
,,,,,,,,4.85122937657885,4.678937943899161,8
,,,,,,,,12.222726307584,12.01358301654653,8
,,,,,,,,4.041061241409253,3.4147071403101905,8
,,,,,,,,2.141497094930809,1.9114667901636215,8
,,,,,,,,2.1189563887670433,1.9173888706151587,8
,,,,,,,,0.7547910563804162,0.6686123966037308,8
,,,,,,,,0.7255080558779526,0.7869941302055807,8
,,,,,,,,1.4581454275191361,1.5312022576995654,8
,,,,,,,,0.8340664286395776,0.8680843630307334,8
,,,,,,,,2.1880737076258763,2.365001132359245,8
,,,,,,,,2.430959535793532,2.5882476321472265,8
,,,,,,,,2.721662054181488,2.8802910177713645,8
,,,,,,,,4.3756282502937305,4.348193034256654,8
,,,,,,9641.198194644763,6049.263176266648,5667.546936732205,4791.874802000461,8
,,,,,,4162.2212351766775,2587.697291687303,2381.042139728587,2018.6865127722099,8
,,,,,,5478.976959468084,3461.565884579343,3286.504797003618,2773.188289228253,8
,,,,,,9641.198194644763,6049.263176266648,5667.546936732205,4791.874802000461,8
,,,,,,8021.93468664046,4981.578664765207,4643.079896884623,3917.274159968781,8
,,,,,,1619.263508004303,1067.6845115014416,1024.4670398475819,874.6006420316817,8
,,,,,,9641.198194644763,6049.263176266648,5667.546936732205,4791.874802000461,8
,,,,,,4765.1803385584735,3016.2624228100763,2841.0985347355727,2436.889641055331,8
,,,,,,4732.298054927667,2975.0190816166523,2771.0053545571204,2301.8222534739034,8
,,,,,,9641.198194644763,6049.263176266648,5667.546936732205,4791.874802000461,8
,,,,,,2743.9922359277098,1830.3082317009419,1711.4504437273197,1624.5102312337563,8
,,,,,,1624.5048541889382,1015.5883179630652,977.0933013530864,772.0645155195233,8
,,,,,,3384.892302421781,2067.4607658027653,1939.1441336625512,1541.506291443007,8
,,,,,,1887.8088021063322,1135.9058607998752,1039.8590579892475,853.7937638041764,8
,,,,,,1.7839557540969049,2.13539234331115,2.25436004115743,2.4976064631932235,8
,,,,,,2.233669042312472,2.7883823929662155,2.7670581579426035,3.176995168810222,8
,,,,,,1.9753453957874332,2.2934938922415293,2.4728685631988214,2.780535727365056,8
,,,,,,1.7839557540969049,2.13539234331115,2.25436004115743,2.4976064631932235,8
,,,,,,1.9708632483710453,2.3233277031070156,2.4815011883372877,2.754675358855416,8
,,,,,,2.7697773907557672,3.475336654405726,3.5973381152286126,3.8080305362722777,8
,,,,,,1.7839557540969049,2.13539234331115,2.25436004115743,2.4976064631932235,8
,,,,,,2.4134450323816092,2.988654307540591,3.0476541519144575,3.3565723258388003,8
,,,,,,2.4289376213257694,2.7356807686824967,2.90652243435151,3.473590426694114,8
,,,,,,1.7839557540969049,2.13539234331115,2.25436004115743,2.4976064631932235,8
,,,,,,2.808578386673645,3.3231714476001053,3.1635936270886615,3.7255939546532684,8
,,,,,,3.484999133652391,4.097302706659383,4.25479458932293,4.869428972886418,8
,,,,,,2.5871599014892865,3.131094764511343,3.246542919136919,3.5343562504529795,8
,,,,,,3.577396590418399,4.524277095926213,4.722384170190006,5.3453449818274885,8
,,,,,,100.0,100.0,100.0,100.0,8
,,,,,,43.17120290596866,42.77706583902211,42.01186450343627,42.1272799516688,8
,,,,,,56.82879709403134,57.222934160977914,57.988135496563764,57.872720048331196,8
,,,,,,100.0,100.0,100.0,100.0,8
,,,,,,83.20474825521448,82.35017256828344,81.92397784643194,81.74825766177024,8
,,,,,,16.795251744785507,17.6498274317166,18.07602215356808,18.25174233822975,8
,,,,,,100.0,100.0,100.0,100.0,8
,,,,,,49.42518805603758,49.861649839337765,50.1292457998362,50.85461832262401,8
,,,,,,49.084127920492726,49.17985868574349,48.89249944447444,48.03594310337496,8
,,,,,,100.0,100.0,100.0,100.0,8
,,,,,,28.46111220337604,30.25671355946084,30.19737574002535,33.90134964618801,8
,,,,,,16.849615798700988,16.78862843903981,17.24014485033025,16.11195090483603,8
,,,,,,35.108626895585786,34.17706761236856,34.21487559449528,32.16916875206079,8
,,,,,,19.5806451023372,18.777590389130815,18.34760381514917,17.81753069691519,8
,,,,,,0.0,0.0,0.0,0.0,8
,,,,,,1.251000176868838,1.5413669138158688,1.5230402671589751,1.8488907799116845,8
,,,,,,0.9503488589006154,1.152250490492236,1.1034284994548906,1.345862773001712,8
,,,,,,0.0,0.0,0.0,0.0,8
,,,,,,0.5196742965556581,0.6574893606554756,0.7126562835075939,0.7636467224203912,8
,,,,,,2.5744996071907,3.067699246423893,3.2298941153196217,3.4203194341742655,8
,,,,,,0.0,0.0,0.0,0.0,8
,,,,,,1.6339814708364269,1.8920119640341602,1.9210539752459037,2.258177681500595,8
,,,,,,1.7046070435161547,1.9158692044704,1.9677958228490005,2.3903197526348023,8
,,,,,,0.0,0.0,0.0,0.0,8
,,,,,,2.1124914099835963,2.539602760580845,2.3701111346038504,2.678135187850439,8
,,,,,,3.0592452960614778,3.4961231664354298,3.4474157028809573,4.099834652885315,8
,,,,,,1.798410773661466,2.2950636917400855,2.2467520531692355,2.546500200369756,8
,,,,,,3.181738239493664,3.990715415026816,4.232439888812273,4.838605853656565,8
,,,,,,10.844838882532773,6.800455499702073,6.367584964319127,5.380588805402028,8
,,,,,,9.610853034654161,5.971575693839126,5.491386159614558,4.652898661536975,8
,,,,,,12.01694820008562,7.587789003067342,7.1998831129844065,6.071834336285536,8
,,,,,,10.844838882532773,6.800455499702073,6.367584964319127,5.380588805402028,8
,,,,,,10.742846693870678,6.6705561424122335,6.216589947909033,5.244347198194805,8
,,,,,,11.380086431039325,7.480090714502594,7.155253674633151,6.089097946902503,8
,,,,,,10.844838882532773,6.800455499702073,6.367584964319127,5.380588805402028,8
,,,,,,10.359999158970897,6.6001147854308755,6.2004765712144145,5.294045606273932,8
,,,,,,11.300478015098703,7.036629245089257,6.5717419740619345,5.477964129234186,8
,,,,,,10.844838882532773,6.800455499702073,6.367584964319127,5.380588805402028,8
,,,,,,8.601737423257894,5.668986924665362,5.304953679791509,5.022944342169192,8
,,,,,,11.182982131104058,6.998946854196668,6.797176998587962,5.4072806739873975,8
,,,,,,11.91279132902782,7.290046066513323,6.812506431461454,5.435254445639566,8
,,,,,,13.426513661125739,8.233100023804864,7.478096094836326,6.065051246776939,8
,,,,,,1.7839557540969064,2.135392343311151,2.254360041157431,2.4976064631932227,8
,,,,,,2.233669042312473,2.788382392966215,2.767058157942604,3.1769951688102207,8
,,,,,,1.9753453957874343,2.2934938922415293,2.472868563198822,2.7805357273650566,8
,,,,,,1.7839557540969064,2.135392343311151,2.254360041157431,2.4976064631932227,8
,,,,,,1.970863248371046,2.323327703107015,2.481501188337288,2.754675358855416,8
,,,,,,2.7697773907557677,3.4753366544057265,3.597338115228612,3.808030536272279,8
,,,,,,1.7839557540969064,2.135392343311151,2.254360041157431,2.4976064631932227,8
,,,,,,2.325472017400542,2.8979700028694397,2.958731020414979,3.2495998200161655,8
,,,,,,2.231431271862387,2.608782559913083,2.765966381296705,3.382021665651163,8
,,,,,,1.7839557540969064,2.135392343311151,2.254360041157431,2.4976064631932227,8
,,,,,,2.7135902332122734,3.235014309485367,3.062759101673726,3.661684414058085,8
,,,,,,3.2213411196096544,3.9597464972888283,4.051281826392565,4.718993542617778,8
,,,,,,2.5178365417584017,3.063016923978558,3.1958865866113255,3.5126201474097565,8
,,,,,,3.1245194639296625,3.9642231399388397,4.208199634967314,4.767987285648913,8
,,,,,,891.2013668648825,554.0455920260648,590.5835834226766,442.4130620624334,8
,,,,,,357.692564741833,222.04967404983756,242.14548479743556,152.3898898913467,8
,,,,,,533.5088021230496,331.99591797622736,348.43809862524097,290.0231721710867,8
,,,,,,891.2013668648825,554.0455920260648,590.5835834226766,442.4130620624334,8
,,,,,,748.9044058256056,476.02521613935187,502.36997328426855,390.9359380871755,8
,,,,,,142.2969610392767,78.02037588671301,88.21361013840793,51.47712397525788,8
,,,,,,891.2013668648825,554.0455920260648,590.5835834226766,442.4130620624334,8
,,,,,,411.9780755031952,254.36880949776008,313.864584741351,227.2774400752829,8
,,,,,,469.14106430065885,291.4312524469017,268.9637685880112,210.79498317022703,8
,,,,,,891.2013668648825,554.0455920260648,590.5835834226766,442.4130620624334,8
,,,,,,180.32421958278664,114.40243263763767,128.85462903374176,103.67740557500133,8
,,,,,,182.6648255341325,111.0795033374259,104.421462569487,81.92134334302112,8
,,,,,,371.94008358285856,240.19219818128659,246.98970721725905,179.46431268307143,8
,,,,,,156.27223816510468,88.3714578697147,110.31778460218872,77.3500004613395,8
,,,,,,4.552618091731127,5.626299959831458,6.484996266784217,7.22726666213149,8
,,,,,,6.50875297465093,8.391296341881402,8.234268138791617,9.862364397317192,8
,,,,,,5.275349587330765,6.2679404138346495,7.757121184156694,8.118639951331467,8
,,,,,,4.552618091731127,5.626299959831458,6.484996266784217,7.22726666213149,8
,,,,,,4.98076736539081,6.1174677904419035,7.129713645126174,7.664711665685774,8
,,,,,,9.58739163546627,11.552098866970631,11.889275640156136,14.88118753509265,8
,,,,,,4.552618091731127,5.626299959831458,6.484996266784217,7.22726666213149,8
,,,,,,6.656775350248298,8.16117566550913,9.397561318745662,10.51698799221439,8
,,,,,,6.146246230478564,7.468894724800928,8.70226868709808,8.892165926388682,8
,,,,,,4.552618091731127,5.626299959831458,6.484996266784217,7.22726666213149,8
,,,,,,8.595209845274397,10.85411151457877,10.223166174296255,10.915117440741378,8
,,,,,,9.58674274258357,12.078790860951111,13.192290753108155,13.99803134057343,8
,,,,,,6.615754208031293,7.967215118356699,9.384006164096254,10.144089628877701,8
,,,,,,9.636387299484486,12.465224904870063,13.298058083327868,15.040947152277209,8
,,,,,,100.0,100.0,100.0,100.0,8
,,,,,,43.17120290596866,42.77706583902211,42.01186450343627,42.1272799516688,8
,,,,,,56.82879709403134,57.222934160977914,57.988135496563764,57.872720048331196,8
,,,,,,100.0,100.0,100.0,100.0,8
,,,,,,83.20474825521448,82.35017256828344,81.92397784643194,81.74825766177024,8
,,,,,,16.795251744785507,17.6498274317166,18.07602215356808,18.25174233822975,8
,,,,,,100.0,100.0,100.0,100.0,8
,,,,,,49.42518805603758,49.861649839337765,50.1292457998362,50.85461832262401,8
,,,,,,49.084127920492726,49.17985868574349,48.89249944447444,48.03594310337496,8
,,,,,,100.0,100.0,100.0,100.0,8
,,,,,,28.46111220337604,30.25671355946084,30.19737574002535,33.90134964618801,8
,,,,,,16.849615798700988,16.78862843903981,17.24014485033025,16.11195090483603,8
,,,,,,35.108626895585786,34.17706761236856,34.21487559449528,32.16916875206079,8
,,,,,,19.5806451023372,18.777590389130815,18.34760381514917,17.81753069691519,8
,,,,,,0.0,0.0,0.0,0.0,8
,,,,,,1.251000176868838,1.5413669138158688,1.5230402671589751,1.8488907799116845,8
,,,,,,0.9503488589006154,1.152250490492236,1.1034284994548906,1.345862773001712,8
,,,,,,0.0,0.0,0.0,0.0,8
,,,,,,0.5196742965556581,0.6574893606554756,0.7126562835075939,0.7636467224203912,8
,,,,,,2.5744996071907,3.067699246423893,3.2298941153196217,3.4203194341742655,8
,,,,,,0.0,0.0,0.0,0.0,8
,,,,,,1.6339814708364269,1.8920119640341602,1.9210539752459037,2.258177681500595,8
,,,,,,1.7046070435161547,1.9158692044704,1.9677958228490005,2.3903197526348023,8
,,,,,,0.0,0.0,0.0,0.0,8
,,,,,,2.1124914099835963,2.539602760580845,2.3701111346038504,2.678135187850439,8
,,,,,,3.0592452960614778,3.4961231664354298,3.4474157028809573,4.099834652885315,8
,,,,,,1.798410773661466,2.2950636917400855,2.2467520531692355,2.546500200369756,8
,,,,,,3.181738239493664,3.990715415026816,4.232439888812273,4.838605853656565,8
,,,,,,297.34750620796314,200.84330028331271,246.06289896598122,172.04273622638536,8
,,,,,,137.16464893941014,96.99385834555528,110.55935999248327,74.97711731698823,8
,,,,,,160.18285726855297,103.84944193775743,135.50353897349794,97.0656189093971,8
,,,,,,297.34750620796314,200.84330028331271,246.06289896598122,172.04273622638536,8
,,,,,,247.1732615417841,173.83617801058924,215.1772783993756,144.8045757356336,8
,,,,,,50.174244666179064,27.00712227272349,30.885620566605617,27.238160490751756,8
,,,,,,297.34750620796314,200.84330028331271,246.06289896598122,172.04273622638536,8
,,,,,,144.85449064597398,96.55903303394868,128.92989928605135,102.41095891860051,8
,,,,,,150.9937548716051,103.48413828637958,116.3210551789849,69.63177730778486,8
,,,,,,8.732727910737658,10.040576110305837,10.498517715303848,13.09417333861876,8
,,,,,,11.888569521106668,13.077837546487137,12.977534908226888,19.128528909478867,8
,,,,,,10.913068735019564,11.39470223652707,12.615904000379693,13.109987907068685,8
,,,,,,8.732727910737658,10.040576110305837,10.498517715303848,13.09417333861876,8
,,,,,,9.358628313926195,10.731562237712748,11.09425394691142,13.964405506381276,8
,,,,,,18.96573124877365,20.389138613430497,21.489774594201418,20.72706015138982,8
,,,,,,8.732727910737658,10.040576110305837,10.498517715303848,13.09417333861876,8
,,,,,,10.63274387063501,14.418759716334215,15.331942186129643,18.371214814488496,8
,,,,,,11.826446091403184,13.43635419324345,13.393867892876957,16.029548460500774,8
,,,,,,100.0,100.0,100.0,100.0,8
,,,,,,46.129409554717434,48.293300403216946,44.93134091205205,43.580518981242136,8
,,,,,,53.87059044528255,51.706699596783054,55.068659087947914,56.41948101875786,8
,,,,,,100.0,100.0,100.0,100.0,8
,,,,,,83.12605835978071,86.55313757808857,87.44807904954591,84.16779395155054,8
,,,,,,16.87394164021927,13.44686242191142,12.551920950454065,15.832206048449468,8
,,,,,,100.0,100.0,100.0,100.0,8
,,,,,,48.71555591411742,48.07680061906024,52.397130907523035,59.52646485687211,8
,,,,,,50.78023246174492,51.52481468906518,47.27289472236389,40.47353514312787,8
,,,,,,0.0,0.0,0.0,0.0,8
,,,,,,7.874339938832864,7.237122909171011,8.067292193807893,10.488400984258623,8
,,,,,,6.7428006451950555,6.759366840914045,6.582224114413713,8.101633512463405,8
,,,,,,0.0,0.0,0.0,0.0,8
,,,,,,3.4087031812705995,2.916970447126232,2.8194100252452876,3.378769087956351,8
,,,,,,16.792286332323002,18.77560255319748,19.642570386950464,17.962344573757594,8
,,,,,,0.0,0.0,0.0,0.0,8
,,,,,,7.21248373897284,9.944877128437934,9.399026669444401,9.525211128043711,8
,,,,,,6.932025353282518,9.277540712131376,10.408773192995211,14.00920733666266,8
,,,,,,224.37661183875045,143.26884130199974,183.79828660837572,120.95045934366287,8
,,,,,,109.87919024874292,68.22029137937783,87.70567299219107,48.68787321433687,8
,,,,,,114.49742159000753,75.04854992262192,96.09261361618462,72.262586129326,8
,,,,,,224.37661183875045,143.26884130199974,183.79828660837572,120.95045934366287,8
,,,,,,188.73552254386772,129.12551748455815,151.49932877916604,103.06581046941865,8
,,,,,,35.64108929488273,14.143323817441619,32.29895782920968,17.884648874244213,8
,,,,,,224.37661183875045,143.26884130199974,183.79828660837572,120.95045934366287,8
,,,,,,110.44141944537584,69.51218302201218,97.04021080583367,66.46063495514952,8
,,,,,,112.32431129027823,72.28921834091564,86.5693148155962,54.10094299495897,8
,,,,,,10.06484103747511,11.204017611282861,12.000118560864035,14.217896701325209,8
,,,,,,12.680890268113796,15.237747568499255,14.881919316712002,19.65171094840536,8
,,,,,,13.246923868471738,13.174454219598534,14.720785097281858,14.484875942195444,8
,,,,,,10.06484103747511,11.204017611282861,12.000118560864035,14.217896701325209,8
,,,,,,10.492599931057107,11.90022933226841,13.20059436454206,14.571941209951799,8
,,,,,,22.495774098891182,25.69476308161104,21.523360797967904,25.414085980871626,8
,,,,,,10.06484103747511,11.204017611282861,12.000118560864035,14.217896701325209,8
,,,,,,12.640764102340679,15.230785465771238,17.087877947710755,20.974602490842678,8
,,,,,,13.122465734319327,14.906137747346232,15.655515399008934,17.014531731915223,8
,,,,,,100.0,100.0,100.0,100.0,8
,,,,,,48.97087506059153,47.616977117567856,47.71843884435553,40.254392979192815,8
,,,,,,51.029124939408476,52.38302288243213,52.28156115564446,59.74560702080721,8
,,,,,,100.0,100.0,100.0,100.0,8
,,,,,,84.11550606687278,90.12812298270175,82.42695379526033,85.21324435533757,8
,,,,,,15.884493933127224,9.871877017298251,17.573046204739654,14.786755644662442,8
,,,,,,100.0,100.0,100.0,100.0,8
,,,,,,49.221448947069945,48.518702594575885,52.797124824455,54.948642043856545,8
,,,,,,50.060614771650414,50.457041240764624,47.10017509578419,44.72983673525302,8
,,,,,,0.0,0.0,0.0,0.0,8
,,,,,,8.355161005116404,9.140710532127791,9.063353935546873,10.80516873352083,8
,,,,,,8.018157202940754,8.309047097635382,8.27230654437812,7.2801253530515755,8
,,,,,,0.0,0.0,0.0,0.0,8
,,,,,,3.6794258865098532,2.714673773645294,4.156573885035899,3.5906497204385914,8
,,,,,,19.484207163431915,24.78439017223285,19.49654713114183,20.692227515953043,8
,,,,,,0.0,0.0,0.0,0.0,8
,,,,,,8.051505710944564,10.488109396455705,10.587219900145879,11.74946233768466,8
,,,,,,7.923809050847563,9.918255108619714,11.86385755224277,14.40190320763875,8
,,,,,,1025.6675131221934,631.4078200387918,692.6837230405612,524.7428118366577,8
,,,,,,429.91418529071706,259.22204288513734,293.561397709235,196.36616069343253,8
,,,,,,595.7533278314764,372.1857771536545,399.1223253313263,328.37665114322493,8
,,,,,,1025.6675131221934,631.4078200387918,692.6837230405612,524.7428118366577,8
,,,,,,868.9124192678053,546.6483634697094,592.24972766219,456.9250722088983,8
,,,,,,156.755093854388,84.75945656908246,100.43399537837115,67.81773962775921,8
,,,,,,1025.6675131221934,631.4078200387918,692.6837230405612,524.7428118366577,8
,,,,,,481.1004130545523,294.1670158510553,351.7626032151182,279.5138331007566,8
,,,,,,533.4460476746124,328.1951451433489,332.3539452311838,240.49945852542305,8
,,,,,,1025.6675131221934,631.4078200387918,692.6837230405612,524.7428118366577,8
,,,,,,210.74462042345846,136.5812040115206,154.65204340951757,128.9302475953378,8
,,,,,,212.98950066690512,123.05304903668349,131.3246525947276,96.23903957154852,8
,,,,,,419.3179432473876,270.9602115785738,286.55715336563003,208.64809356046044,8
,,,,,,182.61544878444224,100.81335541201392,120.14987367068622,90.92543110931067,8
,,,,,,4.367411681751526,5.323431543813421,5.793528438484661,6.896454244844111,8
,,,,,,6.2734356448492,7.778482668966549,7.416259399414635,9.837739207321727,8
,,,,,,5.0103169016440585,5.957036565980409,6.971424901020762,7.531512500862905,8
,,,,,,4.367411681751526,5.323431543813421,5.793528438484661,6.896454244844111,8
,,,,,,4.810360960604609,5.775863071687287,6.3261152962275595,7.401206045925419,8
,,,,,,9.009177747302175,10.939836056957583,11.115233600382474,12.746468341231651,8
,,,,,,4.367411681751526,5.323431543813421,5.793528438484661,6.896454244844111,8
,,,,,,6.176923516848869,7.943292763579077,8.605551781656898,10.24781467023214,8
,,,,,,5.99412267613466,6.912684513960164,7.723237808755007,8.211461788962819,8
,,,,,,4.367411681751526,5.323431543813421,5.793528438484661,6.896454244844111,8
,,,,,,7.791281961007197,9.746767232643668,9.33662856813735,10.807594972692947,8
,,,,,,9.471856796162474,11.176181371908923,11.679547569533732,13.051004471798096,8
,,,,,,6.649081054413737,7.506640165728569,8.438663603452143,9.316066160557622,8
,,,,,,9.039073030926728,12.874844116808504,12.449770400322722,14.258432202036722,8
,,,,,,100.0,100.0,100.0,100.0,8
,,,,,,41.91555058442208,41.05461393702908,42.38029391258628,37.42141031072526,8
,,,,,,58.084449415577886,58.94538606297092,57.619706087413725,62.57858968927476,8
,,,,,,100.0,100.0,100.0,100.0,8
,,,,,,84.71677304302871,86.57611548683781,85.50074268563547,87.0760040732355,8
,,,,,,15.28322695697128,13.423884513162204,14.499257314364531,12.923995926764517,8
,,,,,,100.0,100.0,100.0,100.0,8
,,,,,,46.906078909534116,46.589067559059146,50.78257096486156,53.26682458449071,8
,,,,,,52.0096464838562,51.97831492222975,47.98062004002398,45.831872890959396,8
,,,,,,100.0,100.0,100.0,100.0,8
,,,,,,20.547069857164452,21.63121831515001,22.326501730207625,24.570178892792796,8
,,,,,,20.76594002851395,19.488679919916656,18.95881889908905,18.34023018527902,8
,,,,,,40.88244366548752,42.913661025282664,41.36911895486393,39.76197269480819,8
,,,,,,17.804546448834067,15.966440739650675,17.345560415839405,17.327618227120002,8
,,,,,,0.0,0.0,0.0,0.0,8
,,,,,,4.078392304253276,5.0009292273283785,4.912251363408602,6.355288251082356,8
,,,,,,2.943095108106486,3.4830753086431443,3.6130461380335657,3.8004028289478144,8
,,,,,,0.0,0.0,0.0,0.0,8
,,,,,,1.5274980911040352,1.6047706528571177,1.7743724619100116,1.7711384304379185,8
,,,,,,8.46710642144155,10.34982156136843,10.463305809735852,11.933124867649624,8
,,,,,,0.0,0.0,0.0,0.0,8
,,,,,,4.4158600310095135,5.489789400592415,5.611898633653785,5.864085765945626,8
,,,,,,4.0092962186868375,4.8812007572689495,5.921707349241947,6.772391394575025,8
,,,,,,0.0,0.0,0.0,0.0,8
,,,,,,6.857914487574767,8.58145631142815,8.519933085217973,8.602159855585965,8
,,,,,,8.043713471331355,9.7643893471291,9.958686704216134,10.737844007787,8
,,,,,,4.7674580594567795,5.316351892737172,5.402267952236004,6.173179203616897,8
,,,,,,8.297806111569898,11.348146665336165,11.008777586684472,12.628262227300471,8
,,,,,,1.0024620426236084,0.6228464994152644,0.6635306576118501,0.49676647814400304,8
,,,,,,0.8259365557670436,0.5124194551814457,0.5584589796387931,0.3512455798466141,8
,,,,,,1.1701359007037748,0.7277385609516985,0.7633378732626588,0.6349993117838078,8
,,,,,,1.0024620426236084,0.6228464994152644,0.6635306576118501,0.49676647814400304,8
,,,,,,1.0029208083116603,0.6374190077376056,0.672619940946047,0.5233751092870855,8
,,,,,,1.000054473837313,0.5466029364718533,0.6161162180380216,0.35839128723030816,8
,,,,,,1.0024620426236084,0.6228464994152644,0.6635306576118501,0.49676647814400304,8
,,,,,,0.895683313639018,0.5566038710101744,0.6849850437882883,0.49375117886531267,8
,,,,,,1.1202841033204176,0.6893043767593218,0.6378769657102366,0.501657916759783,8
,,,,,,1.0024620426236084,0.6228464994152644,0.6635306576118501,0.49676647814400304,8
,,,,,,0.5652718574040067,0.3543369819027537,0.39940849059117056,0.32056790270149993,8
,,,,,,1.2574523705866774,0.7655065804700201,0.7264108376890253,0.5737495866491521,8
,,,,,,1.3090060795888936,0.846938533742276,0.8677121724543077,0.6327799041489518,8
,,,,,,1.1114427150871453,0.6405205545629302,0.7933450094860385,0.5494672561743408,8
,,,,,,4.5526180917311265,5.6262999598314565,6.484996266784217,7.22726666213149,8
,,,,,,6.508752974650932,8.391296341881404,8.234268138791618,9.86236439731719,8
,,,,,,5.275349587330765,6.267940413834652,7.757121184156691,8.118639951331469,8
,,,,,,4.5526180917311265,5.6262999598314565,6.484996266784217,7.22726666213149,8
,,,,,,4.980767365390809,6.117467790441902,7.129713645126174,7.664711665685774,8
,,,,,,9.587391635466265,11.552098866970631,11.889275640156137,14.881187535092643,8
,,,,,,4.5526180917311265,5.6262999598314565,6.484996266784217,7.22726666213149,8
,,,,,,6.69942431104154,8.167866760736985,9.367650349487848,10.475703361409426,8
,,,,,,6.062748914460061,7.435503054407936,8.617336319520666,8.86877661247772,8
,,,,,,4.5526180917311265,5.6262999598314565,6.484996266784217,7.22726666213149,8
,,,,,,8.535913226084933,10.83660261505265,10.168870631602696,10.881561945719048,8
,,,,,,9.48176682585127,11.921245437136927,13.054698584615041,13.945949109372915,8
,,,,,,6.584054465078762,7.959527790980542,9.40130295545411,10.188960791312905,8
,,,,,,9.581888162954174,12.450972040823432,13.214701286956593,14.927380173450505,8
,,,,,,0.3344694022304652,0.22578384940311022,0.2764558341065915,0.19317934187345107,8
,,,,,,0.31672254020650226,0.22383072734536227,0.25498252599081334,0.17281580205885141,8
,,,,,,0.3513263721636064,0.22763907427570285,0.2968532536128953,0.21252302270860168,8
,,,,,,0.3344694022304652,0.22578384940311022,0.2764558341065915,0.19317934187345107,8
,,,,,,0.3310104805502263,0.23277440005188715,0.28809948043614764,0.19386068986578403,8
,,,,,,0.3526215702946073,0.18920919275446701,0.21571650571150555,0.18963606833898183,8
,,,,,,0.3344694022304652,0.22578384940311022,0.2764558341065915,0.19317934187345107,8
,,,,,,0.3149287738645012,0.21128821443876128,0.2813794770150765,0.22248372596082072,8
,,,,,,0.3605651181600935,0.2447646532314339,0.2758680922538621,0.16571235149508165,8
,,,,,,8.732727910737658,10.04057611030584,10.498517715303848,13.094173338618752,8
,,,,,,11.888569521106666,13.077837546487139,12.977534908226893,19.128528909478863,8
,,,,,,10.913068735019568,11.394702236527072,12.615904000379699,13.109987907068676,8
,,,,,,8.732727910737658,10.04057611030584,10.498517715303848,13.094173338618752,8
,,,,,,9.358628313926197,10.73156223771275,11.094253946911428,13.964405506381281,8
,,,,,,18.96573124877364,20.3891386134305,21.489774594201414,20.72706015138983,8
,,,,,,8.732727910737658,10.04057611030584,10.498517715303848,13.094173338618752,8
,,,,,,10.70068112610004,14.41480751910262,15.306434404428016,18.357287984048405,8
,,,,,,11.778160730882355,13.406669806702961,13.337806723343684,16.006374811160132,8
,,,,,,0.2523885678184113,0.16105984338565696,0.20650048766070075,0.1358100356213527,8
,,,,,,0.2537185529982157,0.157430560033582,0.20227517638301798,0.11222135714423968,8
,,,,,,0.25112527292395537,0.16450721459205217,0.21051409591383638,0.15821733179572028,8
,,,,,,0.2523885678184113,0.16105984338565696,0.20650048766070075,0.1358100356213527,8
,,,,,,0.25275159466867636,0.17290483032839438,0.20284148137003993,0.13798189054229482,8
,,,,,,0.2504834294524706,0.09908670962199831,0.22558777169508293,0.1245155485917054,8
,,,,,,0.2523885678184113,0.16105984338565696,0.20650048766070075,0.1358100356213527,8
,,,,,,0.24011116710763827,0.15210493074529405,0.21178271228923806,0.14438308019648896,8
,,,,,,0.2682245276108866,0.17098123202823695,0.2053085891385303,0.12875148141297985,8
,,,,,,10.06484103747511,11.204017611282861,12.00011856086404,14.217896701325214,8
,,,,,,12.680890268113796,15.237747568499255,14.881919316712002,19.651710948405352,8
,,,,,,13.246923868471738,13.174454219598534,14.720785097281851,14.484875942195446,8
,,,,,,10.06484103747511,11.204017611282861,12.00011856086404,14.217896701325214,8
,,,,,,10.492599931057105,11.900229332268408,13.200594364542056,14.571941209951811,8
,,,,,,22.495774098891182,25.69476308161104,21.523360797967918,25.414085980871633,8
,,,,,,10.06484103747511,11.204017611282861,12.00011856086404,14.217896701325214,8
,,,,,,12.667738789088947,15.241331110274636,17.065034775697885,20.948262697568712,8
,,,,,,13.122547843182728,14.89306584849899,15.602573944770793,17.006974738860485,8
,,,,,,1.1537154098788966,0.7098155026853521,0.7782418935562992,0.5892109906345648,8
,,,,,,0.9927012090136461,0.5982013644226767,0.6770392549883035,0.45260709896303064,8
,,,,,,1.3066557741601652,0.8158351570210711,0.8743739223469392,0.718973404507184,8
,,,,,,1.1537154098788966,0.7098155026853521,0.7782418935562992,0.5892109906345648,8
,,,,,,1.1636336214678897,0.7319865536750148,0.7929593686524761,0.6117196867943478,8
,,,,,,1.10166536067203,0.5938162605328978,0.701467872110454,0.47215705006994313,8
,,,,,,1.1537154098788966,0.7098155026853521,0.7782418935562992,0.5892109906345648,8
,,,,,,1.0459624863082297,0.6436893739821923,0.7676945213967146,0.6072326604741173,8
,,,,,,1.2738410100165145,0.7762597459230609,0.7882136959890269,0.5723497567695439,8
,,,,,,1.1537154098788966,0.7098155026853521,0.7782418935562992,0.5892109906345648,8
,,,,,,0.6606322949867484,0.42303096619786895,0.4793722948739445,0.39864904833602655,8
,,,,,,1.4662053941722195,0.8480225059913756,0.9135636348425544,0.6740259243855684,8
,,,,,,1.47574773792635,0.9554292189109643,1.006718591153656,0.7356800840800466,8
,,,,,,1.298801454417001,0.7307000232026544,0.8640520022292553,0.6459023510035127,8
,,,,,,4.367411681751525,5.323431543813422,5.793528438484661,6.896454244844113,8
,,,,,,6.273435644849201,7.7784826689665465,7.41625939941463,9.837739207321725,8
,,,,,,5.01031690164406,5.95703656598041,6.971424901020759,7.531512500862904,8
,,,,,,4.367411681751525,5.323431543813422,5.793528438484661,6.896454244844113,8
,,,,,,4.8103609606046085,5.775863071687285,6.326115296227558,7.401206045925419,8
,,,,,,9.009177747302171,10.939836056957583,11.115233600382474,12.746468341231655,8
,,,,,,4.367411681751525,5.323431543813422,5.793528438484661,6.896454244844113,8
,,,,,,6.23635409190356,7.936782628543379,8.58025189484265,10.215629791410016,8
,,,,,,5.900554459569056,6.871297598673497,7.649169614469253,8.182411932449067,8
,,,,,,4.367411681751525,5.323431543813422,5.793528438484661,6.896454244844113,8
,,,,,,7.73055047210233,9.72183546090152,9.278391649674852,10.760971733317248,8
,,,,,,9.347393198023921,11.021830182713328,11.568293544301335,12.99700141787146,8
,,,,,,6.608085762210266,7.500482236125694,8.447311805068463,9.356826677472496,8
,,,,,,8.998239669198478,12.790998832058657,12.365647119082306,14.134945251492754,8
,,,,,,9641.198194644763,6049.263176266648,5667.546936732205,4791.874802000461,8
,,,,,,1387.9938702116565,1059.349655382138,1214.9011978613853,1107.1632204456134,8
,,,,,,8249.357359268119,4989.279042170619,4449.228132181632,3682.2711183593756,8
,,,,,,4162.2212351766775,2587.697291687303,2381.042139728587,2018.6865127722099,8
,,,,,,608.2238228591589,465.4563661409495,517.7677283188671,477.6800359102786,8
,,,,,,3553.9974123175175,2122.2409255463535,1860.881640095427,1539.9226095670522,8
,,,,,,5478.976959468084,3461.565884579343,3286.504797003618,2773.188289228253,8
,,,,,,779.770047352498,593.8932892411888,697.1334695425182,629.4831845353347,8
,,,,,,4695.359946950597,2867.038116624265,2588.3464920862034,2142.348508792323,8
,,,,,,9641.198194644763,6049.263176266648,5667.546936732205,4791.874802000461,8
,,,,,,1387.9938702116565,1059.349655382138,1214.9011978613853,1107.1632204456134,8
,,,,,,8249.357359268119,4989.279042170619,4449.228132181632,3682.2711183593756,8
,,,,,,4765.1803385584735,3016.2624228100763,2841.0985347355727,2436.889641055331,8
,,,,,,657.7601121603888,491.41745141036614,620.3494277576575,568.9154285377978,8
,,,,,,4104.470925904436,2524.8449713997097,2220.7491069779153,1867.437696174867,8
,,,,,,4732.298054927667,2975.0190816166523,2771.0053545571204,2301.8222534739034,8
,,,,,,718.4012578707784,562.1478498089417,585.0386758709047,532.0861682594423,8
,,,,,,4012.9991323855493,2412.236753093822,2182.5490719970257,1767.8321383616533,8
,,,,,,9641.198194644763,6049.263176266648,5667.546936732205,4791.874802000461,8
,,,,,,1387.9938702116565,1059.349655382138,1214.9011978613853,1107.1632204456134,8
,,,,,,8249.357359268119,4989.279042170619,4449.228132181632,3682.2711183593756,8
,,,,,,8021.93468664046,4981.578664765207,4643.079896884623,3917.274159968781,8
,,,,,,1158.7818897354025,870.039346624493,1012.5829298778231,930.9822166604496,8
,,,,,,6860.540590198506,4110.904839426822,3628.079400021382,2984.1483847361474,8
,,,,,,1619.263508004303,1067.6845115014416,1024.4670398475819,874.6006420316817,8
,,,,,,229.21198047625418,189.310308757645,202.31826798356238,176.1810037851637,8
,,,,,,1388.8167690696123,878.3742027437963,821.148732160249,698.1227336232276,8
,,,,,,1.7839557540969049,2.13539234331115,2.25436004115743,2.4976064631932235,8
,,,,,,3.735965705537804,3.9767311275190065,4.274411158895756,4.722388157511977,8
,,,,,,1.9197122715542831,2.397153362921728,2.516658934047075,2.855195683076583,8
,,,,,,2.233669042312472,2.7883823929662155,2.7670581579426035,3.176995168810222,8
,,,,,,5.3194004164650766,5.667990342903111,5.46897246611288,6.519048562047948,8
,,,,,,2.395995618412078,3.1511768025435565,3.1141661436265786,3.6482345207444187,8
,,,,,,1.9753453957874332,2.2934938922415293,2.4728685631988214,2.780535727365056,8
,,,,,,4.701596241018733,4.80841342636365,4.962858680255949,5.274829269885719,8
,,,,,,2.129026148537441,2.5558364054388614,2.7954601984664897,3.107837823643712,8
,,,,,,1.7839557540969049,2.13539234331115,2.25436004115743,2.4976064631932235,8
,,,,,,3.735965705537804,3.9767311275190065,4.274411158895756,4.722388157511977,8
,,,,,,1.9197122715542831,2.397153362921728,2.516658934047075,2.855195683076583,8
,,,,,,2.4134450323816092,2.988654307540591,3.0476541519144575,3.3565723258388003,8
,,,,,,5.475016362377318,5.662342817874254,5.823398831290316,6.6220765691092325,8
,,,,,,2.575427907644104,3.3128350926241055,3.3740540869568494,3.7417670146973068,8
,,,,,,2.4289376213257694,2.7356807686824967,2.90652243435151,3.473590426694114,8
,,,,,,4.583859198342648,5.28149650980567,5.5269028900099775,6.514289060887039,8
,,,,,,2.6103426285328446,3.041001445267532,3.237177553887787,3.9454718476878496,8
,,,,,,1.7839557540969049,2.13539234331115,2.25436004115743,2.4976064631932235,8
,,,,,,3.735965705537804,3.9767311275190065,4.274411158895756,4.722388157511977,8
,,,,,,1.9197122715542831,2.397153362921728,2.516658934047075,2.855195683076583,8
,,,,,,1.9708632483710453,2.3233277031070156,2.4815011883372877,2.754675358855416,8
,,,,,,4.105632258894933,4.404503259676767,4.750406056539481,5.254879735576061,8
,,,,,,2.1313774545365116,2.621697312921782,2.761953751624078,3.168182216994037,8
,,,,,,2.7697773907557672,3.475336654405726,3.5973381152286126,3.8080305362722777,8
,,,,,,7.8447217483642655,7.88999046293042,7.808206482876173,8.738013469499844,8
,,,,,,2.980712261368148,3.8197944972476625,4.000202629518481,4.344422066055976,8
,,,,,,100.0,100.0,100.0,100.0,8
,,,,,,14.402233945421752,17.513881382911553,21.4490370376511,23.116784616403393,8
,,,,,,85.59776605457824,82.48611861708845,78.55096296234892,76.8832153835966,8
,,,,,,100.0,100.0,100.0,100.0,8
,,,,,,14.612962370159574,17.98728033747137,21.76729934198047,23.675624979033845,8
,,,,,,85.38703762984042,82.01271966252862,78.23270065801954,76.32437502096617,8
,,,,,,100.0,100.0,100.0,100.0,8
,,,,,,14.24203714183687,17.159926609197775,21.218618822344776,22.710007467286854,8
,,,,,,85.75796285816311,82.84007339080223,78.78138117765519,77.28999253271316,8
,,,,,,100.0,100.0,100.0,100.0,8
,,,,,,14.402233945421752,17.513881382911553,21.4490370376511,23.116784616403393,8
,,,,,,85.59776605457824,82.48611861708845,78.55096296234892,76.8832153835966,8
,,,,,,100.0,100.0,100.0,100.0,8
,,,,,,13.812015983745201,16.292264482496225,21.834843817389636,23.351107143177106,8
,,,,,,86.18798401625477,83.70773551750375,78.16515618261036,76.6488928568229,8
,,,,,,100.0,100.0,100.0,100.0,8
,,,,,,15.183691901244027,18.899635550168263,21.13893864147945,23.135002957611647,8
,,,,,,84.81630809875598,81.1003644498317,78.86106135852056,76.86499704238834,8
,,,,,,100.0,100.0,100.0,100.0,8
,,,,,,14.402233945421752,17.513881382911553,21.4490370376511,23.116784616403393,8
,,,,,,85.59776605457824,82.48611861708845,78.55096296234892,76.8832153835966,8
,,,,,,100.0,100.0,100.0,100.0,8
,,,,,,12.431330022592554,17.37537637751147,21.412589775647586,21.321684434963146,8
,,,,,,87.56866997740747,82.62462362248854,78.58741022435242,78.67831556503687,8
,,,,,,100.0,100.0,100.0,100.0,8
,,,,,,10.909114370185677,16.04483265752428,16.88192828071513,19.980017300811117,8
,,,,,,89.09088562981431,83.9551673424757,83.11807171928487,80.01998269918889,8
,,,,,,0.0,0.0,0.0,0.0,8
,,,,,,3.4284793048290596,3.7274153699434804,3.734411746550418,4.150630937086062,8
,,,,,,0.5768580571799169,0.7914242026234374,1.0197142446744105,1.2479868449319602,8
,,,,,,0.0,0.0,0.0,0.0,8
,,,,,,4.863181722272588,5.2942100812345965,4.809650845280308,5.710965328243919,8
,,,,,,0.832274938672679,1.16114233607282,1.3382269664609092,1.7715267677282105,8
,,,,,,0.0,0.0,0.0,0.0,8
,,,,,,4.337677992179841,4.45988363610579,4.420626117569823,4.536096643545928,8
,,,,,,0.7203689198649524,0.9238436513702406,1.190631328654852,1.3328347599938193,8
,,,,,,0.0,0.0,0.0,0.0,8
,,,,,,3.4284793048290596,3.7274153699434804,3.734411746550418,4.150630937086062,8
,,,,,,0.5768580571799169,0.7914242026234374,1.0197142446744105,1.2479868449319602,8
,,,,,,0.0,0.0,0.0,0.0,8
,,,,,,5.009569576329287,5.305415814638295,5.011220927951796,5.643246557638587,8
,,,,,,0.8028062826819844,1.032607525545005,1.3998465766592387,1.7192166786927563,8
,,,,,,0.0,0.0,0.0,0.0,8
,,,,,,4.14010285941776,4.7629514387835625,4.836692133709476,5.677350629571853,8
,,,,,,0.7411551818980987,1.1099585920090855,1.2964895029423047,1.7087820029982017,8
,,,,,,0.0,0.0,0.0,0.0,8
,,,,,,3.4284793048290596,3.7274153699434804,3.734411746550418,4.150630937086062,8
,,,,,,0.5768580571799169,0.7914242026234374,1.0197142446744105,1.2479868449319602,8
,,,,,,0.0,0.0,0.0,0.0,8
,,,,,,13.63312506044422,12.897535407963145,10.745623325537442,12.46983568929425,8
,,,,,,1.9353711425488604,2.7122608519168585,2.9278433211693127,3.379303428314931,8
,,,,,,0.0,0.0,0.0,0.0,8
,,,,,,12.923168242995109,12.330485118839642,12.50467081428011,12.46585158259629,8
,,,,,,1.5824325843361693,2.3565026022857003,2.539796117667259,3.1125716588306895,8
,,,,,,1025.6675131221934,631.4078200387918,692.6837230405612,524.7428118366577,8
,,,,,,400.07756194095026,314.20872425843373,403.804064948594,314.396839145919,8
,,,,,,625.5899511812432,317.1990957803581,285.46205140277794,208.73893046122015,8
,,,,,,429.91418529071706,259.22204288513734,293.561397709235,196.36616069343253,8
,,,,,,176.9136770324606,134.56523793147485,183.40716170440317,133.41166584044439,8
,,,,,,253.00050825825645,124.6568049536625,107.76146469053889,62.407143900774834,8
,,,,,,595.7533278314764,372.1857771536545,399.1223253313263,328.37665114322493,8
,,,,,,223.16388490848956,179.64348632695882,220.39690324419072,180.98517330547463,8
,,,,,,372.5894429229867,192.5422908266957,177.70058671223904,146.3317865604453,8
,,,,,,1025.6675131221934,631.4078200387918,692.6837230405612,524.7428118366577,8
,,,,,,400.07756194095026,314.20872425843373,403.804064948594,314.396839145919,8
,,,,,,625.5899511812432,317.1990957803581,285.46205140277794,208.73893046122015,8
,,,,,,481.1004130545523,294.1670158510553,351.7626032151182,279.5138331007566,8
,,,,,,195.09316289910342,144.8067489987424,222.51885975777455,180.15160413497486,8
,,,,,,286.0072501554489,149.36026685231286,129.24374345734358,99.36222896578171,8
,,,,,,533.4460476746124,328.1951451433489,332.3539452311838,240.49945852542305,8
,,,,,,201.7140385662851,166.67163836522548,174.80805392620675,133.68996830048587,8
,,,,,,331.7320091083272,161.52350677812356,154.12828461578752,105.20244799541891,8
,,,,,,1025.6675131221934,631.4078200387918,692.6837230405612,524.7428118366577,8
,,,,,,400.07756194095026,314.20872425843373,403.804064948594,314.396839145919,8
,,,,,,625.5899511812432,317.1990957803581,285.46205140277794,208.73893046122015,8
,,,,,,868.9124192678053,546.6483634697094,592.24972766219,456.9250722088983,8
,,,,,,342.4658546856981,271.5456543142263,352.00469105844473,275.76903568722196,8
,,,,,,526.4465645821074,275.10270915548307,237.82746961832663,179.548994292158,8
,,,,,,156.755093854388,84.75945656908246,100.43399537837115,67.81773962775921,8
,,,,,,57.61170725525216,42.66306994420737,51.79937389014926,38.62780345869706,8
,,,,,,99.14338659913588,42.0963866248751,47.634581784451264,29.189936169062157,8
,,,,,,4.367411681751526,5.323431543813421,5.793528438484661,6.896454244844111,8
,,,,,,7.142332573818537,7.9658804902783835,7.914115949312024,8.981261365846294,8
,,,,,,5.296793198489721,6.881294624435258,7.454606632365275,9.328912057119577,8
,,,,,,6.2734356448492,7.778482668966549,7.416259399414635,9.837739207321727,8
,,,,,,10.829556684941219,10.616053904570206,9.529445635158783,12.730987464954518,8
,,,,,,7.6256090506280865,10.88622363894847,11.403151171298182,15.170160701018368,8
,,,,,,5.0103169016440585,5.957036565980409,6.971424901020762,7.531512500862905,8
,,,,,,8.795940771097294,9.186685483320693,9.856803202380425,9.458749042469355,8
,,,,,,5.98826374737226,7.922155100641572,8.912591911780659,10.25446689484506,8
,,,,,,4.367411681751526,5.323431543813421,5.793528438484661,6.896454244844111,8
,,,,,,7.142332573818537,7.9658804902783835,7.914115949312024,8.981261365846294,8
,,,,,,5.296793198489721,6.881294624435258,7.454606632365275,9.328912057119577,8
,,,,,,6.176923516848869,7.943292763579077,8.605551781656898,10.24781467023214,8
,,,,,,10.10119284956614,11.974053040211244,11.517140287920544,13.118100113055423,8
,,,,,,7.473203376034848,10.400947452115306,10.900754321534656,13.86042087472083,8
,,,,,,5.99412267613466,6.912684513960164,7.723237808755007,8.211461788962819,8
,,,,,,8.904492984502879,10.078694936825242,10.204812088631737,10.841347035461476,8
,,,,,,7.453084375240955,8.667424512623255,10.016366616893906,11.26698098992127,8
,,,,,,4.367411681751526,5.323431543813421,5.793528438484661,6.896454244844111,8
,,,,,,7.142332573818537,7.9658804902783835,7.914115949312024,8.981261365846294,8
,,,,,,5.296793198489721,6.881294624435258,7.454606632365275,9.328912057119577,8
,,,,,,4.810360960604609,5.775863071687287,6.3261152962275595,7.401206045925419,8
,,,,,,7.567537179088199,8.662286963766833,8.443243679898243,9.40688737216088,8
,,,,,,5.932501621568618,7.471113837629447,8.320129506914014,10.318014919021087,8
,,,,,,9.009177747302175,10.939836056957583,11.115233600382474,12.746468341231651,8
,,,,,,16.658815094881323,15.95831056867056,16.628931741520905,17.87058955590826,8
,,,,,,10.494721833928732,15.083438801777776,15.092800415032423,18.110190968156815,8
,,,,,,100.0,100.0,100.0,100.0,8
,,,,,,39.006554933488154,49.763198092657404,58.58463884546213,60.0985169456148,8
,,,,,,60.99344506651183,50.236801907342624,41.41536115453789,39.90148305438517,8
,,,,,,100.0,100.0,100.0,100.0,8
,,,,,,41.150928042262166,51.91118642294684,62.99001509030339,68.13015869964286,8
,,,,,,58.84907195773782,48.088813577053166,37.00998490969658,31.86984130035712,8
,,,,,,100.0,100.0,100.0,100.0,8
,,,,,,37.4591084066285,48.26715510216667,55.36254530725937,55.293551968591004,8
,,,,,,62.54089159337152,51.73284489783333,44.63745469274063,44.70644803140898,8
,,,,,,100.0,100.0,100.0,100.0,8
,,,,,,39.006554933488154,49.763198092657404,58.58463884546213,60.0985169456148,8
,,,,,,60.99344506651183,50.236801907342624,41.41536115453789,39.90148305438517,8
,,,,,,100.0,100.0,100.0,100.0,8
,,,,,,40.551443649868936,49.226031878455736,63.25824795585066,64.45176688984677,8
,,,,,,59.4485563501311,50.77396812154428,36.74175204414934,35.54823311015327,8
,,,,,,100.0,100.0,100.0,100.0,8
,,,,,,37.813390772242656,50.784309527926354,53.14343033701932,55.96241620951682,8
,,,,,,62.18660922775735,49.21569047207367,46.856569662980675,44.03758379048314,8
,,,,,,100.0,100.0,100.0,100.0,8
,,,,,,39.006554933488154,49.763198092657404,58.58463884546213,60.0985169456148,8
,,,,,,60.99344506651183,50.236801907342624,41.41536115453789,39.90148305438517,8
,,,,,,100.0,100.0,100.0,100.0,8
,,,,,,39.413161452368136,49.67464872494274,59.678789073582514,60.56624546577053,8
,,,,,,60.58683854763185,50.32535127505726,40.321210926417486,39.43375453422944,8
,,,,,,100.0,100.0,100.0,100.0,8
,,,,,,36.752685886411115,50.33428914145433,52.09425043861644,56.958258518669204,8
,,,,,,63.24731411358889,49.66571085854569,47.90574956138356,43.04174148133082,8
,,,,,,0.0,0.0,0.0,0.0,8
,,,,,,5.295912016635823,5.223398806790791,4.290105235054009,4.849724403898014,8
,,,,,,3.3868439924086933,5.174155592521677,6.068624268827047,7.304521585625497,8
,,,,,,0.0,0.0,0.0,0.0,8
,,,,,,7.853271906819251,7.137253149060626,5.421857846353427,6.361549806750764,8
,,,,,,5.491495725980531,7.704562687432278,9.227858600661127,13.599484033350215,8
,,,,,,0.0,0.0,0.0,0.0,8
,,,,,,6.627087708754454,6.358052277292517,5.711206282646097,5.648998350326612,8
,,,,,,3.9693197614851226,5.93211326424878,7.083444133599317,6.986759127784483,8
,,,,,,0.0,0.0,0.0,0.0,8
,,,,,,5.295912016635823,5.223398806790791,4.290105235054009,4.849724403898014,8
,,,,,,3.3868439924086933,5.174155592521677,6.068624268827047,7.304521585625497,8
,,,,,,0.0,0.0,0.0,0.0,8
,,,,,,7.307293599945808,8.023280643990873,5.575026371082877,6.3966492981990974,8
,,,,,,4.984499588283055,7.77867642342702,9.59851887625279,11.597632663376348,8
,,,,,,0.0,0.0,0.0,0.0,8
,,,,,,6.857749072118436,6.286097524212457,6.12245665113801,6.503434484382065,8
,,,,,,4.169945084676722,6.486450140803769,6.943921650078298,8.264484017512457,8
,,,,,,0.0,0.0,0.0,0.0,8
,,,,,,5.295912016635823,5.223398806790791,4.290105235054009,4.849724403898014,8
,,,,,,3.3868439924086933,5.174155592521677,6.068624268827047,7.304521585625497,8
,,,,,,0.0,0.0,0.0,0.0,8
,,,,,,5.648415101274234,5.694074065801699,4.52153409611084,5.136122008034809,8
,,,,,,3.6744266852857153,5.620450168078516,6.692251383601626,7.8885622217575415,8
,,,,,,0.0,0.0,0.0,0.0,8
,,,,,,12.47887424308908,10.94923841816293,10.853806522215605,11.016259308810247,8
,,,,,,7.251409039261332,11.09663232221118,11.802777753348618,14.578103116298657,8
,,,,,,952.9308753334301,757.2234780425313,798.5497217671443,798.2493050717602,8
,,,,,,498.39674506716,383.595144579818,439.35454178484287,424.95112234039567,8
,,,,,,413.5388761893396,287.81360488533875,260.2476370182847,308.5681055804834,8
,,,,,,214.186863029226,201.45462869827205,179.85429437398463,183.79395841782514,8
,,,,,,570.1718294721927,445.044593748293,418.3430759688484,460.9791720699695,8
,,,,,,436.86018638727745,318.8574392397276,425.8916320948898,305.22096974708563,8
,,,,,,296.3667302982613,194.66052809727935,311.59611164996414,196.46498286591077,8
,,,,,,214.83933831806414,146.24912730105586,225.77337848604844,140.59026518095155,8
,,,,,,424.56311000045383,342.955274574454,403.45402045820504,323.75351697552355,8
,,,,,,401.87030138920466,323.7894323477926,336.289539452184,340.26480846848415,8
,,,,,,202.453193356625,157.96158639221053,179.8258348993349,166.61278675542175,8
,,,,,,179.39164980941968,120.83620499275908,102.99806397728777,150.14556134606804,8
,,,,,,97.11777395973348,91.33594843996165,79.17457821830077,94.91723291410248,8
,,,,,,249.20977109742077,194.50986399275365,177.77226584063155,219.96801044999825,8
,,,,,,202.18208674485382,144.5885771819559,180.63880902326423,136.6085249145248,8
,,,,,,147.72138580998424,93.0605037640144,139.36889552491294,94.72383785194374,8
,,,,,,111.99068719997307,78.2071388549398,100.14934265943275,63.26157212201842,8
,,,,,,206.09637964547073,168.075609959091,177.33144168668292,158.17880503612088,8
,,,,,,551.0605739442252,433.434045694739,462.2601823149605,457.98449660327583,8
,,,,,,295.943551710535,225.6335581876076,259.5287068855079,258.3383355849739,8
,,,,,,234.14722637992003,166.97739989257965,157.24957304099695,158.42254423441543,8
,,,,,,117.06908906949253,110.11868025831043,100.67971615568385,88.87672550372271,8
,,,,,,320.9620583747719,250.5347297555395,240.57081012821686,241.01116161997118,8
,,,,,,234.67809964242363,174.2688620577717,245.2528230716256,168.612444832561,8
,,,,,,148.6453444882771,101.60002433326491,172.22721612505117,101.74114501396707,8
,,,,,,102.84865111809107,68.0419884461161,125.62403582661574,77.32869305893318,8
,,,,,,218.46673035498299,174.87966461536297,226.12257877152206,165.57471193940265,8
,,,,,,952.9308753334301,757.2234780425313,798.5497217671443,798.2493050717602,8
,,,,,,498.39674506716,383.595144579818,439.35454178484287,424.95112234039567,8
,,,,,,413.5388761893396,287.81360488533875,260.2476370182847,308.5681055804834,8
,,,,,,214.186863029226,201.45462869827205,179.85429437398463,183.79395841782514,8
,,,,,,570.1718294721927,445.044593748293,418.3430759688484,460.9791720699695,8
,,,,,,436.86018638727745,318.8574392397276,425.8916320948898,305.22096974708563,8
,,,,,,296.3667302982613,194.66052809727935,311.59611164996414,196.46498286591077,8
,,,,,,214.83933831806414,146.24912730105586,225.77337848604844,140.59026518095155,8
,,,,,,424.56311000045383,342.955274574454,403.45402045820504,323.75351697552355,8
,,,,,,401.8238403417232,306.9599245201161,371.9612272026515,373.9034567260628,8
,,,,,,201.4947284599271,147.7671375377289,198.18038561610985,197.60245208294225,8
,,,,,,183.19074217595582,117.29050662783835,122.30155256384732,157.7841827660418,8
,,,,,,91.46599419825087,82.45444372778721,89.50211915333352,95.24582569314104,8
,,,,,,246.93079368615943,182.06960265144264,200.46493009237014,227.9839536487467,8
,,,,,,261.43338863791803,186.57438355266055,250.45906493771713,191.63809193256824,8
,,,,,,171.82144875466946,115.9509373043469,189.35948963219755,134.25130861357363,8
,,,,,,133.09495442682947,85.51229263278492,137.6635832545791,97.2595415823569,8
,,,,,,224.39619166581477,167.9667363605721,224.9920500060845,191.87466065224464,8
,,,,,,544.4010747563397,444.88103992998197,422.25025751154425,423.00658952149166,8
,,,,,,292.51879627499835,234.63697399046038,239.38920778059006,226.71646414712782,8
,,,,,,226.939282625073,166.92285741502977,136.8330180717556,150.07687010056154,8
,,,,,,120.9970551989756,118.4089452721507,88.91195293852712,88.54813272468418,8
,,,,,,318.1083707657227,258.78351055604577,215.32485721167245,232.28816570734267,8
,,,,,,172.42654387613393,131.48133185456584,170.65280436179145,108.76051299034987,8
,,,,,,123.28458880451184,78.30970753082765,117.45685922238522,60.89331997347379,8
,,,,,,80.48369115215456,60.736834668270994,83.33003243608808,42.265786630041234,8
,,,,,,197.18241196355942,174.39729851554765,172.2419853746152,130.8139193547254,8
,,,,,,952.9308753334301,757.2234780425313,798.5497217671443,798.2493050717602,8
,,,,,,498.39674506716,383.595144579818,439.35454178484287,424.95112234039567,8
,,,,,,413.5388761893396,287.81360488533875,260.2476370182847,308.5681055804834,8
,,,,,,214.186863029226,201.45462869827205,179.85429437398463,183.79395841782514,8
,,,,,,570.1718294721927,445.044593748293,418.3430759688484,460.9791720699695,8
,,,,,,436.86018638727745,318.8574392397276,425.8916320948898,305.22096974708563,8
,,,,,,296.3667302982613,194.66052809727935,311.59611164996414,196.46498286591077,8
,,,,,,214.83933831806414,146.24912730105586,225.77337848604844,140.59026518095155,8
,,,,,,424.56311000045383,342.955274574454,403.45402045820504,323.75351697552355,8
,,,,,,790.8467813328638,640.1146771339152,673.0636327660554,680.5168625097456,8
,,,,,,407.21163240147547,314.72893960132467,370.73728339693986,359.5567682679922,8
,,,,,,348.9077543448127,245.01006351298489,225.19313124950216,268.0940369658334,8
,,,,,,173.18639009609126,171.5893144737832,144.52026494713783,155.11207276589127,8
,,,,,,477.9738077914748,379.36234024310534,354.9697871381569,395.1195897570983,8
,,,,,,368.67283744668265,251.10742413673646,355.01576389997064,244.83383214851173,8
,,,,,,254.4892927217873,160.63987908440149,262.97383147513614,159.0739888261372,8
,,,,,,184.2704284654323,115.40275949214353,189.33914474375186,114.08340905993303,8
,,,,,,353.57707919919176,282.24359254105275,331.6857572890616,268.564775202571,8
,,,,,,162.0840940005663,117.10880090861639,125.48608900108904,117.73244256201437,8
,,,,,,91.18511266568466,68.86620497849337,68.61725838790302,65.39435407240339,8
,,,,,,64.63112184452693,42.803541372353855,35.05450576878256,40.47406861464997,8
,,,,,,41.000472933134766,29.865314224488852,35.33402942684678,28.681885651933946,8
,,,,,,92.1980216807179,65.68225350518772,63.37328883069141,65.85958231287113,8
,,,,,,68.1873489405947,67.7500151029912,70.87586819491924,60.38713759857398,8
,,,,,,41.87743757647405,34.02064901287784,48.62228017482798,37.39099403977364,8
,,,,,,30.568909852631815,30.846367808912355,36.43423374229661,26.506856121018558,8
,,,,,,70.98603080126207,60.71168203340121,71.76826316914338,55.18874177295251,8
,,,,,,4.444063183300635,4.8157646137867385,5.056896892358147,5.761329878341142,8
,,,,,,5.93162810564796,6.458743877730837,6.578554326542293,7.638754547877922,8
,,,,,,7.306073652390229,7.779644428414209,8.811874316404346,11.019656581974067,8
,,,,,,9.275419317122047,9.637143460557587,10.858328128920633,12.522699985287847,8
,,,,,,6.08515836615903,6.391602330982494,7.357432229062881,8.033069070849699,8
,,,,,,6.472247569125017,7.219131935751428,7.174663757936905,8.377675131816806,8
,,,,,,8.115966683111038,9.657065751632071,8.880767531093952,10.48772508119008,8
,,,,,,9.110578892468277,11.058504480521696,10.520694344253963,13.260561813554142,8
,,,,,,6.701310472545788,7.250416529683563,8.1375230908339,9.083635352854014,8
,,,,,,6.343317601232068,6.85684371018053,6.531904624948688,8.174051015190228,8
,,,,,,8.805430966640733,9.452492304458213,8.893567008099412,12.163503211150626,8
,,,,,,9.49079036005332,10.586731964202025,11.104325246613463,14.723549477642193,8
,,,,,,14.164506186242598,12.539286603300983,15.373802449045263,18.625503971801972,8
,,,,,,8.449089542956377,8.590109978217619,9.266515043403139,10.988946443621694,8
,,,,,,8.979966152880154,10.206178139856254,9.820867691212893,11.063597955171268,8
,,,,,,10.876088326244387,13.204264190907717,11.68533217919122,13.712806708208936,8
,,,,,,12.310874477560953,14.816294198787302,13.38338782401022,17.585111953239483,8
,,,,,,9.391350175840627,9.539670723450776,10.425004265602706,13.15125286191256,8
,,,,,,5.507563546927783,5.643874261662353,5.837651177723484,6.307114393092476,8
,,,,,,7.196242283413559,7.39670754216897,7.589654185543833,8.345096675930023,8
,,,,,,9.011578203216981,9.682086335783229,10.689204545296706,11.483209584107984,8
,,,,,,10.938372328015824,11.441377436079101,12.9712989373675,12.09753350916396,8
,,,,,,7.571268299045703,7.788287769131329,8.701069461496159,8.59165483200304,8
,,,,,,8.829215201763034,9.392663553872465,8.416853092227871,9.652019295771735,8
,,,,,,11.369638765966748,12.56999079001169,10.367972480114542,12.225264114645691,8
,,,,,,12.183957062264831,14.102099744356797,12.024515066400502,14.618251343014062,8
,,,,,,8.861581417292568,9.131687176055927,9.268197027976624,9.34179672898143,8
,,,,,,4.444063183300635,4.8157646137867385,5.056896892358147,5.761329878341142,8
,,,,,,5.93162810564796,6.458743877730837,6.578554326542293,7.638754547877922,8
,,,,,,7.306073652390229,7.779644428414209,8.811874316404346,11.019656581974067,8
,,,,,,9.275419317122047,9.637143460557587,10.858328128920633,12.522699985287847,8
,,,,,,6.08515836615903,6.391602330982494,7.357432229062881,8.033069070849699,8
,,,,,,6.472247569125017,7.219131935751428,7.174663757936905,8.377675131816806,8
,,,,,,8.115966683111038,9.657065751632071,8.880767531093952,10.48772508119008,8
,,,,,,9.110578892468277,11.058504480521696,10.520694344253963,13.260561813554142,8
,,,,,,6.701310472545788,7.250416529683563,8.1375230908339,9.083635352854014,8
,,,,,,6.962551262890081,7.075744929724786,7.355284569354313,8.385106226960083,8
,,,,,,9.815220154561393,10.054727601808409,9.584563851764491,12.197014634019542,8
,,,,,,11.063233129934574,11.430858158784538,12.652355863074707,15.422715933648975,8
,,,,,,12.906537796472136,15.004002002835096,15.944639973783802,20.109417065040013,8
,,,,,,8.989419892564186,9.307231371472444,10.608284041971098,11.585074777173297,8
,,,,,,8.342173098340028,9.564635699936588,8.881627329278952,10.846751244130935,8
,,,,,,10.613316018192547,12.668277103981646,10.715668231019135,13.390501441572656,8
,,,,,,12.414416044939152,14.789684004613587,12.40403815619378,16.740734353298965,8
,,,,,,8.979721235592846,10.571149620941073,10.133373270905313,13.057047330278735,8
,,,,,,5.291008885369665,5.966304929502334,6.115283837302733,7.515802331693525,8
,,,,,,6.738671371979329,7.9967507171025325,8.109350127107385,8.712533833287614,8
,,,,,,8.665492897309292,9.957540638890995,10.697289726522985,16.0734762548808,8
,,,,,,11.964359884348452,12.167153978153438,13.328564601884782,12.993031004402702,8
,,,,,,7.485003653804273,8.110775516529976,8.744742676862604,11.174349693133452,8
,,,,,,9.35079062102079,11.319938101568342,11.155426648985369,11.51102903001066,8
,,,,,,11.325205391038187,15.154834438588304,14.049730071886701,14.50230495824624,8
,,,,,,12.501328239848494,16.58464744230867,16.998849882941396,17.85806072013805,8
,,,,,,8.796477771711853,9.776017711362014,11.014647725436692,10.509231502430437,8
,,,,,,4.444063183300635,4.8157646137867385,5.056896892358147,5.761329878341142,8
,,,,,,5.93162810564796,6.458743877730837,6.578554326542293,7.638754547877922,8
,,,,,,7.306073652390229,7.779644428414209,8.811874316404346,11.019656581974067,8
,,,,,,9.275419317122047,9.637143460557587,10.858328128920633,12.522699985287847,8
,,,,,,6.08515836615903,6.391602330982494,7.357432229062881,8.033069070849699,8
,,,,,,6.472247569125017,7.219131935751428,7.174663757936905,8.377675131816806,8
,,,,,,8.115966683111038,9.657065751632071,8.880767531093952,10.48772508119008,8
,,,,,,9.110578892468277,11.058504480521696,10.520694344253963,13.260561813554142,8
,,,,,,6.701310472545788,7.250416529683563,8.1375230908339,9.083635352854014,8
,,,,,,4.9276380878545,5.284903528500167,5.657459950357873,6.481188840794936,8
,,,,,,6.558148237004695,7.163959022184176,7.321777222389237,8.617947878748788,8
,,,,,,8.073634363812944,8.687949365603975,9.73087173161401,12.339772063127597,8
,,,,,,10.35062671685296,10.469661585952036,12.45023374472589,14.399580873214553,8
,,,,,,6.756499226998135,6.96284023325143,8.201370644516933,9.08276987185075,8
,,,,,,6.977021972880963,8.357543468267387,7.874130187514893,8.99782490411209,8
,,,,,,8.507635198048805,11.006406250909103,9.63964124071678,11.350629918200683,8
,,,,,,10.165936115017024,12.886540203151881,11.250793864186463,14.240535010573646,8
,,,,,,7.206973318715805,8.064254499985942,8.993007025968721,10.198584911275821,8
,,,,,,9.834371911167604,9.880856975323663,9.381197041213376,10.072700912546098,8
,,,,,,13.308965217847039,13.008526577981488,12.149666181497526,12.765256652199703,8
,,,,,,15.641506438402242,15.646884562763605,15.800158809924314,18.274236848820774,8
,,,,,,20.61229524074818,19.455256301950964,19.47334389042093,19.41790444798843,8
,,,,,,12.840977591930406,13.432339691722998,13.247356811362476,13.638072204156348,8
,,,,,,13.408101094806632,13.076541893881382,13.978282255087576,16.81685478050866,8
,,,,,,18.395395680701057,17.024961625864147,18.003978143897125,21.197985335320276,8
,,,,,,17.552697778341653,17.951223879912273,21.140702701630566,25.372527724190125,8
,,,,,,14.017863564235306,13.404222685788971,14.709261692293419,15.738495946789666,8
,,,,,,68.65526540027992,71.48003250818816,65.72960197692183,72.09861114700676,8
,,,,,,35.90770505284427,36.210437472738334,36.16380842806373,38.381976071184916,8
,,,,,,29.793998739077903,27.168895880889867,21.421300553197558,27.870154994517453,8
,,,,,,15.431398338709112,19.01682109157827,14.804026425406912,16.600439305042254,8
,,,,,,41.078843481149256,42.01111422344805,34.43432903887708,41.63606264706242,8
,,,,,,31.4742158278163,30.09935743309478,35.05565990424532,27.567838608677757,8
,,,,,,21.352164203222884,18.37547471774649,25.647856154761637,17.744897882973135,8
,,,,,,15.478406852423847,13.805557641711756,18.583682268441407,12.698242010276186,8
,,,,,,30.5882554031533,32.3741337746261,33.208792712396125,29.24171531323254,8
,,,,,,66.07276569669358,69.5638637478089,64.94988410036251,71.23278824497392,8
,,,,,,33.28596903766878,33.93692682771829,34.73098554890798,34.87957926437524,8
,,,,,,29.494347815271258,25.96080186733711,19.89271604696391,31.432245448555754,8
,,,,,,15.967439996545847,19.622880915179778,15.29152434342936,19.870462606465416,8
,,,,,,40.97336568073364,41.789065128792814,34.33436580102005,46.049236709426616,8
,,,,,,33.24139554324418,31.063830618694695,34.888000766246655,28.598332491371607,8
,,,,,,24.28733966972399,19.99338939878928,26.91726191151926,19.829976287670412,8
,,,,,,18.412742643575438,16.802249264167784,19.34252313959509,13.24350346806218,8
,,,,,,33.884956803672374,36.109853078729685,34.24922643642892,33.11396607452759,8
,,,,,,70.66962572045502,72.9818055779908,66.30870593809115,72.75563634656044,8
,,,,,,37.95266985636763,37.99227273234511,37.22797975197191,41.039751645736395,8
,,,,,,30.02772768393769,28.11572430897897,22.556594957948192,25.16708120668197,8
,,,,,,15.013283655478888,18.541829357763564,14.441957036111493,14.118999154731801,8
,,,,,,41.161116596426524,42.185142397491155,34.5085726964289,38.28714849593293,8
,,,,,,30.095808429576227,29.34346375262688,35.18018195749066,26.785853693141235,8
,,,,,,19.062715347038896,17.107454516463424,24.70505629834016,16.16264699573656,8
,,,,,,13.18961294644317,11.456938422902985,18.020083859846,12.28447319303928,8
,,,,,,28.016814841340565,29.44631094229149,32.436052585441224,26.30327799171075,8
,,,,,,68.65526540027992,71.48003250818816,65.72960197692183,72.09861114700676,8
,,,,,,35.90770505284427,36.210437472738334,36.16380842806373,38.381976071184916,8
,,,,,,29.793998739077903,27.168895880889867,21.421300553197558,27.870154994517453,8
,,,,,,15.431398338709112,19.01682109157827,14.804026425406912,16.600439305042254,8
,,,,,,41.078843481149256,42.01111422344805,34.43432903887708,41.63606264706242,8
,,,,,,31.4742158278163,30.09935743309478,35.05565990424532,27.567838608677757,8
,,,,,,21.352164203222884,18.37547471774649,25.647856154761637,17.744897882973135,8
,,,,,,15.478406852423847,13.805557641711756,18.583682268441407,12.698242010276186,8
,,,,,,30.5882554031533,32.3741337746261,33.208792712396125,29.24171531323254,8
,,,,,,61.08972449271019,62.464188774562714,59.95995330360165,65.72215095081067,8
,,,,,,30.633467237489537,30.069574679050938,31.946573454973816,34.73318566712308,8
,,,,,,27.850691884351665,23.867794334778925,19.714945656663843,27.73420702819961,8
,,,,,,13.905676630015497,16.77890019801765,14.427694320095023,16.741649270777874,8
,,,,,,37.54116267025138,37.04988541389884,32.314840817534005,40.07343485739195,8
,,,,,,39.746008279409004,37.966576688962256,40.373868940773825,33.68481189288684,8
,,,,,,26.122205585000938,23.5952013856179,30.52464968278681,23.597761965890193,8
,,,,,,20.234573663897628,17.401150974057796,22.19129688765636,17.09560625422468,8
,,,,,,34.11520211050709,34.180051172075444,36.268599589001106,33.726394298251456,8
,,,,,,75.77952694151094,79.13950753012477,72.1747595375589,79.49964023782634,8
,,,,,,40.71802395529976,41.73937053574196,40.918526869053345,42.608975326075786,8
,,,,,,31.589488484149264,29.69376427780738,23.38871321080817,28.20536955348648,8
,,,,,,16.842545008563977,21.063665957700373,15.197619679787893,16.641690389047778,8
,,,,,,44.28004089365642,46.03477726437964,36.80523460968353,43.6561180432866,8
,,,,,,24.00142566386611,23.38910162144222,29.169491078133078,20.440394710151313,8
,,,,,,17.160965053138522,13.930446866859477,20.076768266223713,11.444259145594353,8
,,,,,,11.20316679159149,10.804423549589975,14.243508313709464,7.943410137553639,8
,,,,,,27.447392359525534,31.023386209663595,29.44112799349735,24.585100526601412,8
,,,,,,68.65526540027992,71.48003250818816,65.72960197692183,72.09861114700676,8
,,,,,,35.90770505284427,36.210437472738334,36.16380842806373,38.381976071184916,8
,,,,,,29.793998739077903,27.168895880889867,21.421300553197558,27.870154994517453,8
,,,,,,15.431398338709112,19.01682109157827,14.804026425406912,16.600439305042254,8
,,,,,,41.078843481149256,42.01111422344805,34.43432903887708,41.63606264706242,8
,,,,,,31.4742158278163,30.09935743309478,35.05565990424532,27.567838608677757,8
,,,,,,21.352164203222884,18.37547471774649,25.647856154761637,17.744897882973135,8
,,,,,,15.478406852423847,13.805557641711756,18.583682268441407,12.698242010276186,8
,,,,,,30.5882554031533,32.3741337746261,33.208792712396125,29.24171531323254,8
,,,,,,68.24811367335454,73.57307225441923,66.46997622676362,73.09665537445443,8
,,,,,,35.14135282994958,36.17410417383814,36.613029161144624,38.62122840087834,8
,,,,,,30.109872913571557,28.16080266525356,22.239475365901512,28.796902042610487,8
,,,,,,14.945555469082858,19.722017761553122,14.272437415528577,16.661120909730986,8
,,,,,,41.24795287408362,43.602894709868494,35.05587312053417,42.4411532987646,8
,,,,,,31.815550511482854,28.861617018927053,35.060413663383244,26.298443489797425,8
,,,,,,21.961794102589707,18.463518886546783,25.97059694724129,17.08668393224046,8
,,,,,,15.90208046032793,13.26408511751493,18.698630912788285,12.254091111338791,8
,,,,,,30.512824055260978,32.440325099787515,32.756404191909745,28.84746565470892,8
,,,,,,70.71362223902509,61.86076272187533,62.0241020505792,66.82470869877554,8
,,,,,,39.782001131101964,36.37741939698375,33.9155030693906,37.117710007002614,8
,,,,,,28.197095854342827,22.610253848960195,17.32641650116865,22.97300375470917,8
,,,,,,17.887578497399844,15.775852049727735,17.46457686644369,16.279783311320458,8
,,,,,,40.22391041216514,34.69555035657043,31.323562356633193,37.38177266442455,8
,,,,,,29.748597258710372,35.78781078938746,35.03186780972129,34.27562353556031,8
,,,,,,18.27017832552276,17.97083805744095,24.03257039486833,21.223056536429123,8
,,,,,,13.33652359231663,16.29407717484728,18.00837566741959,15.04524071922146,8
,,,,,,30.969598820169903,32.06992922457502,35.47295253386327,31.325024030541922,8
,,,,,,2.321872326195968,2.553309715525491,3.02063220176776,2.753646366272068,8
,,,,,,4.796376945379822,5.243921958998806,5.55920994882341,5.880489744895918,8
,,,,,,5.834167177424647,6.528644410804504,7.657453188537684,8.730768845917217,8
,,,,,,8.513052746228318,8.524341305885844,9.550861574615285,11.275893165576507,8
,,,,,,4.479921582117042,4.69023365164156,5.651477522592503,5.530831326394557,8
,,,,,,5.229600382919724,6.087167277327403,5.455227425190948,7.4325745344728285,8
,,,,,,7.026623796896003,8.668707181104333,7.264702200799422,9.793122761998161,8
,,,,,,8.107850903101168,10.249599957742799,9.04092042748417,12.555368857470334,8
,,,,,,5.466142826490133,5.808414592002244,6.185476637071063,7.595871815899065,8
,,,,,,3.5887106058936102,3.7446581267358408,4.1643507711504375,4.028714060836386,8
,,,,,,7.300132678627125,7.647950738476251,7.420183422065936,9.397862140243083,8
,,,,,,8.121192382121903,8.943020758203414,10.334368316746605,11.177751657379856,8
,,,,,,12.85484860399701,11.108689329891002,13.93879776484753,16.06447767483619,8
,,,,,,6.45395928727276,6.2963984555576165,7.57289546548787,7.260690322061015,8
,,,,,,7.082300447887467,8.451765775109777,7.61435702633652,9.944488674420853,8
,,,,,,9.054269137065111,11.604707382182417,9.557270240784067,12.689775819317257,8
,,,,,,10.656956217124538,13.320415740564231,11.690344911586212,16.72305928657756,8
,,,,,,7.146939477624918,7.300914071220331,8.161462329806982,10.377468000520055,8
,,,,,,2.778022648794651,3.076942836340335,3.463072577927987,3.0185328162890004,8
,,,,,,5.888896231872042,6.096582079273964,6.393451454518663,6.328332713040624,8
,,,,,,7.082112555740972,8.110697896897477,9.041450745486888,9.752743822164177,8
,,,,,,9.834179121246356,10.281787166456304,11.61903874322263,11.327279914563979,8
,,,,,,5.501719898063835,5.868221543181878,6.653069766136905,6.555526376726896,8
,,,,,,7.141770219497253,7.850869046671999,6.465971181278009,8.463961635333424,8
,,,,,,10.017329088520627,11.313103057462987,8.637271108783034,11.49310081256463,8
,,,,,,11.119236198282477,13.228010090074898,10.451048810270672,13.89152707897383,8
,,,,,,7.393265859486066,7.657954349969717,7.1784309141154505,8.242429589805713,8
,,,,,,2.321872326195968,2.553309715525491,3.02063220176776,2.753646366272068,8
,,,,,,4.796376945379822,5.243921958998806,5.55920994882341,5.880489744895918,8
,,,,,,5.834167177424647,6.528644410804504,7.657453188537684,8.730768845917217,8
,,,,,,8.513052746228318,8.524341305885844,9.550861574615285,11.275893165576507,8
,,,,,,4.479921582117042,4.69023365164156,5.651477522592503,5.530831326394557,8
,,,,,,5.229600382919724,6.087167277327403,5.455227425190948,7.4325745344728285,8
,,,,,,7.026623796896003,8.668707181104333,7.264702200799422,9.793122761998161,8
,,,,,,8.107850903101168,10.249599957742799,9.04092042748417,12.555368857470334,8
,,,,,,5.466142826490133,5.808414592002244,6.185476637071063,7.595871815899065,8
,,,,,,4.266547456478212,4.595930152859012,4.566463400206685,4.5307363711689685,8
,,,,,,7.94282194961647,8.814753712878144,8.413900026968232,9.310957437040335,8
,,,,,,9.370256958415784,10.103143472105213,10.961436984021027,12.009870391820275,8
,,,,,,12.455056661053158,13.499540526150557,14.044271775276988,17.666835290736547,8
,,,,,,7.29240599081995,7.494274529260527,8.198888728252026,8.10309407434444,8
,,,,,,6.349986884590882,7.395737711887716,6.75332299503751,9.145655832960161,8
,,,,,,8.882918201856063,10.932139123525262,8.61885870582253,11.682676469621423,8
,,,,,,10.71915262419567,13.28896267960629,10.651803880174821,15.174278536312974,8
,,,,,,7.2607253656532755,8.321113032669695,7.451745722182435,9.961870972720462,8
,,,,,,2.5081934568163695,2.631863952824163,3.747563113013841,2.7671617683325755,8
,,,,,,5.541643864587444,6.250980744416321,6.498184471194538,7.211333688127673,8
,,,,,,6.889658974839907,8.193952728214834,9.527325624100188,12.68686084529731,8
,,,,,,10.767536100656232,10.620295515916407,12.324299976765825,12.498455554661923,8
,,,,,,5.33983801294623,5.632262315903656,7.131071813561202,7.568013230173512,8
,,,,,,8.175560516925005,9.784511136264443,8.687406326925332,10.775824637194555,8
,,,,,,10.174912069118271,13.791695257287737,11.895019226201628,14.324951802293159,8
,,,,,,11.75645895189759,15.342780970223707,15.002645069299014,17.66755603051221,8
,,,,,,7.306592883221873,7.71606038687919,8.79425309854653,9.985982806700047,8
,,,,,,2.321872326195968,2.553309715525491,3.02063220176776,2.753646366272068,8
,,,,,,4.796376945379822,5.243921958998806,5.55920994882341,5.880489744895918,8
,,,,,,5.834167177424647,6.528644410804504,7.657453188537684,8.730768845917217,8
,,,,,,8.513052746228318,8.524341305885844,9.550861574615285,11.275893165576507,8
,,,,,,4.479921582117042,4.69023365164156,5.651477522592503,5.530831326394557,8
,,,,,,5.229600382919724,6.087167277327403,5.455227425190948,7.4325745344728285,8
,,,,,,7.026623796896003,8.668707181104333,7.264702200799422,9.793122761998161,8
,,,,,,8.107850903101168,10.249599957742799,9.04092042748417,12.555368857470334,8
,,,,,,5.466142826490133,5.808414592002244,6.185476637071063,7.595871815899065,8
,,,,,,2.664677651693782,2.687901099931276,3.289254859177383,2.9399391016914556,8
,,,,,,5.244824382061098,5.886830075829714,6.109782587922918,6.612675973243613,8
,,,,,,6.550996411889402,7.20246248500353,8.359999827779655,9.680627363692501,8
,,,,,,9.642224221267844,9.326679395361351,10.96708486220307,12.85636032091155,8
,,,,,,5.064032967730379,5.067146582174284,6.23849878160547,6.142161396753984,8
,,,,,,5.670087528054514,7.094661109756731,5.972827221921934,8.204939624145048,8
,,,,,,7.378263808242888,9.832839515151123,7.892602772561033,10.744689165685879,8
,,,,,,9.120733563035376,11.933446039164137,9.706504958664556,13.596511203918615,8
,,,,,,5.935863561270298,6.503560812984395,6.891333791159961,8.490224537304227,8
,,,,,,4.546492848193113,6.252885807230717,6.237584190848027,6.649709040689243,8
,,,,,,10.026847240585138,10.42302607844923,10.302200435944306,10.43685714488017,8
,,,,,,12.91672515298222,13.74738589675735,14.816275862686554,16.226016210467474,8
,,,,,,18.53957391157519,17.59466731946267,17.24022059514448,18.043302948777274,8
,,,,,,9.757009109902198,10.819967068404969,11.053316761253663,11.03219483718206,8
,,,,,,11.640406697008377,10.50956682403751,10.932363060143855,13.130117377022154,8
,,,,,,16.75189629345268,15.924861136543422,15.237934409393795,18.239112207256095,8
,,,,,,16.93349864466463,16.885807681969116,18.690379972399104,22.829192718670356,8
,,,,,,11.842170839431063,11.241542647208377,11.248504356270494,12.72532096570895,8
,,,,,,280.88183191517294,247.00450068795047,263.42871433254913,233.36655189307004,8
,,,,,,131.4716849616069,106.31996625125979,114.02205178059403,118.91645776901098,8
,,,,,,153.72291310581375,110.75287098879016,103.6468899273396,101.51652323466622,8
,,,,,,84.72263559847808,94.49667324088992,82.57274550419903,73.3486117305938,8
,,,,,,201.30490807789613,179.14753822326756,172.72526051419837,155.1998886117042,8
,,,,,,136.07133089839826,79.29677463343741,141.1589139800744,85.19337922926427,8
,,,,,,160.26739807308357,142.5026903603566,169.83498586612254,125.77426948619811,8
,,,,,,8.699237140318807,9.183960636076558,9.37774631625486,10.282007032412874,8
,,,,,,11.66000435337325,12.992142624065526,13.11541352097361,15.177780984403993,8
,,,,,,12.007989556292527,13.745421916195951,15.16995490077176,18.157930529034527,8
,,,,,,16.789199385041513,16.019244788775588,17.77918735220058,20.415781863739422,8
,,,,,,10.621741020342016,11.01868258359067,12.269754133466542,13.258855016213534,8
,,,,,,12.243577818419007,16.25765952910511,12.823149634153348,17.94070176363796,8
,,,,,,12.123074647292526,12.788450386568556,12.204814793455695,15.630304855497606,8
,,,,,,70.20684453096871,78.61159847515614,65.23676634262827,74.22674875708884,8
,,,,,,32.86154922655014,33.83736925261587,28.236974730581167,37.82368108154518,8
,,,,,,38.42327781644067,35.24818454681002,25.66761925503011,32.28929511837426,8
,,,,,,21.17655266330152,30.074490599811384,20.44871576880013,23.32994566034774,8
,,,,,,50.316470411706796,57.01545641231796,42.77452247445482,49.36432854519643,8
,,,,,,34.01123778055863,25.23697418669272,34.95727909476209,27.097403224758235,8
,,,,,,40.05908186791502,45.352875129956466,42.058760821970246,40.00494083460657,8
,,,,,,4.0854334627672815,3.9394646580977266,5.720176879465198,4.964157631805864,8
,,,,,,10.108470652434816,10.721581028871176,11.850550956489176,11.24087679378432,8
,,,,,,8.95259093555733,10.92581244099376,12.85731337880981,13.811366133422407,8
,,,,,,14.242954430434338,12.951388637259315,15.122170489706985,17.351652169830572,8
,,,,,,6.7913094578698,6.712625559393036,8.849669255660423,8.67283054121804,8
,,,,,,10.015593515388547,13.863531058015251,10.181430415648245,15.30957730597995,8
,,,,,,9.072898314293388,8.731709047486504,8.558056554510221,11.44038752525133,8
,,,,,,424.56311000045383,342.955274574454,403.45402045820504,323.75351697552355,8
,,,,,,206.09637964547073,168.075609959091,177.33144168668292,158.17880503612088,8
,,,,,,218.46673035498299,174.87966461536297,226.12257877152206,165.57471193940265,8
,,,,,,424.56311000045383,342.955274574454,403.45402045820504,323.75351697552355,8
,,,,,,224.39619166581477,167.9667363605721,224.9920500060845,191.87466065224464,8
,,,,,,197.18241196355942,174.39729851554765,172.2419853746152,130.8139193547254,8
,,,,,,424.56311000045383,342.955274574454,403.45402045820504,323.75351697552355,8
,,,,,,353.57707919919176,282.24359254105275,331.6857572890616,268.564775202571,8
,,,,,,70.98603080126207,60.71168203340121,71.76826316914338,55.18874177295251,8
,,,,,,6.701310472545788,7.250416529683563,8.1375230908339,9.083635352854014,8
,,,,,,9.391350175840627,9.539670723450776,10.425004265602706,13.15125286191256,8
,,,,,,8.861581417292568,9.131687176055927,9.268197027976624,9.34179672898143,8
,,,,,,6.701310472545788,7.250416529683563,8.1375230908339,9.083635352854014,8
,,,,,,8.979721235592846,10.571149620941073,10.133373270905313,13.057047330278735,8
,,,,,,8.796477771711853,9.776017711362014,11.014647725436692,10.509231502430437,8
,,,,,,6.701310472545788,7.250416529683563,8.1375230908339,9.083635352854014,8
,,,,,,7.206973318715805,8.064254499985942,8.993007025968721,10.198584911275821,8
,,,,,,14.017863564235306,13.404222685788971,14.709261692293419,15.738495946789666,8
,,,,,,100.0,100.0,100.0,100.0,8
,,,,,,48.5431670323996,49.00802594963517,43.95332124470754,48.85778740376729,8
,,,,,,51.45683296760038,50.99197405036482,56.046678755292454,51.14221259623274,8
,,,,,,100.0,100.0,100.0,100.0,8
,,,,,,52.853436009919676,48.97628023624619,55.76646621356252,59.265660631186556,8
,,,,,,46.443604571143396,50.851324194370086,42.691850035104125,40.40540488232448,8
,,,,,,100.0,100.0,100.0,100.0,8
,,,,,,83.28021697382371,82.29749284109027,82.2115384827159,82.95346957508886,8
,,,,,,16.719783026176295,17.70250715890972,17.78846151728412,17.046530424911158,8
,,,,,,0.0,0.0,0.0,0.0,8
,,,,,,6.372895878746186,5.995928941006145,6.153303834831344,6.985771694797892,8
,,,,,,6.012040214695199,5.7626449378634215,4.8255872814425,6.673730583585121,8
,,,,,,0.0,0.0,0.0,0.0,8
,,,,,,5.460135610962608,7.262439300126375,5.832660006001636,6.584261306184415,8
,,,,,,6.204074225275033,6.993248894986795,7.610770739871851,9.619512829324277,8
,,,,,,0.0,0.0,0.0,0.0,8
,,,,,,2.5028957130137934,2.654499854759883,2.895830771661905,3.0742928400392437,8
,,,,,,12.466770514683597,12.340550456087557,13.38343412625059,14.960420168460068,8
,,,,,,30.5882554031533,32.3741337746261,33.208792712396125,29.24171531323254,8
,,,,,,33.884956803672374,36.109853078729685,34.24922643642892,33.11396607452759,8
,,,,,,28.016814841340565,29.44631094229149,32.436052585441224,26.30327799171075,8
,,,,,,30.5882554031533,32.3741337746261,33.208792712396125,29.24171531323254,8
,,,,,,34.11520211050709,34.180051172075444,36.268599589001106,33.726394298251456,8
,,,,,,27.447392359525534,31.023386209663595,29.44112799349735,24.585100526601412,8
,,,,,,30.5882554031533,32.3741337746261,33.208792712396125,29.24171531323254,8
,,,,,,30.512824055260978,32.440325099787515,32.756404191909745,28.84746565470892,8
,,,,,,30.969598820169903,32.06992922457502,35.47295253386327,31.325024030541922,8
,,,,,,5.466142826490133,5.808414592002244,6.185476637071063,7.595871815899065,8
,,,,,,7.146939477624918,7.300914071220331,8.161462329806982,10.377468000520055,8
,,,,,,7.393265859486066,7.657954349969717,7.1784309141154505,8.242429589805713,8
,,,,,,5.466142826490133,5.808414592002244,6.185476637071063,7.595871815899065,8
,,,,,,7.2607253656532755,8.321113032669695,7.451745722182435,9.961870972720462,8
,,,,,,7.306592883221873,7.71606038687919,8.79425309854653,9.985982806700047,8
,,,,,,5.466142826490133,5.808414592002244,6.185476637071063,7.595871815899065,8
,,,,,,5.935863561270298,6.503560812984395,6.891333791159961,8.490224537304227,8
,,,,,,11.842170839431063,11.241542647208377,11.248504356270494,12.72532096570895,8
,,,,,,160.26739807308357,142.5026903603566,169.83498586612254,125.77426948619811,8
,,,,,,77.4228021484202,62.14259655923202,83.80161696698889,54.287334458382446,8
,,,,,,82.8445959246634,80.36009380112462,86.03336889913362,71.48693502781566,8
,,,,,,160.26739807308357,142.5026903603566,169.83498586612254,125.77426948619811,8
,,,,,,81.43138414552094,65.27796100313174,103.01167699287377,80.07613382720672,8
,,,,,,78.83601392756265,76.82484609512014,62.3070855707498,45.69813565899142,8
,,,,,,160.26739807308357,142.5026903603566,169.83498586612254,125.77426948619811,8
,,,,,,138.9413648859902,122.92093134564493,144.10831808365793,109.57236694029129,8
,,,,,,21.32603318709338,19.581759014711714,25.726667782464588,16.20190254590682,8
,,,,,,12.123074647292526,12.788450386568556,12.204814793455695,15.630304855497606,8
,,,,,,16.323864596779018,16.40901251204068,15.166221786400854,23.862173157721628,8
,,,,,,16.862759410436066,14.457663209830246,15.339223852264187,15.281939229709767,8
,,,,,,12.123074647292526,12.788450386568556,12.204814793455695,15.630304855497606,8
,,,,,,14.692772376596505,19.03933814593537,16.706904814924954,22.13503282633616,8
,,,,,,15.1260355583779,16.78532135772448,16.83107875438938,19.112616105504443,8
,,,,,,12.123074647292526,12.788450386568556,12.204814793455695,15.630304855497606,8
,,,,,,12.079020920134893,13.76219032090494,13.373501960021287,16.844785819588502,8
,,,,,,28.59510812374999,24.56028137039183,24.127145390835647,26.16622100298052,8
,,,,,,100.0,100.0,100.0,100.0,8
,,,,,,48.30851631665885,43.60801638347152,49.342964607450206,43.16251223732187,8
,,,,,,51.69148368334113,56.39198361652847,50.65703539254979,56.83748776267813,8
,,,,,,100.0,100.0,100.0,100.0,8
,,,,,,50.80969999175215,45.808230594144376,60.653979194884975,63.66654654749864,8
,,,,,,49.19030000824784,53.911154870724,36.686837669516,36.33345345250137,8
,,,,,,100.0,100.0,100.0,100.0,8
,,,,,,86.69346764001965,86.25867415892715,84.8519622436661,87.11826941067248,8
,,,,,,13.306532359980341,13.741325841072848,15.1480377563339,12.881730589327525,8
,,,,,,0.0,0.0,0.0,0.0,8
,,,,,,11.737117165089895,9.632134565240255,9.271464660267467,13.293495134686022,8
,,,,,,10.968977395845432,7.44854596328983,9.030957872795014,10.09510921424702,8
,,,,,,0.0,0.0,0.0,0.0,8
,,,,,,8.536094763236783,13.486574577314217,9.058081118584683,10.693015108393526,8
,,,,,,8.817112600421332,11.457301686598926,14.533700948862702,18.73720440644692,8
,,,,,,0.0,0.0,0.0,0.0,8
,,,,,,3.6819581917571917,3.6300162948951242,4.030148003260735,3.6699418393871954,8
,,,,,,23.9883475809981,22.786767186397476,22.57493489980766,24.81956750051261,8
,,,,,,40.05908186791502,45.352875129956466,42.058760821970246,40.00494083460657,8
,,,,,,43.763039380055645,46.18027472360813,45.691572885278994,40.691594784003506,8
,,,,,,37.12276113074237,44.733096336633004,39.035652331200026,39.498779774162436,8
,,,,,,40.05908186791502,45.352875129956466,42.058760821970246,40.00494083460657,8
,,,,,,41.739742662142866,45.07936367226824,46.293458947708196,44.44930380259691,8
,,,,,,39.08305762350617,46.093532678172195,35.643143534480416,34.18217255933431,8
,,,,,,40.05908186791502,45.352875129956466,42.058760821970246,40.00494083460657,8
,,,,,,40.570866550624515,45.26713257705227,40.939317498962275,39.733382925764225,8
,,,,,,37.016839463908084,45.898616860717624,49.66598213527258,41.94362892839809,8
,,,,,,9.072898314293388,8.731709047486504,8.558056554510221,11.44038752525133,8
,,,,,,12.270070794308467,11.363980376320415,10.799160782445298,16.570875019870364,8
,,,,,,12.29778287428063,10.2992405229433,11.276507044951304,11.892172950970252,8
,,,,,,9.072898314293388,8.731709047486504,8.558056554510221,11.44038752525133,8
,,,,,,11.662380172120443,13.582862318104308,10.938749970973861,15.089111522125126,8
,,,,,,11.61497894934026,10.694075368136541,12.95456683559317,15.083135716278301,8
,,,,,,9.072898314293388,8.731709047486504,8.558056554510221,11.44038752525133,8
,,,,,,9.295282748061844,9.43347738329695,9.411023597634959,12.19682439660703,8
,,,,,,22.384689058505582,17.66635114617958,16.915179218890845,19.5944594679544,8
,,,,,,53.856261662591955,36.64498242162164,60.987501893169124,48.55759727630887,8
,,,,,,15.348792666611574,17.51253256598685,14.84934434171244,16.37284058076017,8
,,,,,,12.685101553579255,10.685061621254109,11.479550923756344,10.47286009760514,8
,,,,,,14.930328589011586,16.689837754110897,17.115050288155587,18.003426518621872,8
,,,,,,25.698047140242803,21.376713972777893,29.350958869797708,18.8011607347604,8
,,,,,,23.28062087894292,24.07716703883579,22.324929254791655,26.32962356766249,8
,,,,,,16.03448202766992,15.00091957472599,14.101951460692947,11.291529429981416,8
,,,,,,22.871196428261705,22.53825872170071,23.944451613261357,27.71101966922303,8
,,,,,,88901.25800000006,88953.79399999995,89006.2240000001,89058.55799999982,8
,,,,,,33973.21805715932,31561.670146363576,31648.507180313354,31701.369644816732,8
,,,,,,54592.41369765422,56575.97253966298,56693.44453681738,56739.416057238275,8
,,,,,,43307.511000000006,43333.57599999999,43359.58300000004,43385.5679999999,8
,,,,,,16141.524556634618,15077.399457327265,15066.811148465673,15267.037835634539,8
,,,,,,27027.213012830915,27850.486743916077,27964.29339276145,27836.513988110622,8
,,,,,,45593.74700000005,45620.21799999997,45646.641000000054,45672.989999999896,8
,,,,,,17831.693500524703,16484.27068903631,16581.69603184768,16434.33180918219,8
,,,,,,27565.200684823314,28725.485795746896,28729.151144055926,28902.902069127667,8
,,,,,,88901.25800000006,88953.79399999995,89006.2240000001,89058.55799999982,8
,,,,,,33973.21805715932,31561.670146363576,31648.507180313354,31701.369644816732,8
,,,,,,54592.41369765422,56575.97253966298,56693.44453681738,56739.416057238275,8
,,,,,,45995.95294785549,45700.15099537647,45820.64785028483,46030.76403738169,8
,,,,,,21516.32568288193,20082.282358662156,20386.466209548264,20347.036065402175,8
,,,,,,24298.40763788345,25198.486144716266,25113.717807317506,25400.165964450087,8
,,,,,,41876.97235997265,42279.03699335694,42165.46184396808,42019.66641566336,8
,,,,,,11953.068769288866,10985.080585909955,10744.344945362289,10855.616366964938,8
,,,,,,29783.27077728933,30907.981315830264,31082.82432390001,30848.257262333052,8
,,,,,,88901.25800000006,88953.79399999995,89006.2240000001,89058.55799999982,8
,,,,,,33973.21805715932,31561.670146363576,31648.507180313354,31701.369644816732,8
,,,,,,54592.41369765422,56575.97253966298,56693.44453681738,56739.416057238275,8
,,,,,,74672.33700000006,74680.10999999994,74688.53400000013,74695.17199999982,8
,,,,,,28016.027326073974,25911.940688704515,25944.146778924125,26182.3513070768,8
,,,,,,46380.62463091494,48067.045288874026,48144.17094451402,47970.79364899507,8
,,,,,,14228.920999999993,14273.684000000008,14317.689999999991,14363.385999999982,8
,,,,,,5957.190731085337,5649.72945765906,5704.36040138923,5519.018337739926,8
,,,,,,8211.789066739288,8508.927250788964,8549.273592303362,8768.622408243198,8
,,,,,,0.0,0.0,0.0,0.0,8
,,,,,,1.3013690434895147,1.3677942114449804,1.3943553011921057,1.390781413813509,8
,,,,,,0.8034022406471459,0.7643365379951795,0.7677271778101776,0.7749018423214066,8
,,,,,,0.0,0.0,0.0,0.0,8
,,,,,,1.4231870201118366,1.4945756482079688,1.504343960369639,1.5242222378529544,8
,,,,,,0.8427651001037681,0.8101689576848243,0.8027494302949396,0.834495920023882,8
,,,,,,0.0,0.0,0.0,0.0,8
,,,,,,1.3168124697640449,1.3737588944518717,1.4089389088206223,1.3933260399196892,8
,,,,,,0.8486078114094803,0.7889592186756854,0.8007880560130289,0.7892506685451187,8
,,,,,,0.0,0.0,0.0,0.0,8
,,,,,,1.3013690434895147,1.3677942114449804,1.3943553011921057,1.390781413813509,8
,,,,,,0.8034022406471459,0.7643365379951795,0.7677271778101776,0.7749018423214066,8
,,,,,,0.8394971290736554,0.8247391597312541,0.8293101535862801,0.8289428738195783,8
,,,,,,1.9119758607916477,1.9998873520093268,2.012688652568767,2.018399115307033,8
,,,,,,1.1787747346618882,1.1163875048635579,1.17719324573991,1.1709807601871027,8
,,,,,,0.9247764320104089,0.895905985215449,0.9069142370212545,0.9157644594659309,8
,,,,,,1.7354987399030657,1.7309523854630484,1.7025482679425976,1.76644588991661,8
,,,,,,1.191249010363787,1.1530791181429603,1.1590808552773457,1.1641812127785784,8
,,,,,,0.0,0.0,0.0,0.0,8
,,,,,,1.3013690434895147,1.3677942114449804,1.3943553011921057,1.390781413813509,8
,,,,,,0.8034022406471459,0.7643365379951795,0.7677271778101776,0.7749018423214066,8
,,,,,,0.0,0.0,0.0,0.0,8
,,,,,,1.41725628796932,1.483674545461566,1.5184824512802333,1.5081912017414256,8
,,,,,,0.8495750761767704,0.8011350732370954,0.8069338631004831,0.8235910885947849,8
,,,,,,0.0,0.0,0.0,0.0,8
,,,,,,1.5784051597869861,1.6357537306503775,1.6545132102242202,1.7011348631022556,8
,,,,,,1.1443869940164801,1.093737409231448,1.1052825499948402,1.0668349383869018,8
,,,,,,100.0,100.0,100.0,100.0,8
,,,,,,38.359369638113435,35.80952381356058,35.82500337059713,35.84473995020158,8
,,,,,,61.64063036188646,64.19047618643944,64.17499662940298,64.15526004979829,8
,,,,,,100.0,100.0,100.0,100.0,8
,,,,,,37.391699330239284,35.12262259232921,35.013768084968646,35.419442690159244,8
,,,,,,62.60830066976061,64.87737740767078,64.98623191503147,64.5805573098406,8
,,,,,,100.0,100.0,100.0,100.0,8
,,,,,,39.279545044911764,36.46175509612538,36.59542265337707,36.249083597146054,8
,,,,,,60.72045495508818,63.53824490387453,63.40457734662305,63.75091640285376,8
,,,,,,100.0,100.0,100.0,100.0,8
,,,,,,38.359369638113435,35.80952381356058,35.82500337059713,35.84473995020158,8
,,,,,,61.64063036188646,64.19047618643944,64.17499662940298,64.15526004979829,8
,,,,,,100.0,100.0,100.0,100.0,8
,,,,,,46.963769345198216,44.3505775684081,44.80523903373997,44.47711589470485,8
,,,,,,53.03623065480176,55.64942243159186,55.194760966259956,55.52288410529509,8
,,,,,,100.0,100.0,100.0,100.0,8
,,,,,,28.63947557247834,26.221718077507344,25.68747809873434,26.030235137051154,8
,,,,,,71.36052442752178,73.77828192249264,74.3125219012657,73.96976486294882,8
,,,,,,100.0,100.0,100.0,100.0,8
,,,,,,38.359369638113435,35.80952381356058,35.82500337059713,35.84473995020158,8
,,,,,,61.64063036188646,64.19047618643944,64.17499662940298,64.15526004979829,8
,,,,,,100.0,100.0,100.0,100.0,8
,,,,,,37.65764532289831,35.02608253721928,35.01786459205377,35.30848397945509,8
,,,,,,62.34235467710161,64.9739174627807,64.98213540794639,64.69151602054474,8
,,,,,,100.0,100.0,100.0,100.0,8
,,,,,,42.04389318135623,39.903004741177526,40.020393423273504,38.62791930355306,8
,,,,,,57.95610681864368,60.096995258822474,59.979606576726475,61.37208069644695,8
,,,,,,0.0,0.0,0.0,0.0,8
,,,,,,1.2955482568814398,1.363722730247797,1.3817941896572146,1.3811032451626022,8
,,,,,,0.806228200100577,0.7607711374825232,0.7713717818765045,0.7716481334314009,8
,,,,,,0.0,0.0,0.0,0.0,8
,,,,,,1.4173257183365575,1.4889793318986073,1.493244723102052,1.516622782932743,8
,,,,,,0.8464726968488507,0.8060877490998883,0.8045415603901946,0.831797308359411,8
,,,,,,0.0,0.0,0.0,0.0,8
,,,,,,1.312109853683307,1.3695147924961906,1.3949971018814133,1.3812529175362087,8
,,,,,,0.8487926867436494,0.7859032467777854,0.8051549380181365,0.7853871803218597,8
,,,,,,0.0,0.0,0.0,0.0,8
,,,,,,1.2955482568814398,1.363722730247797,1.3817941896572146,1.3811032451626022,8
,,,,,,0.806228200100577,0.7607711374825232,0.7713717818765045,0.7716481334314009,8
,,,,,,0.0,0.0,0.0,0.0,8
,,,,,,1.4022389922374237,1.4960820602911973,1.5164362160037572,1.525898184954521,8
,,,,,,1.2416875744226599,1.192323308390364,1.2309916004347254,1.2223347455624989,8
,,,,,,0.0,0.0,0.0,0.0,8
,,,,,,1.5957346865795141,1.6484232514240849,1.6347917599529047,1.6732227129391566,8
,,,,,,0.6404241692879818,0.5858701049268077,0.5650955781796226,0.5888132906081079,8
,,,,,,0.0,0.0,0.0,0.0,8
,,,,,,1.2955482568814398,1.363722730247797,1.3817941896572146,1.3811032451626022,8
,,,,,,0.806228200100577,0.7607711374825232,0.7713717818765045,0.7716481334314009,8
,,,,,,0.0,0.0,0.0,0.0,8
,,,,,,1.4110990884528762,1.4786580178365045,1.5037201030157492,1.497974438219452,8
,,,,,,0.8523686547236142,0.7971136696002745,0.8103314337268676,0.8175910800530252,8
,,,,,,0.0,0.0,0.0,0.0,8
,,,,,,1.5753027042655048,1.635201374838454,1.6532107775680107,1.6953710486952351,8
,,,,,,1.1427934390709387,1.0857356167633017,1.1030773542209293,1.0670757014495527,8
,,,,,,29878.09836076217,30034.289398060737,30086.61349290997,30107.24362059802,8
,,,,,,816.6359335808731,505.6123065679583,528.4529459747544,394.7188831196555,8
,,,,,,29061.462427181294,29528.677091492773,29558.160546935218,29712.524737478358,8
,,,,,,10529.397348823664,10588.714290895727,10612.598865539316,10639.456424992954,8
,,,,,,214.64832551870808,128.582237403535,150.2662811969691,104.38963636644597,8
,,,,,,10314.749023304958,10460.132053492192,10462.332584342348,10535.066788626507,8
,,,,,,19348.7010119385,19445.575107164997,19474.01462737066,19467.787195605062,8
,,,,,,601.9876080621651,377.0300691644233,378.18666477778515,290.32924675320953,8
,,,,,,18746.71340387634,19068.545038000575,19095.827962592877,19177.45794885185,8
,,,,,,0.36866374863415985,0.37010573721445156,0.3517835191934817,0.37309541965687854,8
,,,,,,4.177140078883596,4.914691148877496,5.292695677723658,6.7226301352222695,8
,,,,,,0.3860347567287145,0.38525437415548125,0.36220510171645226,0.38190951131875,8
,,,,,,0.4144112964376746,0.39647769750911266,0.40567541051056333,0.402257684247268,8
,,,,,,7.433698321216912,8.776407719398694,8.464651771925624,9.869522691016542,8
,,,,,,0.43768743390353243,0.41150425371334154,0.41800342090598014,0.41523698709444634,8
,,,,,,0.5715424732376926,0.5775788955316284,0.5499580705641399,0.5872898149793949,8
,,,,,,5.060191630721766,5.893463349935391,6.638324375759167,8.350562250034386,8
,,,,,,0.5968675760708813,0.5948424958522022,0.5633995933302817,0.5999457057569311,8
,,,,,,100.0,100.0,100.0,100.0,8
,,,,,,100.0,100.0,100.0,100.0,8
,,,,,,100.0,100.0,100.0,100.0,8
,,,,,,35.24118978954677,35.25541806752194,35.27349087673231,35.338527030464924,8
,,,,,,26.284457576768027,25.4309944068287,28.435129814594273,26.446577762230135,8
,,,,,,35.49287668901868,35.42363926796356,35.39574990713401,35.456652982901645,8
,,,,,,64.75881021045316,64.74458193247808,64.72650912326769,64.66147296953505,8
,,,,,,73.71554242323198,74.56900559317131,71.56487018540571,73.55342223776984,8
,,,,,,64.50712331098129,64.57636073203642,64.60425009286598,64.54334701709831,8
,,,,,,0.0,0.0,0.0,0.0,8
,,,,,,0.0,0.0,0.0,0.0,8
,,,,,,0.0,0.0,0.0,0.0,8
,,,,,,0.5001890392384369,0.49685877103726106,0.4885397287320268,0.5079439410289124,8
,,,,,,6.688535910034759,7.909239299565726,7.7553771529990305,9.41286280409694,8
,,,,,,0.519999423797488,0.5052965312095695,0.4977098486001083,0.5183360120523826,8
,,,,,,0.272198590510971,0.270554896959597,0.2662356103823269,0.27759947099361865,8
,,,,,,2.384904629319964,2.6973649278212335,3.081472173921974,3.3844517432381718,8
,,,,,,0.28611220714694524,0.27718257644149263,0.27268814825717363,0.2847460033799268,8
,,,,,,8249.357359268119,4989.279042170619,4449.228132181632,3682.2711183593756,8
,,,,,,6541.311610819903,3939.5686229008415,3319.6110988260534,2577.083777783397,8
,,,,,,338.55695999176623,177.31629249040674,152.04891396990496,134.23155670052304,8
,,,,,,4270.88990375787,2613.6150901491574,2451.7858497074085,1943.8734999020155,8
,,,,,,1157.6750000070717,740.4687108489004,578.217376932537,501.16107943154685,8
,,,,,,108.25651151168192,92.07566181490536,52.537449154741005,39.388710317077866,8
,,,,,,164.11530100012442,128.07252890143712,117.57677560722537,118.14921286544256,8
,,,,,,3553.9974123175175,2122.2409255463535,1860.881640095427,1539.9226095670522,8
,,,,,,2698.7204322986045,1625.3253309068728,1333.2402147002736,1016.0837306477666,8
,,,,,,130.15870623562938,88.33298041406351,65.69100081973546,62.48193729189641,8
,,,,,,1795.4387047217615,1069.9374118671767,1003.2535546152268,797.0727265126242,8
,,,,,,416.95630064317925,285.3851366675206,211.95540128078147,209.2658873549491,8
,,,,,,43.00761509847066,37.40330673742621,17.347630910539532,12.77070351679529,8
,,,,,,68.71342494488218,52.50256291803275,40.04134638209248,38.434592561712186,8
,,,,,,4695.359946950597,2867.038116624265,2588.3464920862034,2142.348508792323,8
,,,,,,3842.5911785212984,2314.243291993969,1986.3708841257805,1561.0000471356295,8
,,,,,,208.39825375613682,88.98331207634328,86.35791315016951,71.74961940862667,8
,,,,,,2475.4511990361093,1543.6776782819816,1448.5322950921818,1146.800773389391,8
,,,,,,740.7186993638924,455.08357418137984,366.26197565175556,291.89519207659777,8
,,,,,,65.24889641321123,54.67235507747917,35.18981824420147,26.61800680028258,8
,,,,,,95.40187605524227,75.56996598340437,77.53542922513287,79.71462030373036,8
,,,,,,8249.357359268119,4989.279042170619,4449.228132181632,3682.2711183593756,8
,,,,,,6541.311610819903,3939.5686229008415,3319.6110988260534,2577.083777783397,8
,,,,,,338.55695999176623,177.31629249040674,152.04891396990496,134.23155670052304,8
,,,,,,4270.88990375787,2613.6150901491574,2451.7858497074085,1943.8734999020155,8
,,,,,,1157.6750000070717,740.4687108489004,578.217376932537,501.16107943154685,8
,,,,,,108.25651151168192,92.07566181490536,52.537449154741005,39.388710317077866,8
,,,,,,164.11530100012442,128.07252890143712,117.57677560722537,118.14921286544256,8
,,,,,,6860.540590198506,4110.904839426822,3628.079400021382,2984.1483847361474,8
,,,,,,5316.2536624641925,3162.04106915271,2643.137981340804,2028.4032386611518,8
,,,,,,276.4433080531131,141.02890842483433,124.95706306478772,113.66040168353611,8
,,,,,,3715.367036194355,2285.7457759254503,2100.070024796741,1621.747534947995,8
,,,,,,833.7943983151914,522.6629435453796,403.83095052422107,377.92636100564494,8
,,,,,,65.23480822071976,63.91513174107175,38.23910773734427,25.374437495169314,8
,,,,,,123.26957093095893,108.83737493061996,98.1970409734139,97.19641429356402,8
,,,,,,1388.8167690696123,878.3742027437963,821.148732160249,698.1227336232276,8
,,,,,,1225.0579483557096,777.5275537481318,676.47311748525,548.6805391222448,8
,,,,,,62.113651938653106,36.287384065572425,27.09185090511726,20.571155016986957,8
,,,,,,555.5228675635154,327.86931422370776,351.7158249106673,322.12596495402016,8
,,,,,,323.88060169188014,217.80576730352104,174.38642640831594,123.23471842590183,8
,,,,,,43.02170329096214,28.160530073833613,14.298341417396733,14.014272821908554,8
,,,,,,40.84573006916551,19.23515397081715,19.379734633811463,20.952798571878546,8
,,,,,,8249.357359268119,4989.279042170619,4449.228132181632,3682.2711183593756,8
,,,,,,6541.311610819903,3939.5686229008415,3319.6110988260534,2577.083777783397,8
,,,,,,338.55695999176623,177.31629249040674,152.04891396990496,134.23155670052304,8
,,,,,,4270.88990375787,2613.6150901491574,2451.7858497074085,1943.8734999020155,8
,,,,,,1157.6750000070717,740.4687108489004,578.217376932537,501.16107943154685,8
,,,,,,108.25651151168192,92.07566181490536,52.537449154741005,39.388710317077866,8
,,,,,,164.11530100012442,128.07252890143712,117.57677560722537,118.14921286544256,8
,,,,,,4104.470925904436,2524.8449713997097,2220.7491069779153,1867.437696174867,8
,,,,,,3292.4804075889137,2031.0788722357902,1671.9249615056606,1330.9328177174339,8
,,,,,,190.82068286655291,97.42785533719831,85.17580407819176,81.95801750957357,8
,,,,,,2025.5070497759775,1272.9637452224476,1140.0307515848026,910.1737476287584,8
,,,,,,618.6284366448289,398.85130864422945,308.6871892557314,293.57377311994145,8
,,,,,,48.74555641328277,39.460240145735284,9.446244899818755,17.70833607648117,8
,,,,,,80.93349600095702,60.69601235857616,47.41252084137941,61.87917894290698,8
,,,,,,4012.9991323855493,2412.236753093822,2182.5490719970257,1767.8321383616533,8
,,,,,,3145.3217281745747,1864.239937878205,1610.4886658646346,1212.5785502751664,8
,,,,,,146.62339559847808,74.4790617340411,65.54499284401125,52.2735391909495,8
,,,,,,2190.3033125510606,1309.7824460107345,1288.4327252984913,1013.1441157789609,8
,,,,,,531.7437513634444,335.3030394950518,264.46568990393723,203.8964786633281,8
,,,,,,59.51095509839916,52.6154216691701,42.90121020482093,21.680374240596695,8
,,,,,,82.49284547382457,67.04549657736337,68.8448935462334,56.270033922535596,8
,,,,,,1.9197122715542831,2.397153362921728,2.516658934047075,2.855195683076583,8
,,,,,,2.0547995392546947,2.6590049793846227,2.906548113864235,3.299200125483792,8
,,,,,,7.281894671132166,8.752440089439444,11.526550797415801,13.580884148991329,8
,,,,,,2.517513635951156,3.0512128901978817,3.184578302144391,3.459395359943984,8
,,,,,,4.0037629815822475,5.046957021340497,5.620261645856455,7.183019993954496,8
,,,,,,12.816212008127264,14.037685690273626,20.622835816798425,18.879720308972537,8
,,,,,,11.334145528884475,13.100482324570464,14.823683983076643,15.831028676569915,8
,,,,,,2.395995618412078,3.1511768025435565,3.1141661436265786,3.6482345207444187,8
,,,,,,2.658446286250899,3.580895757170479,3.703678695256026,4.501107046085962,8
,,,,,,10.612255162113748,12.566982657468259,16.335285764849576,16.821695907152307,8
,,,,,,3.2633273231263824,4.217500864236708,4.009918917285206,4.713495335474429,8
,,,,,,6.066305811385319,7.505816846132782,9.089919318292184,11.035581674200603,8
,,,,,,16.96694204614109,19.52330786228372,29.0716744073655,24.46278569627938,8
,,,,,,16.416852542183953,17.563135007992685,20.31302974069142,20.573754380739732,8
,,,,,,2.129026148537441,2.5558364054388614,2.7954601984664897,3.107837823643712,8
,,,,,,2.2908296403393775,2.8065094735034166,3.1628213034909347,3.591199273918657,8
,,,,,,8.590244217540116,10.633768345302204,13.859689265645523,15.804944834632954,8
,,,,,,2.8198149899216767,3.240083395924194,3.6339147299183314,4.004553290409536,8
,,,,,,4.499975639860758,5.529919947972215,6.287058305620838,7.542194356800517,8
,,,,,,14.355318388862942,15.287756873591766,20.552244032006953,21.784361078603574,8
,,,,,,12.045334905123587,14.599314692326773,15.4804176497568,17.75774384595619,8
,,,,,,1.9197122715542831,2.397153362921728,2.516658934047075,2.855195683076583,8
,,,,,,2.0547995392546947,2.6590049793846227,2.906548113864235,3.299200125483792,8
,,,,,,7.281894671132166,8.752440089439444,11.526550797415801,13.580884148991329,8
,,,,,,2.517513635951156,3.0512128901978817,3.184578302144391,3.459395359943984,8
,,,,,,4.0037629815822475,5.046957021340497,5.620261645856455,7.183019993954496,8
,,,,,,12.816212008127264,14.037685690273626,20.622835816798425,18.879720308972537,8
,,,,,,11.334145528884475,13.100482324570464,14.823683983076643,15.831028676569915,8
,,,,,,2.1313774545365116,2.621697312921782,2.761953751624078,3.168182216994037,8
,,,,,,2.2747571019127744,2.9301176130001614,3.2401251656341965,3.7262874054381716,8
,,,,,,8.0399350911528,10.19903743304209,13.324678445993401,14.764642608285037,8
,,,,,,2.7322269925478158,3.2625535853256706,3.4502213684930596,3.824353722660349,8
,,,,,,4.762331330091602,6.093525875243746,6.810508865321453,8.254563889375605,8
,,,,,,16.820782121917844,16.777208299397827,26.032550824106348,23.346784142243244,8
,,,,,,13.861104650516157,14.925311726785903,16.79724584521028,17.91513358110593,8
,,,,,,2.980712261368148,3.8197944972476625,4.000202629518481,4.344422066055976,8
,,,,,,3.16007345525487,4.146641974406108,4.4983793607629385,4.751390327262986,8
,,,,,,15.468153667236104,16.649886423638378,20.120178105640832,20.053760457999132,8
,,,,,,4.672303853119014,5.817211843946396,6.010767440009633,5.848254900539293,8
,,,,,,6.230176050750213,8.210681165578691,8.62069241029739,10.032124902198026,8
,,,,,,16.345889962364637,21.93968983234182,29.05213902367131,24.462979204516337,8
,,,,,,15.539966104549356,21.249252602317988,23.80054979583309,22.440414297116494,8
,,,,,,1.9197122715542831,2.397153362921728,2.516658934047075,2.855195683076583,8
,,,,,,2.0547995392546947,2.6590049793846227,2.906548113864235,3.299200125483792,8
,,,,,,7.281894671132166,8.752440089439444,11.526550797415801,13.580884148991329,8
,,,,,,2.517513635951156,3.0512128901978817,3.184578302144391,3.459395359943984,8
,,,,,,4.0037629815822475,5.046957021340497,5.620261645856455,7.183019993954496,8
,,,,,,12.816212008127264,14.037685690273626,20.622835816798425,18.879720308972537,8
,,,,,,11.334145528884475,13.100482324570464,14.823683983076643,15.831028676569915,8
,,,,,,2.575427907644104,3.3128350926241055,3.3740540869568494,3.7417670146973068,8
,,,,,,2.81899961457686,3.6468638545001646,3.827527733857318,4.3312356005109605,8
,,,,,,9.165212527417035,11.925599456485704,16.001484461307875,18.561598760867426,8
,,,,,,3.3426919782307616,4.323905032491552,4.461835965249732,4.7917396308449085,8
,,,,,,5.313633789266134,6.894403354957758,7.472833231273651,9.155377337449911,8
,,,,,,18.061677457474726,24.39340419447505,27.069274287111856,24.933828412643656,8
,,,,,,13.651230529215361,22.142227959865487,21.10828267519956,23.79238027842194,8
,,,,,,2.6103426285328446,3.041001445267532,3.237177553887787,3.9454718476878496,8
,,,,,,2.794170508719695,3.398488977713655,3.7492819251905356,4.504812618164939,8
,,,,,,10.421301822918315,13.192257360273842,16.480418401341847,16.882110083223843,8
,,,,,,3.5251411115698446,3.824796816677344,3.9387854698617484,4.637401066412857,8
,,,,,,5.69043893994617,6.765347525922302,7.978031794442218,9.724875248557504,8
,,,,,,16.62250937039296,15.382431217812467,24.239548973314225,25.445836387572907,8
,,,,,,17.94774635917141,14.756668490745579,16.379540029133068,20.34641408617271,8
,,,,,,100.0,100.0,100.0,100.0,8
,,,,,,79.29480232142892,78.96067928056607,74.7776389652432,69.84707717616632,8
,,,,,,4.104040414874242,3.553946191257007,3.406695178675535,3.6276517669442407,8
,,,,,,51.77239532434055,52.384624472959665,54.43624352753296,51.96332973255282,8
,,,,,,14.033517395223866,14.841196585524202,12.817705172375998,13.390645175576072,8
,,,,,,1.3123023624386478,1.845470278103492,1.1668781181221564,1.083314208948857,8
,,,,,,1.9894313441972733,2.566954620475954,2.6622411917016593,3.2403818412640937,8
,,,,,,100.0,100.0,100.0,100.0,8
,,,,,,75.93478889279221,76.58533540382298,71.66042763353404,65.87448509315003,8
,,,,,,3.66231854262253,4.162250352952877,3.4785994202713075,4.005459573691291,8
,,,,,,50.51885233509436,50.41545467283504,53.276616641726584,50.64653366446563,8
,,,,,,11.732037260299725,13.44734866019279,11.166971918659884,13.423777143789556,8
,,,,,,1.2101194826257884,1.7624439472062787,0.9091470111298181,0.8039107589255596,8
,,,,,,1.933412351588489,2.4739209524251535,2.25126524913012,2.5090900675050984,8
,,,,,,100.0,100.0,100.0,100.0,8
,,,,,,81.83805335343608,80.71895795786726,77.01860623157806,72.73128513181084,8
,,,,,,4.438387176077546,3.1036668665261704,3.355003126202977,3.35335320843302,8
,,,,,,52.72122322898358,53.84224469605423,55.26990079863917,52.919358848095655,8
,,,,,,15.775546661655879,15.872951654971665,14.004419447856323,13.366590481736235,8
,,,,,,1.3896463136034365,1.9069280858341708,1.3521613449636969,1.2861685762112143,8
,,,,,,2.0318330678183902,2.635820066193702,2.9576923294495066,3.771319200977003,8
,,,,,,100.0,100.0,100.0,100.0,8
,,,,,,79.29480232142892,78.96067928056607,74.7776389652432,69.84707717616632,8
,,,,,,4.104040414874242,3.553946191257007,3.406695178675535,3.6276517669442407,8
,,,,,,51.77239532434055,52.384624472959665,54.43624352753296,51.96332973255282,8
,,,,,,14.033517395223866,14.841196585524202,12.817705172375998,13.390645175576072,8
,,,,,,1.3123023624386478,1.845470278103492,1.1668781181221564,1.083314208948857,8
,,,,,,1.9894313441972733,2.566954620475954,2.6622411917016593,3.2403818412640937,8
,,,,,,100.0,100.0,100.0,100.0,8
,,,,,,77.49030258722469,76.91837181017277,73.07321078964853,67.93492199090659,8
,,,,,,4.029468296537173,3.4306050354718938,3.4456271941009615,3.7879659590650365,8
,,,,,,54.15560169562167,55.602011362640745,57.0689488244319,53.47708296256807,8
,,,,,,12.153479559707208,12.71406086885372,10.987020725791302,12.450233929180591,8
,,,,,,0.9508697946327909,1.5547704030527583,1.0454656973191607,0.8615000314061403,8
,,,,,,1.7967909279200434,2.6475284440248688,2.731864355777654,3.229666226869295,8
,,,,,,100.0,100.0,100.0,100.0,8
,,,,,,88.20875263310602,88.51894230492564,82.35468773236522,77.95667055073038,8
,,,,,,4.472415175420433,4.131198747893636,3.2336226000214707,2.947747269498975,8
,,,,,,39.999723501010706,37.326837832843374,42.73253156730099,45.543388893290334,8
,,,,,,23.320614274325923,24.79646677044437,20.95602717831468,17.378999714958475,8
,,,,,,3.097723490175235,3.2059832797762,1.706617983099261,2.024044751350122,8
,,,,,,2.9410452824909816,2.189858708365055,2.35273087200685,3.285827564587344,8
,,,,,,100.0,100.0,100.0,100.0,8
,,,,,,79.29480232142892,78.96067928056607,74.7776389652432,69.84707717616632,8
,,,,,,4.104040414874242,3.553946191257007,3.406695178675535,3.6276517669442407,8
,,,,,,51.77239532434055,52.384624472959665,54.43624352753296,51.96332973255282,8
,,,,,,14.033517395223866,14.841196585524202,12.817705172375998,13.390645175576072,8
,,,,,,1.3123023624386478,1.845470278103492,1.1668781181221564,1.083314208948857,8
,,,,,,1.9894313441972733,2.566954620475954,2.6622411917016593,3.2403818412640937,8
,,,,,,100.0,100.0,100.0,100.0,8
,,,,,,80.21692605517494,80.4437062569355,75.37083105421937,70.97717774067857,8
,,,,,,4.649093301215306,3.858765842688027,3.765678417443309,4.381808992667071,8
,,,,,,49.348797600013455,50.41750125817621,51.10249852082621,47.708912462820365,8
,,,,,,15.072062826429015,15.797061330982087,13.687067649332091,15.362737121616266,8
,,,,,,1.1876209453850988,1.5628777446822617,0.416841414214273,0.9960631155169639,8
,,,,,,1.9718374782524017,2.4039500660877335,2.16640045691973,3.3282234201046283,8
,,,,,,100.0,100.0,100.0,100.0,8
,,,,,,78.37833063035879,77.28262723330201,74.05824560114299,68.59270258303955,8
,,,,,,3.6537111213207982,3.087551901301469,3.0390441953114453,2.912929352098276,8
,,,,,,54.580208973257925,54.29742517316637,57.868047911574585,56.74503427971294,8
,,,,,,13.25053242778416,13.900088333577044,11.964804453050517,11.4185113821915,8
,,,,,,1.4829545966789808,2.1811881276449347,1.9381670830031001,1.2052756908202689,8
,,,,,,2.0556407502830987,2.7793912223323005,3.1582404917210374,3.2307620927797154,8
,,,,,,0.0,0.0,0.0,0.0,8
,,,,,,0.9893469052834867,1.0856242329659973,1.3852534012879494,1.6841337759447559,8
,,,,,,7.19307131116201,8.551925028001001,11.035355803742043,13.077974983163251,8
,,,,,,1.5832816278400523,1.9438080741615211,1.9496723044068673,2.35191534464261,8
,,,,,,3.7581082951976827,4.5125844028763895,5.004574199395073,6.390419065406286,8
,,,,,,12.748636646090286,13.855782796326066,20.50959000888405,18.883215527327838,8
,,,,,,11.225926903783357,12.891512405358801,14.054368201859752,14.935521517661755,8
,,,,,,0.0,0.0,0.0,0.0,8
,,,,,,1.3521204451325806,1.5484978770712305,1.868096747941524,2.5298410056676572,8
,,,,,,10.476513168225178,12.200253422281195,15.763763296871778,16.327154717432617,8
,,,,,,2.2173567530967464,2.8111974894658536,2.6734271464128,3.505037174574419,8
,,,,,,5.7789649189370635,6.871700739873399,8.25396941264993,9.89765077912738,8
,,,,,,16.922703298162247,19.310147239418573,29.007182693149865,24.503141848022747,8
,,,,,,16.230483455027166,17.372851754648607,19.00920297716355,20.03850043817174,8
,,,,,,0.0,0.0,0.0,0.0,8
,,,,,,1.07947849105265,1.167990820238065,1.5769494477147608,1.733186799812182,8
,,,,,,8.38528173409752,10.492178315664109,13.254266327842554,15.38689393126301,8
,,,,,,1.8165401044451075,2.132111528671116,2.2769461362291423,2.6585321550297123,8
,,,,,,4.190286631846571,5.035125075989178,5.7465988771666385,6.994886028545848,8
,,,,,,14.28892914501022,15.113940778583684,20.478245989061676,21.610501724121264,8
,,,,,,11.990692196518305,14.330321728391516,15.021001250334788,16.654313213565175,8
,,,,,,0.0,0.0,0.0,0.0,8
,,,,,,0.9893469052834867,1.0856242329659973,1.3852534012879494,1.6841337759447559,8
,,,,,,7.19307131116201,8.551925028001001,11.035355803742043,13.077974983163251,8
,,,,,,1.5832816278400523,1.9438080741615211,1.9496723044068673,2.35191534464261,8
,,,,,,3.7581082951976827,4.5125844028763895,5.004574199395073,6.390419065406286,8
,,,,,,12.748636646090286,13.855782796326066,20.50959000888405,18.883215527327838,8
,,,,,,11.225926903783357,12.891512405358801,14.054368201859752,14.935521517661755,8
,,,,,,0.0,0.0,0.0,0.0,8
,,,,,,1.139519369093887,1.2693599740486177,1.607351184927092,1.9549603266570528,8
,,,,,,7.926300258169413,9.954236031102678,12.706343472188358,14.268136539672405,8
,,,,,,1.6813481295401829,2.050733539503937,2.1271873558869183,2.5543283582819916,8
,,,,,,4.537309432405488,5.575110258837933,6.147777120222219,7.422049106207382,8
,,,,,,16.772559794205357,16.60254768485706,25.927322381241467,23.25127126831694,8
,,,,,,13.734563562105414,14.657152885387786,15.942501813109667,17.127684936450148,8
,,,,,,0.0,0.0,0.0,0.0,8
,,,,,,1.0982538675269933,1.2938222745682657,1.81020956216788,2.439427030376875,8
,,,,,,15.184299577799177,16.506465620156458,19.66688627274174,20.12008010839244,8
,,,,,,3.582889373995133,4.955216092949083,4.461114267389277,4.804507564070184,8
,,,,,,5.4047064588150615,6.701698574988703,7.491447821543589,9.198015444584453,8
,,,,,,16.0916571619975,21.625122127506955,28.68034650770031,25.133483779648675,8
,,,,,,15.30948269518643,21.090263093777633,23.25104157092383,21.003957040397253,8
,,,,,,0.0,0.0,0.0,0.0,8
,,,,,,0.9893469052834867,1.0856242329659973,1.3852534012879494,1.6841337759447559,8
,,,,,,7.19307131116201,8.551925028001001,11.035355803742043,13.077974983163251,8
,,,,,,1.5832816278400523,1.9438080741615211,1.9496723044068673,2.35191534464261,8
,,,,,,3.7581082951976827,4.5125844028763895,5.004574199395073,6.390419065406286,8
,,,,,,12.748636646090286,13.855782796326066,20.50959000888405,18.883215527327838,8
,,,,,,11.225926903783357,12.891512405358801,14.054368201859752,14.935521517661755,8
,,,,,,0.0,0.0,0.0,0.0,8
,,,,,,1.272873022324725,1.456235614571137,1.9559287440326165,2.2972705898231798,8
,,,,,,9.029998149379665,11.620499234784047,15.51940465854057,17.909944772484078,8
,,,,,,2.271843081761213,2.7502645904016974,2.8914716677559182,3.5886090332612057,8
,,,,,,4.915112057422083,6.0674067466304455,6.892794158213773,8.231697379498543,8
,,,,,,18.083786201892437,24.17647275252712,27.185637103261367,25.253332810270223,8
,,,,,,13.455579800855514,21.931282822746677,20.491803360189287,22.543087260343064,8
,,,,,,0.0,0.0,0.0,0.0,8
,,,,,,1.370203630638153,1.3833756850348118,1.6912514937425178,2.2577456263064586,8
,,,,,,10.205319759398622,12.968315029628943,15.837940631318151,16.699559624595306,8
,,,,,,2.0404794817632634,2.406306616804428,2.3682448594390504,2.7790452718520964,8
,,,,,,5.258082261316062,6.276916742254371,7.131013386987246,8.933663742226608,8
,,,,,,16.419441917050836,15.236786819680098,23.778241226647182,25.526765813168,8
,,,,,,17.68491930749208,14.554087807229251,15.385645374756537,18.95651156705,8
,,,,,,88901.25800000006,88953.79399999995,89006.2240000001,89058.55799999982,8
,,,,,,43307.511000000006,43333.57599999999,43359.58300000004,43385.5679999999,8
,,,,,,45593.74700000005,45620.21799999997,45646.641000000054,45672.989999999896,8
,,,,,,88901.25800000006,88953.79399999995,89006.2240000001,89058.55799999982,8
,,,,,,11518.807,11521.495999999996,11523.620999999997,11524.769999999982,8
,,,,,,11701.869999999995,11685.947999999986,11672.092000000015,11659.120999999986,8
,,,,,,13629.492000000018,13622.531999999996,13616.016000000036,13608.96699999996,8
,,,,,,37822.168000000056,37850.13399999998,37876.80500000006,37902.3139999999,8
,,,,,,14228.920999999993,14273.684000000008,14317.689999999991,14363.385999999982,8
,,,,,,88901.25800000006,88953.79399999995,89006.2240000001,89058.55799999982,8
,,,,,,45995.95294785549,45700.15099537647,45820.64785028483,46030.76403738169,8
,,,,,,41876.97235997265,42279.03699335694,42165.46184396808,42019.66641566336,8
,,,,,,88901.25800000006,88953.79399999995,89006.2240000001,89058.55799999982,8
,,,,,,31900.441746900324,32286.337153776138,32261.364510058895,32341.792394462416,8
,,,,,,14526.580076262322,14510.587651542222,14374.986874051781,14278.240063136827,8
,,,,,,28413.930949783684,28360.05077251303,28464.474172196205,28361.253495311168,8
,,,,,,14060.305227053626,13796.818422168579,13905.398443693139,14077.27204708939,8
,,,,,,0.0,0.0,0.0,0.0,8
,,,,,,0.0,0.0,0.0,0.0,8
,,,,,,0.0,0.0,0.0,0.0,8
,,,,,,0.0,0.0,0.0,0.0,8
,,,,,,0.0,0.0,0.0,0.0,8
,,,,,,0.0,0.0,0.0,0.0,8
,,,,,,0.0,0.0,0.0,0.0,8
,,,,,,0.0,0.0,0.0,0.0,8
,,,,,,0.0,0.0,0.0,0.0,8
,,,,,,0.0,0.0,0.0,0.0,8
,,,,,,0.8394971290736554,0.8247391597312541,0.8293101535862801,0.8289428738195783,8
,,,,,,0.9247764320104089,0.895905985215449,0.9069142370212545,0.9157644594659309,8
,,,,,,0.0,0.0,0.0,0.0,8
,,,,,,0.6623350736671207,0.6295818253736261,0.6262561354921709,0.6210941455006304,8
,,,,,,1.1399526473813186,1.0843620548958344,1.0696379583625837,1.0880705181597412,8
,,,,,,0.6807812868981863,0.6777027145237324,0.6747031366934714,0.6782763873653436,8
,,,,,,1.9481248523986743,1.995525166082225,2.0097696683840405,2.0074934249715732,8
,,,,,,100.0,100.0,100.0,100.0,8
,,,,,,48.71417117629539,48.71470237683173,48.715225802636006,48.71577642207052,8
,,,,,,51.285828823704605,51.28529762316827,51.284774197363994,51.28422357792948,8
,,,,,,100.0,100.0,100.0,100.0,8
,,,,,,12.956854896249052,12.95222551159538,12.94698334804092,12.940665399051262,8
,,,,,,13.162772117352938,13.137099020194686,13.11379303092332,13.091522321751492,8
,,,,,,15.33104514674022,15.314166363719123,15.297824565616894,15.28091999872713,8
,,,,,,42.544018893410936,42.55033124275733,42.55523186782983,42.55886784064031,8
,,,,,,16.005308946246856,16.046177861733472,16.08616718758904,16.1280244398298,8
,,,,,,100.0,100.0,100.0,100.0,8
,,,,,,51.73824755984384,51.37515662949291,51.480273840495585,51.68595255874433,8
,,,,,,47.105039121012915,47.52921161896359,47.373610461183155,47.18206465420583,8
,,,,,,100.0,100.0,100.0,100.0,8
,,,,,,35.883003755582784,36.295626866433736,36.246189378912334,36.31519880937486,8
,,,,,,16.34012881602004,16.31250000594941,16.150541195918816,16.032417752751886,8
,,,,,,31.9612248341679,31.881777603002565,31.98031878332042,31.84562397171442,8
,,,,,,15.815642594229235,15.510095524614256,15.62295064184853,15.806759466158649,8
,,,,,,0.0,0.0,0.0,0.0,8
,,,,,,0.0,0.0,0.0,0.0,8
,,,,,,0.0,0.0,0.0,0.0,8
,,,,,,0.0,0.0,0.0,0.0,8
,,,,,,0.0,0.0,0.0,0.0,8
,,,,,,0.0,0.0,0.0,0.0,8
,,,,,,0.0,0.0,0.0,0.0,8
,,,,,,0.0,0.0,0.0,0.0,8
,,,,,,0.0,0.0,0.0,0.0,8
,,,,,,0.0,0.0,0.0,0.0,8
,,,,,,0.8394971290736554,0.8247391597312541,0.8293101535862786,0.8289428738195764,8
,,,,,,0.9247764320104095,0.895905985215449,0.9069142370212535,0.9157644594659299,8
,,,,,,0.0,0.0,0.0,0.0,8
,,,,,,0.6623350736671206,0.6295818253736264,0.6262561354921703,0.6210941455006302,8
,,,,,,1.1399526473813186,1.0843620548958341,1.0696379583625837,1.0880705181597403,8
,,,,,,0.6807812868981865,0.6777027145237319,0.6747031366934702,0.6782763873653429,8
,,,,,,1.9481248523986743,1.9955251660822249,2.0097696683840396,2.0074934249715732,8
,,,,,,,,5528.536871820455,7481.742173096679,8
,,,,,,,,2684.6642937066986,3580.3048959348394,8
,,,,,,,,2843.872578113755,3901.43727716184,8
,,,,,,,,5528.536871820455,7481.742173096679,8
,,,,,,,,212.3913565480193,295.3424545089979,8
,,,,,,,,293.80367242873916,465.7906862925032,8
,,,,,,,,927.3461308916092,1247.382129645648,8
,,,,,,,,3373.2597926083968,4459.363552686108,8
,,,,,,,,721.735919343689,1013.8633499634216,8
,,,,,,,,5528.536871820455,7481.742173096679,8
,,,,,,,,4806.800952476766,6467.878823133257,8
,,,,,,,,721.735919343689,1013.8633499634216,8
,,,,,,,,5528.536871820455,7481.742173096679,8
,,,,,,,,3152.3669921993014,4306.715152217863,8
,,,,,,,,2288.5987184208925,3090.867190828605,8
,,,,,,,,5528.536871820455,7481.742173096679,8
,,,,,,,,888.1268964535088,1320.4515775528344,8
,,,,,,,,642.4423395715384,869.701281755342,8
,,,,,,,,2120.1588570406116,2928.268850615837,8
,,,,,,,,1877.808778754796,2363.3204631726658,8
,,,,,,,,556.8913309847458,683.6531637072114,8
,,,,,,,,1419.5064822739182,1916.5953791339507,8
,,,,,,,,1756.2009719154673,2495.887632019281,8
,,,,,,,,946.5428890504966,1267.427359324152,8
,,,,,,,,847.9925054092937,1109.1866664649863,8
,,,,,,,,2.4359916587065484,2.1082735931580956,8
,,,,,,,,2.7430131641895263,2.4411404306806546,8
,,,,,,,,2.773156612041005,2.366395459637163,8
,,,,,,,,2.4359916587065484,2.1082735931580956,8
,,,,,,,,11.525132734339204,11.21320379725293,8
,,,,,,,,7.607700885265306,6.486284822245203,8
,,,,,,,,4.420791558092278,3.84380454496455,8
,,,,,,,,2.663912630960301,2.2041946379205117,8
,,,,,,,,4.395863348446184,3.836210009109636,8
,,,,,,,,2.4359916587065484,2.1082735931580956,8
,,,,,,,,2.606064503069956,2.2547696330160476,8
,,,,,,,,4.395863348446184,3.836210009109636,8
,,,,,,,,2.4359916587065484,2.1082735931580956,8
,,,,,,,,3.5213937405266176,3.167006473440343,8
,,,,,,,,3.0780573362213284,2.7978479270434873,8
,,,,,,,,2.4359916587065484,2.1082735931580956,8
,,,,,,,,4.855579437868916,4.266833235649906,8
,,,,,,,,5.429370082334421,4.8181882992632845,8
,,,,,,,,3.081360575982508,2.5937316971072586,8
,,,,,,,,4.075106757709095,3.7774434330087163,8
,,,,,,,,7.309827202694184,6.521712327990727,8
,,,,,,,,4.1504601070895,3.701480443500281,8
,,,,,,,,3.800046258171951,3.455028231960792,8
,,,,,,,,6.227214184312683,5.350098331314572,8
,,,,,,,,7.944274734415668,7.381192594084092,8
,,,,,,,,100.0,100.0,8
,,,,,,,,48.560122794707574,47.853893025198396,8
,,,,,,,,51.43987720529238,52.14610697480159,8
,,,,,,,,100.0,100.0,8
,,,,,,,,3.841728136617859,3.947509118544727,8
,,,,,,,,5.314311530167915,6.225698179862744,8
,,,,,,,,16.773807471889914,16.672348509028595,8
,,,,,,,,61.01541638986373,59.603277545721475,8
,,,,,,,,13.054736471460545,13.55116664684244,8
,,,,,,,,100.0,100.0,8
,,,,,,,,86.94526352853944,86.44883335315755,8
,,,,,,,,13.054736471460545,13.55116664684244,8
,,,,,,,,100.0,100.0,8
,,,,,,,,57.01991440569483,57.56299873182239,8
,,,,,,,,41.396101201497345,41.312131844678376,8
,,,,,,,,100.0,100.0,8
,,,,,,,,16.06441120037358,17.648985316561667,8
,,,,,,,,11.620476709599888,11.62431505435551,8
,,,,,,,,38.34936631873232,39.13886342068148,8
,,,,,,,,33.96574577129419,31.58783620840133,8
,,,,,,,,10.075589136893912,9.148615240046206,8
,,,,,,,,25.682504461433865,25.64779134417403,8
,,,,,,,,31.77416930434978,33.39985366836324,8
,,,,,,,,17.125382852804,16.960654716037187,8
,,,,,,,,15.34235424451843,14.84308503137932,8
,,,,,,,,0.0,0.0,8
,,,,,,,,1.3322784981042743,1.2024927948374131,8
,,,,,,,,1.2576936606301998,1.103514047472963,8
,,,,,,,,0.0,0.0,8
,,,,,,,,10.423482426783098,10.185157994874542,8
,,,,,,,,6.978295125171946,5.847809392436938,8
,,,,,,,,3.8679431877773784,3.3426824453215,8
,,,,,,,,1.2385207541546353,1.101641503042931,8
,,,,,,,,4.0751842396737326,3.522036142216183,8
,,,,,,,,0.0,0.0,8
,,,,,,,,0.6118844680265656,0.5520918773350955,8
,,,,,,,,4.0751842396737326,3.522036142216183,8
,,,,,,,,0.0,0.0,8
,,,,,,,,1.9508309408634523,1.8215345709781667,8
,,,,,,,,2.681425325371172,2.5514148124882894,8
,,,,,,,,0.0,0.0,8
,,,,,,,,3.9604733167536743,3.524664397069978,8
,,,,,,,,5.054290222733552,4.4605138813494625,8
,,,,,,,,2.3255977366233695,2.0941931460402357,8
,,,,,,,,2.971047147765884,2.7480152512632077,8
,,,,,,,,7.007922428567717,6.38668437280045,8
,,,,,,,,3.9065458038458933,3.5472787829250105,8
,,,,,,,,3.4309909615003797,3.002892032899475,8
,,,,,,,,5.2515874745753415,4.618863815156034,8
,,,,,,,,6.9694574198478705,6.515059920030154,8
,,,,,,,,6.2114048022309705,8.400924449166013,8
,,,,,,,,6.191628488924119,8.25229462464303,8
,,,,,,,,6.230190252364359,8.542110505928884,8
,,,,,,,,6.2114048022309705,8.400924449166013,8
,,,,,,,,1.843095642836741,2.5626754764650226,8
,,,,,,,,2.5171466471369417,3.99507549747965,8
,,,,,,,,6.810700948732777,9.165884006079596,8
,,,,,,,,8.905872057076603,11.765412403807648,8
,,,,,,,,5.040868459532857,7.058665345089395,8
,,,,,,,,6.2114048022309705,8.400924449166013,8
,,,,,,,,6.435795021062757,8.659031969473572,8
,,,,,,,,5.040868459532857,7.058665345089395,8
,,,,,,,,6.2114048022309705,8.400924449166013,8
,,,,,,,,6.8797957691462575,9.356166994578585,8
,,,,,,,,5.427661925985244,7.355763275827541,8
,,,,,,,,6.2114048022309705,8.400924449166013,8
,,,,,,,,2.7529117566511996,4.082802713738658,8
,,,,,,,,4.469168182206883,6.091095806693388,8
,,,,,,,,7.448438513968964,10.324892202313805,8
,,,,,,,,13.5041709617928,16.78819912883125,8
,,,,,,,,3.2447143578455617,4.238159582991812,8
,,,,,,,,4.560179364830083,6.169718171507416,8
,,,,,,,,6.588914880989097,9.224516200712339,8
,,,,,,,,10.273344909236714,13.202163815867301,8
,,,,,,,,17.625561731954793,21.49637986033814,8
,,,,,,,,2.435991658706548,2.108273593158095,8
,,,,,,,,2.7430131641895263,2.4411404306806546,8
,,,,,,,,2.7731566120410056,2.366395459637163,8
,,,,,,,,2.435991658706548,2.108273593158095,8
,,,,,,,,11.525132734339207,11.213203797252932,8
,,,,,,,,7.607700885265308,6.486284822245205,8
,,,,,,,,4.420791558092281,3.8438045449645513,8
,,,,,,,,2.6639126309603007,2.2041946379205113,8
,,,,,,,,4.395863348446184,3.8362100091096347,8
,,,,,,,,2.435991658706548,2.108273593158095,8
,,,,,,,,2.606064503069956,2.254769633016049,8
,,,,,,,,4.395863348446184,3.8362100091096347,8
,,,,,,,,2.435991658706548,2.108273593158095,8
,,,,,,,,3.28700742928892,2.9093619624871216,8
,,,,,,,,2.991846142893139,2.6994185252887672,8
,,,,,,,,2.435991658706548,2.108273593158095,8
,,,,,,,,4.8346955196938755,4.263261256411941,8
,,,,,,,,5.245696960460455,4.623556225761701,8
,,,,,,,,3.0594646515047037,2.555978133875854,8
,,,,,,,,3.2038950518974154,2.843770219634947,8
,,,,,,,,7.084048332456434,6.136902680868758,8
,,,,,,,,4.025498354589017,3.467733733850631,8
,,,,,,,,3.59828028085434,3.221987610193862,8
,,,,,,,,5.531775717127991,4.403124524800635,8
,,,,,,,,5.420875432445691,5.066577523850763,8
,,,,,,,,903.5427423909256,1327.717495987406,8
,,,,,,,,430.40905572762875,618.2605341018849,8
,,,,,,,,473.1336866632969,709.4569618855213,8
,,,,,,,,903.5427423909256,1327.717495987406,8
,,,,,,,,30.311669568089307,41.915501336107155,8
,,,,,,,,45.09104067306321,80.36112805217725,8
,,,,,,,,127.62697513511011,203.3088453046321,8
,,,,,,,,589.9718878871367,825.9870810152706,8
,,,,,,,,110.54116912752625,176.14494027921904,8
,,,,,,,,903.5427423909256,1327.717495987406,8
,,,,,,,,793.0015732633995,1151.5725557081873,8
,,,,,,,,110.54116912752625,176.14494027921904,8
,,,,,,,,903.5427423909256,1327.717495987406,8
,,,,,,,,499.03749859053505,758.3775059435131,8
,,,,,,,,387.49011047243124,562.9440443926684,8
,,,,,,,,903.5427423909256,1327.717495987406,8
,,,,,,,,130.58689883575897,216.91838385763828,8
,,,,,,,,114.11817585263618,181.97853898288685,8
,,,,,,,,386.1036054674706,554.6116215192345,8
,,,,,,,,272.73406223505987,374.20895162764657,8
,,,,,,,,95.4341060562564,131.32046596721435,8
,,,,,,,,229.52777313533983,355.3664515090438,8
,,,,,,,,283.91688268967465,431.4313887590137,8
,,,,,,,,184.05366069123093,245.18404980380944,8
,,,,,,,,110.61031981842372,161.88851502408835,8
,,,,,,,,5.311909946960307,4.524401822015618,8
,,,,,,,,6.562544478400785,5.4404646652353845,8
,,,,,,,,5.98603404551794,5.123858156404731,8
,,,,,,,,5.311909946960307,4.524401822015618,8
,,,,,,,,29.950691592889573,25.192926516985814,8
,,,,,,,,19.36644629846317,14.692017801181995,8
,,,,,,,,11.464347026605976,9.32320015938585,8
,,,,,,,,5.790153382271235,4.81524932121422,8
,,,,,,,,10.945630134303908,8.663481546006045,8
,,,,,,,,5.311909946960307,4.524401822015618,8
,,,,,,,,5.674768073355279,4.7638418587824045,8
,,,,,,,,10.945630134303908,8.663481546006045,8
,,,,,,,,5.311909946960307,4.524401822015618,8
,,,,,,,,6.95340996898645,5.997247329409127,8
,,,,,,,,7.352056008416852,6.3410848685609835,8
,,,,,,,,5.311909946960307,4.524401822015618,8
,,,,,,,,11.994072642582772,9.018067197512702,8
,,,,,,,,12.580160037971666,9.275818190517633,8
,,,,,,,,7.057352263459188,5.9633396942284564,8
,,,,,,,,8.573629126176241,7.519194184687057,8
,,,,,,,,16.575075293983247,12.729052366430677,8
,,,,,,,,10.067643468605619,7.78770411473945,8
,,,,,,,,8.694257330504888,7.526593876260912,8
,,,,,,,,13.307120661560424,10.956311405562408,8
,,,,,,,,13.834951868023545,13.29291527872257,8
,,,,,,,,100.0,100.0,8
,,,,,,,,47.63571611329579,46.5656689747914,8
,,,,,,,,52.36428388670422,53.43433102520861,8
,,,,,,,,100.0,100.0,8
,,,,,,,,3.354757682838506,3.156959327777416,8
,,,,,,,,4.990471237004766,6.052577321233063,8
,,,,,,,,14.125172960538396,15.312658447227431,8
,,,,,,,,65.295404434988,62.21105645677998,8
,,,,,,,,12.234193684630323,13.266748446982113,8
,,,,,,,,100.0,100.0,8
,,,,,,,,87.76580631536966,86.7332515530179,8
,,,,,,,,12.234193684630323,13.266748446982113,8
,,,,,,,,100.0,100.0,8
,,,,,,,,55.23119993969495,57.11889074561888,8
,,,,,,,,42.88564251504776,42.39938436406717,8
,,,,,,,,100.0,100.0,8
,,,,,,,,14.45276384935639,16.3376911514086,8
,,,,,,,,12.630080515135381,13.70611892460992,8
,,,,,,,,42.732190449095484,41.77180937928192,8
,,,,,,,,30.184965186412743,28.18438054469955,8
,,,,,,,,10.562212674490837,9.909551056736378,8
,,,,,,,,25.40308967874291,26.816246570121756,8
,,,,,,,,31.422628877343755,32.556169694474754,8
,,,,,,,,20.37022180092933,18.501791338715147,8
,,,,,,,,12.241846968493187,12.216241339951953,8
,,,,,,,,0.0,0.0,8
,,,,,,,,3.487187407911288,2.902425162114925,8
,,,,,,,,3.1722895276583736,2.5293358544975106,8
,,,,,,,,0.0,0.0,8
,,,,,,,,28.29759835563425,23.61951383771847,8
,,,,,,,,17.577399156187372,12.99456810662541,8
,,,,,,,,10.39752828716097,8.420096390156608,8
,,,,,,,,2.835464143310234,2.4323831707481327,8
,,,,,,,,10.270606725367943,7.7430351413353495,8
,,,,,,,,0.0,0.0,8
,,,,,,,,1.4316804825481764,1.184377359281238,8
,,,,,,,,10.270606725367943,7.7430351413353495,8
,,,,,,,,0.0,0.0,8
,,,,,,,,4.3064798420719175,3.5701172425989,8
,,,,,,,,5.381457703983627,4.8059469385522195,8
,,,,,,,,0.0,0.0,8
,,,,,,,,9.925609871276524,7.297188407973873,8
,,,,,,,,11.525719702633385,8.377652384508993,8
,,,,,,,,5.227666927899254,4.28997150223461,8
,,,,,,,,6.647911408076059,5.772659415361799,8
,,,,,,,,15.75826150194945,12.325484392766164,8
,,,,,,,,8.92140151388932,6.647508045649389,8
,,,,,,,,7.60682170418944,6.067085572317792,8
,,,,,,,,11.10770709309634,9.576919132028932,8
,,,,,,,,12.795373568459748,12.20501883170106,8
,,,,,,,,1.015145572730875,1.4908365078035608,8
,,,,,,,,0.9926503576559509,1.425037316791349,8
,,,,,,,,1.0365136980469092,1.5533403043801668,8
,,,,,,,,1.015145572730875,1.4908365078035608,8
,,,,,,,,0.2630394523395846,0.36369924376891843,8
,,,,,,,,0.3863149868340931,0.6892554597570214,8
,,,,,,,,0.9373297970207283,1.4939329730510222,8
,,,,,,,,1.5576073216501127,2.1792523828895347,8
,,,,,,,,0.7720600818115658,1.2263469092818295,8
,,,,,,,,1.015145572730875,1.4908365078035608,8
,,,,,,,,1.0617447294699864,1.5416961028059348,8
,,,,,,,,0.7720600818115658,1.2263469092818295,8
,,,,,,,,1.015145572730875,1.4908365078035608,8
,,,,,,,,1.0891105255017315,1.6475449013351848,8
,,,,,,,,0.918975136348146,1.3397156436797024,8
,,,,,,,,1.015145572730875,1.4908365078035608,8
,,,,,,,,0.40477797767990537,0.6707061291222042,8
,,,,,,,,0.7938662960355831,1.2745165943295362,8
,,,,,,,,1.3564403232314488,1.9555257725506574,8
,,,,,,,,1.9613538104602806,2.6582490583111085,8
,,,,,,,,0.5560445941963734,0.8140927605218496,8
,,,,,,,,0.7373603627582455,1.1439612540494506,8
,,,,,,,,1.0651993725283497,1.5945212372736342,8
,,,,,,,,1.9976345075978543,2.5539609562111303,8
,,,,,,,,2.2990403897613536,3.1374493754732797,8
,,,,,,,,5.311909946960308,4.524401822015617,8
,,,,,,,,6.562544478400782,5.4404646652353845,8
,,,,,,,,5.986034045517941,5.12385815640473,8
,,,,,,,,5.311909946960308,4.524401822015617,8
,,,,,,,,29.950691592889566,25.192926516985803,8
,,,,,,,,19.366446298463167,14.692017801181997,8
,,,,,,,,11.46434702660598,9.323200159385847,8
,,,,,,,,5.790153382271235,4.815249321214222,8
,,,,,,,,10.945630134303906,8.66348154600605,8
,,,,,,,,5.311909946960308,4.524401822015617,8
,,,,,,,,5.674768073355281,4.763841858782405,8
,,,,,,,,10.945630134303906,8.66348154600605,8
,,,,,,,,5.311909946960308,4.524401822015617,8
,,,,,,,,6.884382319893656,5.939236979823911,8
,,,,,,,,7.320526785113102,6.292663037943289,8
,,,,,,,,5.311909946960308,4.524401822015617,8
,,,,,,,,11.979329724384796,8.993643304725882,8
,,,,,,,,12.432466792002652,9.194703499711887,8
,,,,,,,,7.0241977639508235,5.943324672474219,8
,,,,,,,,8.380728902116443,7.328730598590669,8
,,,,,,,,16.558838645220277,12.540687802849728,8
,,,,,,,,10.017161903027281,7.6855359789250715,8
,,,,,,,,8.596385797646565,7.4360717202641275,8
,,,,,,,,13.016982024740365,10.478173830569197,8
,,,,,,,,13.604244885295827,12.651984315501444,8
,,,,,,,,2195.358026941181,3169.5494515787823,8
,,,,,,,,517.6959871486292,733.8074010805532,8
,,,,,,,,1482.8175849422269,2287.1718107243723,8
,,,,,,,,18.459268423110615,17.29935942280528,8
,,,,,,,,176.385186427214,128.31771354210068,8
,,,,,,,,3.6159460372404437,3.170630846023431,8
,,,,,,,,7.187685668166764,6.128827399686005,8
,,,,,,,,4.333777379778289,3.774666648609352,8
,,,,,,,,28.306650215723867,26.271037182132385,8
,,,,,,,,12.408480876571492,11.598696793063565,8
,,,,,,,,100.0,100.0,8
,,,,,,,,23.581392228307358,23.151788993701818,8
,,,,,,,,67.54331488282371,72.16078643559605,8
,,,,,,,,0.8408318003979578,0.5457986911732297,8
,,,,,,,,8.034461088471009,4.0484528007027745,8
,,,,,,,,0.0,0.0,8
,,,,,,,,6.065896872472287,5.360638412972795,8
,,,,,,,,2.3795458153454447,1.8164047145566142,8
,,,,,,,,28.35389978200452,26.07651216967487,8
,,,,,,,,12.036648641249167,11.547410617642036,8
,,,,,,,,2.4665219220412946,3.558949889553331,8
,,,,,,,,3.615946037240445,3.170630846023431,8
,,,,,,,,2492.432095876763,3159.182457935613,8
,,,,,,,,297.40574336598996,406.5755115530335,8
,,,,,,,,2159.6916016458986,2720.667521379493,8
,,,,,,,,6.143209832250417,15.439742267876687,8
,,,,,,,,28.95387565294917,14.624766825179101,8
,,,,,,,,3.3036465376149513,2.9545283913502245,8
,,,,,,,,8.44896926445871,7.398102649657039,8
,,,,,,,,3.4382609792315235,3.0856446801592954,8
,,,,,,,,39.904824003762315,49.71707915660077,8
,,,,,,,,25.20016557633466,27.77602931522505,8
,,,,,,,,100.0,100.0,8
,,,,,,,,11.932350889638638,12.869643237342885,8
,,,,,,,,86.64996752443852,86.11935390263373,8
,,,,,,,,0.24647451147869368,0.4887258799849717,8
,,,,,,,,1.1616715938158408,0.4629288437723138,8
,,,,,,,,0.0,0.0,8
,,,,,,,,7.601416612433893,6.636758328245515,8
,,,,,,,,1.1280837737969507,1.0390085231177804,8
,,,,,,,,39.808314690999744,49.60846058816124,8
,,,,,,,,24.97384737369654,27.644485327210568,8
,,,,,,,,2.800289669491836,3.547309241112594,8
,,,,,,,,3.30364653761495,2.9545283913502236,8
,,,,,,,,1656.9442194965613,2266.077930834198,8
,,,,,,,,307.41709482218874,450.8358555560155,8
,,,,,,,,1257.7748414072419,1747.8156377199211,8
,,,,,,,,19.071661966207866,17.090809280179982,8
,,,,,,,,72.68062130092336,49.79641950990996,8
,,,,,,,,4.344050836515736,3.6360246567982064,8
,,,,,,,,8.873079739700582,7.108914475595794,8
,,,,,,,,4.780176183643047,4.105334936736842,8
,,,,,,,,27.82272712066024,30.14451977099081,8
,,,,,,,,14.698517157262431,20.382751478977934,8
,,,,,,,,100.0,100.0,8
,,,,,,,,18.55325551729151,19.8949846084972,8
,,,,,,,,75.90930500903634,77.12954677937788,8
,,,,,,,,1.1510141223705472,0.7542021855306822,8
,,,,,,,,4.386425351301583,2.197471624092765,8
,,,,,,,,0.0,0.0,8
,,,,,,,,7.458466588225929,6.273899479213552,8
,,,,,,,,1.942304685979265,1.7294440339978907,8
,,,,,,,,27.695928565532242,30.15090044768918,8
,,,,,,,,14.68160215239693,20.032544699188616,8
,,,,,,,,1.8616048912450907,2.5444808244416017,8
,,,,,,,,4.344050836515734,3.6360246567982064,8
,,,,,,,,22055.00281603606,21134.304612653326,8
,,,,,,,,9530.04001140701,9127.154334725035,8
,,,,,,,,12524.962804629044,12007.150277928287,8
,,,,,,,,22055.00281603606,21134.304612653326,8
,,,,,,,,924.4758725704905,860.3177771209744,8
,,,,,,,,1253.0647595295336,1117.0698563538126,8
,,,,,,,,1577.1242208362505,1501.516430214269,8
,,,,,,,,9677.001562990552,9223.080457498467,8
,,,,,,,,8623.336400109229,8432.320091465801,8
,,,,,,,,22055.00281603606,21134.304612653326,8
,,,,,,,,13431.666415926828,12701.984521187522,8
,,,,,,,,8623.336400109229,8432.320091465801,8
,,,,,,,,22055.00281603606,21134.304612653326,8
,,,,,,,,11660.627880582702,11228.00583508651,8
,,,,,,,,10104.040450200177,9640.838560483404,8
,,,,,,,,22055.00281603606,21134.304612653326,8
,,,,,,,,8136.275304592443,7955.840154394545,8
,,,,,,,,3920.1437359597903,3659.8844779311876,8
,,,,,,,,6353.81637928979,5961.499245425943,8
,,,,,,,,3644.7673961940454,3557.08073490166,8
,,,,,,,,0.7744723939076937,0.8364298784086929,8
,,,,,,,,1.0656784467949338,1.1484025398971558,8
,,,,,,,,0.9307391671397739,0.939887591733128,8
,,,,,,,,0.7744723939076937,0.8364298784086929,8
,,,,,,,,4.159754741971318,4.651819467440107,8
,,,,,,,,3.4868407499473055,3.494111968354253,8
,,,,,,,,3.0399453935333005,3.4151962254960138,8
,,,,,,,,1.1670439990783479,1.2087936236147927,8
,,,,,,,,0.7422127024573539,0.8106527928429283,8
,,,,,,,,0.7744723939076937,0.8364298784086929,8
,,,,,,,,1.1099285624936452,1.1933640391606435,8
,,,,,,,,0.7422127024573539,0.8106527928429283,8
,,,,,,,,0.7744723939076937,0.8364298784086929,8
,,,,,,,,1.2258766630324167,1.2935110832100938,8
,,,,,,,,1.4029684433768805,1.4316112690672926,8
,,,,,,,,0.7744723939076937,0.8364298784086929,8
,,,,,,,,1.4101083146894313,1.4765522712507548,8
,,,,,,,,1.9407063089867473,1.972458106164902,8
,,,,,,,,1.5458567618164327,1.6163210851401864,8
,,,,,,,,2.5202208210913164,2.625192969401986,8
,,,,,,,,24.77916916915392,23.73079588000222,8
,,,,,,,,21.97908594141004,21.037305158077128,8
,,,,,,,,27.438958333492828,26.289389588744534,8
,,,,,,,,24.77916916915392,23.73079588000222,8
,,,,,,,,8.022442534082755,7.4649453058149975,8
,,,,,,,,10.735562738278064,9.581081252641733,8
,,,,,,,,11.582861101487017,11.033287318679456,8
,,,,,,,,25.54862154553572,24.33381892593288,8
,,,,,,,,60.22854524793628,58.70704923940505,8
,,,,,,,,24.77916916915392,23.73079588000222,8
,,,,,,,,17.983572171769815,17.005094413849886,8
,,,,,,,,60.22854524793628,58.70704923940505,8
,,,,,,,,24.77916916915392,23.73079588000222,8
,,,,,,,,25.448413384906377,24.392395107689726,8
,,,,,,,,23.962835952301084,22.94363421431079,8
,,,,,,,,24.77916916915392,23.73079588000222,8
,,,,,,,,25.21987345592779,24.59925553092335,8
,,,,,,,,27.2705900207535,25.63260220970916,8
,,,,,,,,22.321917281353215,21.019872222543068,8
,,,,,,,,26.21116835272813,25.268253131736007,8
,,,,,,,,0.7744723939076931,0.8364298784086912,8
,,,,,,,,1.065678446794933,1.1484025398971551,8
,,,,,,,,0.9307391671397723,0.9398875917331262,8
,,,,,,,,0.7744723939076931,0.8364298784086912,8
,,,,,,,,4.159754741971318,4.651819467440104,8
,,,,,,,,3.486840749947303,3.494111968354252,8
,,,,,,,,3.0399453935332983,3.415196225496013,8
,,,,,,,,1.1670439990783468,1.2087936236147911,8
,,,,,,,,0.7422127024573529,0.810652792842927,8
,,,,,,,,0.7744723939076931,0.8364298784086912,8
,,,,,,,,1.109928562493644,1.1933640391606424,8
,,,,,,,,0.7422127024573529,0.810652792842927,8
,,,,,,,,0.7744723939076931,0.8364298784086912,8
,,,,,,,,1.070620327429815,1.1574936598869123,8
,,,,,,,,1.151883747954739,1.1629090588069906,8
,,,,,,,,0.7744723939076931,0.8364298784086912,8
,,,,,,,,1.1258584690338147,1.2170917823930465,8
,,,,,,,,1.6402362918121889,1.7657999110837006,8
,,,,,,,,1.4276526708223447,1.505722267444671,8
,,,,,,,,1.8122361404076324,1.9081052265305103,8
,,,,,,,,257.74910129010794,418.4259086569715,8
,,,,,,,,111.54546375746517,187.88267871786542,8
,,,,,,,,146.20363753264283,230.54322993910614,8
,,,,,,,,257.74910129010794,418.4259086569715,8
,,,,,,,,192.13313007851792,283.1936597144807,8
,,,,,,,,65.61597121159008,135.2322489424908,8
,,,,,,,,257.74910129010794,418.4259086569715,8
,,,,,,,,125.23023943816268,244.56043557557726,8
,,,,,,,,130.8787886503637,171.58626157264553,8
,,,,,,,,257.74910129010794,418.4259086569715,8
,,,,,,,,44.481961972061605,91.6637368366533,8
,,,,,,,,39.936045074469014,64.27702829716293,8
,,,,,,,,100.6780036153599,150.16578778771458,8
,,,,,,,,72.65309062821744,112.3193557354407,8
,,,,,,,,7.799303284815578,6.326952167738724,8
,,,,,,,,11.510192847478473,8.465969057691463,8
,,,,,,,,9.21363796091683,7.891362065636705,8
,,,,,,,,7.799303284815578,6.326952167738724,8
,,,,,,,,9.054733076036877,7.538210661000623,8
,,,,,,,,13.64702270295298,9.794119998741172,8
,,,,,,,,7.799303284815578,6.326952167738724,8
,,,,,,,,10.98274899797221,8.215734529774963,8
,,,,,,,,10.324159780981166,9.06241174675456,8
,,,,,,,,7.799303284815578,6.326952167738724,8
,,,,,,,,17.402890251845747,12.444416096423321,8
,,,,,,,,18.249370659527116,13.457364109139085,8
,,,,,,,,11.943871118832096,9.501636849812916,8
,,,,,,,,13.753219254330567,11.561595824253,8
,,,,,,,,1.1686650119250956,1.9798423289804157,8
,,,,,,,,1.1704616520387159,2.0585022650822253,8
,,,,,,,,1.1672979777521417,1.9200495088571814,8
,,,,,,,,1.1686650119250956,1.9798423289804157,8
,,,,,,,,1.4304489415452775,2.229522947710256,8
,,,,,,,,0.760911649124102,1.603737138481694,8
,,,,,,,,1.1686650119250956,1.9798423289804157,8
,,,,,,,,1.0739579439516826,2.1781288607042564,8
,,,,,,,,1.2953114082967743,1.7797856534591947,8
,,,,,,,,1.1686650119250956,1.9798423289804157,8
,,,,,,,,0.5467116131991527,1.152156592613556,8
,,,,,,,,1.0187393056058756,1.7562583924369282,8
,,,,,,,,1.584528063220697,2.5189265586661223,8
,,,,,,,,1.993353285152945,3.157627394660355,8
,,,,,,,,7.7860633202172345,6.311161994130337,8
,,,,,,,,11.449300211488525,8.438725403519399,8
,,,,,,,,9.227214269744161,7.848524707580556,8
,,,,,,,,7.7860633202172345,6.311161994130337,8
,,,,,,,,9.01292896140923,7.496140819233098,8
,,,,,,,,13.598171300631574,9.783029973989446,8
,,,,,,,,7.7860633202172345,6.311161994130337,8
,,,,,,,,10.995574152858262,8.14823918275803,8
,,,,,,,,10.150349299406566,8.967755242302156,8
,,,,,,,,7.7860633202172345,6.311161994130337,8
,,,,,,,,17.34531756448028,12.396902604447128,8
,,,,,,,,18.11234821181621,13.35170988452801,8
,,,,,,,,11.810157644758918,9.356029251019358,8
,,,,,,,,13.673827712376472,11.28918169222295,8
,,,,,,,,22055.00281603606,21134.304612653326,8
,,,,,,,,5172.19237284485,4983.97343788798,8
,,,,,,,,12498.580231722264,12282.716085289463,8
,,,,,,,,6071.842337580037,5531.500296775252,8
,,,,,,,,2611.617457423825,2363.67274904001,8
,,,,,,,,2887.556275351104,2604.137950209535,8
,,,,,,,,1083.4175108883464,1019.6651399175475,8
,,,,,,,,0.7744723939076937,0.8364298784086929,8
,,,,,,,,1.4953705185042596,1.5202874897557723,8
,,,,,,,,0.9180808196758455,0.9903668450216594,8
,,,,,,,,1.9418021051044172,2.0357139173795096,8
,,,,,,,,2.177504142533737,2.3324273940592968,8
,,,,,,,,2.3015038141723965,2.619409357895296,8
,,,,,,,,3.386009100745288,3.499353694385098,8
,,,,,,,,24.77916916915392,23.73079588000222,8
,,,,,,,,5.811045722875346,5.596288048912706,8
,,,,,,,,14.042366555986325,13.79173025156044,8
,,,,,,,,6.8218176939851265,6.2110822598040025,8
,,,,,,,,2.9341964416149415,2.65406582154633,8
,,,,,,,,3.244218376628474,2.9240737877313707,8
,,,,,,,,1.2172379213484508,1.1449378507987402,8
,,,,,,,,0.7744723939076931,0.8364298784086912,8
,,,,,,,,1.4953705185042596,1.520287489755772,8
,,,,,,,,0.9180808196758447,0.9903668450216576,8
,,,,,,,,1.9418021051044165,2.035713917379511,8
,,,,,,,,2.177504142533738,2.332427394059296,8
,,,,,,,,2.301503814172397,2.619409357895296,8
,,,,,,,,3.386009100745288,3.4993536943850976,8
,,,,,,2871.7154075490444,1977.6452882376254,2045.2514750962328,1882.5351355668845,8
,,,,,,1236.874974908756,822.4488100697648,868.7678309760005,814.9682303054947,8
,,,,,,1634.840432640288,1155.196478167861,1176.483644120232,1067.5669052613894,8
,,,,,,2871.7154075490444,1977.6452882376254,2045.2514750962328,1882.5351355668845,8
,,,,,,2302.841286759134,1566.7221973392761,1636.4455000059925,1514.7990603482683,8
,,,,,,568.8741207899102,410.9230908983494,408.8059750902402,367.7360752186158,8
,,,,,,2871.7154075490444,1977.6452882376254,2045.2514750962328,1882.5351355668845,8
,,,,,,2157.6607719660806,1443.39644371868,1478.074890140712,1440.230495719026,8
,,,,,,685.3276086166969,516.7124973234406,544.2562329553134,428.9685021762341,8
,,,,,,2871.7154075490444,1977.6452882376254,2045.2514750962328,1882.5351355668845,8
,,,,,,935.7187123971709,688.0323408796197,699.3177262632274,681.5522131477729,8
,,,,,,475.5358744344449,330.8311035833685,355.7238611319865,307.3844307332207,8
,,,,,,936.2371000658616,620.2141686673242,646.1216543946446,583.6463347979887,8
,,,,,,524.2237206515658,338.56767510731294,344.08823330637375,309.9521568879016,8
,,,,,,2.198502449540402,2.4410467108838194,2.540586647399495,2.4552548334078343,8
,,,,,,2.8427746066388084,3.183677048815407,3.0344847984572847,3.207079231011059,8
,,,,,,2.4107517248406944,2.725878128671536,3.036566340151556,2.7785307830442965,8
,,,,,,2.198502449540402,2.4410467108838194,2.540586647399495,2.4552548334078343,8
,,,,,,2.4410771892518635,2.742091208649296,2.840291042760235,2.7785484711947124,8
,,,,,,3.54048014495692,4.009390642765131,4.08844483226818,4.305452732250805,8
,,,,,,2.198502449540402,2.4410467108838194,2.540586647399495,2.4552548334078343,8
,,,,,,2.4458297797967083,2.7743338621478975,2.822247462057579,2.792832363731677,8
,,,,,,4.2590024844483505,5.010233288317126,4.783423483581518,4.876011460164287,8
,,,,,,2.198502449540402,2.4410467108838194,2.540586647399495,2.4552548334078343,8
,,,,,,3.403016078725053,3.6927176981431886,4.302277985586521,3.658739258966027,8
,,,,,,4.38302511196498,4.873525102325808,5.202272484714529,5.073526106591655,8
,,,,,,3.2436772222321943,3.749200446534472,3.544645200504206,4.052684627615909,8
,,,,,,4.2972567391441485,5.113562681256932,5.029348517983273,5.03052207598711,8
,,,,,,100.0,100.0,100.0,100.0,8
,,,,,,43.070945388854035,41.587276290718854,42.47731105707298,43.29099706604332,8
,,,,,,56.929054611145936,58.412723709281146,57.522688942927005,56.709002933956654,8
,,,,,,100.0,100.0,100.0,100.0,8
,,,,,,80.1904422947177,79.22159785971816,80.01194571581937,80.46591172345475,8
,,,,,,19.80955770528227,20.77840214028182,19.988054284180638,19.534088276545237,8
,,,,,,100.0,100.0,100.0,100.0,8
,,,,,,75.13490947933467,72.98560830415447,72.26861381782724,76.5048401226962,8
,,,,,,23.8647467229913,26.127663054475658,26.61072438193475,22.78674613141071,8
,,,,,,100.0,100.0,100.0,100.0,8
,,,,,,32.58396392405016,34.79048264983648,34.19226118540378,36.203957114592626,8
,,,,,,16.559296690207404,16.72853597917895,17.39267104624623,16.328217461963,8
,,,,,,32.60201542272335,31.36124422090004,31.591306118688582,31.003210711508807,8
,,,,,,18.254723963019064,17.119737150084518,16.82376164966138,16.464614711935578,8
,,,,,,0.0,0.0,0.0,0.0,8
,,,,,,1.6078463086278538,1.9098212269415475,1.9335593569840253,1.9159941957403643,8
,,,,,,1.2164519686055408,1.3597082619531773,1.4278261980314373,1.4626478127811604,8
,,,,,,0.0,0.0,0.0,0.0,8
,,,,,,0.7744863896218881,0.9357063035536495,0.9136152036405965,0.9610957840236991,8
,,,,,,3.1351737913086977,3.5675576973853476,3.65719089209664,3.9589996430953414,8
,,,,,,0.0,0.0,0.0,0.0,8
,,,,,,1.1663746078428077,1.5153178587552965,1.4474659682582602,1.2804339743447626,8
,,,,,,3.568238021494562,4.183808905858273,3.812673173910296,4.242184665037009,8
,,,,,,0.0,0.0,0.0,0.0,8
,,,,,,2.569457216342517,2.669830125847698,3.0276032964011126,2.635791834181793,8
,,,,,,3.75086894244933,4.278299332542559,4.1790947232110796,4.47477812607419,8
,,,,,,2.3599753843007747,2.7644376086460873,3.026749975262894,3.146035693517492,8
,,,,,,3.792539577677143,4.652047771800195,4.715026361065496,4.56189137965645,8
,,,,,,9.535257893852721,6.562691911825489,6.783029941210245,6.23970802346472,8
,,,,,,8.379235057092655,5.568474084027273,5.878690615115974,5.511478966703446,8
,,,,,,10.646530404087885,7.518396294678436,7.652313360118204,6.939687560467468,8
,,,,,,9.535257893852721,6.562691911825489,6.783029941210245,6.23970802346472,8
,,,,,,9.163843288510979,6.234197406262354,6.511228473211476,6.027026625159684,8
,,,,,,11.406765865127154,8.212599664326591,8.143858421055622,7.3009789979682616,8
,,,,,,9.535257893852721,6.562691911825489,6.783029941210245,6.23970802346472,8
,,,,,,9.477651413312316,6.349416797922168,6.496620664284578,6.319553791446408,8
,,,,,,9.672812559540061,7.205647027816256,7.592569940093411,5.990386805660934,8
,,,,,,9.535257893852721,6.562691911825489,6.783029941210245,6.23970802346472,8
,,,,,,7.8929049996540135,5.767308852958617,5.840605260573856,5.676301113086558,8
,,,,,,9.265924124730002,6.478027315902113,6.971992178177265,6.073350398913509,8
,,,,,,10.74033048864443,7.140620607163116,7.4345259326740845,6.706118314939504,8
,,,,,,11.880411756048545,7.673605413327814,7.8449893579148355,7.046170131295017,8
,,,,,,2.198502449540402,2.44104671088382,2.5405866473994956,2.455254833407835,8
,,,,,,2.842774606638808,3.1836770488154067,3.0344847984572847,3.207079231011061,8
,,,,,,2.4107517248406953,2.725878128671535,3.036566340151555,2.7785307830442956,8
,,,,,,2.198502449540402,2.44104671088382,2.5405866473994956,2.455254833407835,8
,,,,,,2.441077189251865,2.742091208649296,2.8402910427602346,2.778548471194712,8
,,,,,,3.5404801449569208,4.00939064276513,4.088444832268177,4.305452732250807,8
,,,,,,2.198502449540402,2.44104671088382,2.5405866473994956,2.455254833407835,8
,,,,,,2.401703746980438,2.7217744783993068,2.794843166113823,2.7608055598342456,8
,,,,,,3.969969910243423,4.656891711702114,4.425214939957458,4.714000900984302,8
,,,,,,2.198502449540402,2.44104671088382,2.5405866473994956,2.455254833407835,8
,,,,,,3.3228997587322238,3.599651762332803,4.106124153780183,3.5851854205521865,8
,,,,,,4.187347324183175,4.6885829144452345,4.853763982478989,4.844357278140344,8
,,,,,,3.1093528372437644,3.6256671277585375,3.459661510960722,3.957253969970808,8
,,,,,,4.06562080584991,4.73402617650345,4.666242373901852,4.7519257893629705,8
,,,,,,151.93932135542917,109.79123042376702,144.422313132385,164.78107014950535,8
,,,,,,60.88920222705954,47.38573271464636,59.06304208826956,70.4215281130746,8
,,,,,,91.05011912836967,62.40549770912068,85.35927104411546,94.3595420364308,8
,,,,,,151.93932135542917,109.79123042376702,144.422313132385,164.78107014950535,8
,,,,,,115.85880876662198,83.82044144735795,122.64276741217124,139.74313569187746,8
,,,,,,36.080512588807224,25.970788976409093,21.779545720213765,25.037934457627905,8
,,,,,,151.93932135542917,109.79123042376702,144.422313132385,164.78107014950535,8
,,,,,,104.44120172730138,75.81460192602913,110.29593344004041,123.89383479188254,8
,,,,,,44.68485960184667,31.818872635277728,33.4422134986132,40.02260520828882,8
,,,,,,151.93932135542917,109.79123042376702,144.422313132385,164.78107014950535,8
,,,,,,47.076769520217496,35.1127798755698,37.8492556288997,45.55616496954165,8
,,,,,,29.437843217532567,21.622122714933838,28.27936494369773,33.840700452853206,8
,,,,,,52.264443725683364,40.219270347247026,54.25557906216016,58.33495456287768,8
,,,,,,23.160264891995794,12.837057486016382,24.038113497627407,27.049250164232806,8
,,,,,,8.048210809508966,9.36727311029924,7.409356426267448,7.52401492802163,8
,,,,,,11.860764683313239,12.651388477713777,10.434219120199852,10.306227931598766,8
,,,,,,10.121844219781764,11.166867566691176,9.027491783185676,8.57037633301083,8
,,,,,,8.048210809508966,9.36727311029924,7.409356426267448,7.52401492802163,8
,,,,,,9.427314410550078,10.92337742987099,8.146230179960574,8.23605489067187,8
,,,,,,14.225712858621039,16.29711993071214,15.844165719549174,15.950991077953327,8
,,,,,,8.048210809508966,9.36727311029924,7.409356426267448,7.52401492802163,8
,,,,,,9.22250427070735,11.68211951396138,7.913482679787026,8.349433799101483,8
,,,,,,16.211894309390814,15.635642176826567,17.349015140307593,15.719024130446135,8
,,,,,,8.048210809508966,9.36727311029924,7.409356426267448,7.52401492802163,8
,,,,,,13.331001276814321,14.901947864728077,14.81391982241807,12.885806639310731,8
,,,,,,16.874921881829557,19.86987484968228,17.657023163631163,15.113303265121639,8
,,,,,,12.286652166923604,14.635085684579199,10.9762906087865,10.90505909634408,8
,,,,,,17.909503764006022,19.864059250903022,16.67178792201815,15.095547583062782,8
,,,,,,100.0,100.0,100.0,100.0,8
,,,,,,43.070945388854035,41.587276290718854,42.47731105707298,43.29099706604332,8
,,,,,,56.929054611145936,58.412723709281146,57.522688942927005,56.709002933956654,8
,,,,,,100.0,100.0,100.0,100.0,8
,,,,,,80.1904422947177,79.22159785971816,80.01194571581937,80.46591172345475,8
,,,,,,19.80955770528227,20.77840214028182,19.988054284180638,19.534088276545237,8
,,,,,,100.0,100.0,100.0,100.0,8
,,,,,,75.13490947933467,72.98560830415447,72.26861381782724,76.5048401226962,8
,,,,,,23.8647467229913,26.127663054475658,26.61072438193475,22.78674613141071,8
,,,,,,100.0,100.0,100.0,100.0,8
,,,,,,32.58396392405016,34.79048264983648,34.19226118540378,36.203957114592626,8
,,,,,,16.559296690207404,16.72853597917895,17.39267104624623,16.328217461963,8
,,,,,,32.60201542272335,31.36124422090004,31.591306118688582,31.003210711508807,8
,,,,,,18.254723963019064,17.119737150084518,16.82376164966138,16.464614711935578,8
,,,,,,0.0,0.0,0.0,0.0,8
,,,,,,1.6078463086278538,1.9098212269415475,1.9335593569840253,1.9159941957403643,8
,,,,,,1.2164519686055408,1.3597082619531773,1.4278261980314373,1.4626478127811604,8
,,,,,,0.0,0.0,0.0,0.0,8
,,,,,,0.7744863896218881,0.9357063035536495,0.9136152036405965,0.9610957840236991,8
,,,,,,3.1351737913086977,3.5675576973853476,3.65719089209664,3.9589996430953414,8
,,,,,,0.0,0.0,0.0,0.0,8
,,,,,,1.1663746078428077,1.5153178587552965,1.4474659682582602,1.2804339743447626,8
,,,,,,3.568238021494562,4.183808905858273,3.812673173910296,4.242184665037009,8
,,,,,,0.0,0.0,0.0,0.0,8
,,,,,,2.569457216342517,2.669830125847698,3.0276032964011126,2.635791834181793,8
,,,,,,3.75086894244933,4.278299332542559,4.1790947232110796,4.47477812607419,8
,,,,,,2.3599753843007747,2.7644376086460873,3.026749975262894,3.146035693517492,8
,,,,,,3.792539577677143,4.652047771800195,4.715026361065496,4.56189137965645,8
,,,,,,31.65153001231913,42.33844318103409,48.85349230755168,63.95593932293113,8
,,,,,,13.275263949225309,20.850322856375715,23.36474864749579,27.993176476582953,8
,,,,,,18.376266063093812,21.488120324658365,25.488743660055878,35.9627628463482,8
,,,,,,31.65153001231913,42.33844318103409,48.85349230755168,63.95593932293113,8
,,,,,,24.21575158157299,37.0048653872783,44.33821912830369,56.817032486459134,8
,,,,,,7.435778430746135,5.333577793755792,4.5152731792479806,7.138906836472,8
,,,,,,31.65153001231913,42.33844318103409,48.85349230755168,63.95593932293113,8
,,,,,,23.851724273483626,26.556426309571798,34.73010157702914,45.00810633198628,8
,,,,,,6.945208809854423,15.782016871462282,14.12339073052253,17.940510790123284,8
,,,,,,16.126258422510308,17.32272493280115,12.658841108407657,11.556000567586443,8
,,,,,,26.263328250613,21.271461279344436,16.47322456810168,15.39501062177634,8
,,,,,,19.259742774348698,20.575175757759574,15.897876175935629,13.69020293984325,8
,,,,,,16.126258422510308,17.32272493280115,12.658841108407657,11.556000567586443,8
,,,,,,19.016366784518148,18.471228443502284,13.63003326778807,12.49700082688269,8
,,,,,,27.44313425176127,35.916003541637735,28.628854014599327,26.100191589921717,8
,,,,,,16.126258422510308,17.32272493280115,12.658841108407657,11.556000567586443,8
,,,,,,17.312619935360747,22.364577169982425,14.497515034471519,13.369585422180997,8
,,,,,,41.59269168553186,25.53162769971148,23.07471013201129,21.620488815747805,8
,,,,,,100.0,100.0,100.0,100.0,8
,,,,,,41.94193438376731,49.24678682024806,47.826158466636606,43.76947125307269,8
,,,,,,58.05806561623267,50.753213179751924,52.17384153336337,56.23052874692731,8
,,,,,,100.0,100.0,100.0,100.0,8
,,,,,,76.50736495881225,87.4025179174632,90.75752220368895,88.83777345458772,8
,,,,,,23.492635041187736,12.597482082536796,9.242477796311029,11.162226545412295,8
,,,,,,100.0,100.0,100.0,100.0,8
,,,,,,75.35725528655412,62.724144570029914,71.09031501451254,70.37361472361145,8
,,,,,,21.942726961860192,37.27585542997006,28.909684985487445,28.05136001448858,8
,,,,,,0.0,0.0,0.0,0.0,8
,,,,,,18.40084247716609,11.908803506491026,10.517693034193444,9.85402901017455,8
,,,,,,13.293018284225388,11.555333560681028,9.641246244731876,7.67031093427781,8
,,,,,,0.0,0.0,0.0,0.0,8
,,,,,,7.709037020909955,4.811656052571745,2.926750218648,3.194943020856293,8
,,,,,,25.105660042209276,33.383723159293794,28.739544071138223,25.427868098932567,8
,,,,,,0.0,0.0,0.0,0.0,8
,,,,,,10.442543288371489,12.349790182743034,7.628377016445873,7.571555051858576,8
,,,,,,35.13213792428958,20.7810126929804,18.758548404136498,17.823754323301227,8
,,,,,,29.29582652849209,34.57066823768624,53.121437198176785,51.70851512166204,8
,,,,,,12.642216247959068,15.528831140439644,23.408222406156177,24.69038568368124,8
,,,,,,16.65361028053302,19.041837097246592,29.71321479202061,27.018129437980804,8
,,,,,,29.29582652849209,34.57066823768624,53.121437198176785,51.70851512166204,8
,,,,,,25.17789666182877,30.726359829286586,45.17312690928703,46.15063927678474,8
,,,,,,4.117929866663321,3.8443084083996553,7.948310288889754,5.557875844877303,8
,,,,,,29.29582652849209,34.57066823768624,53.121437198176785,51.70851512166204,8
,,,,,,16.45894038532251,20.348086438793565,41.20738711439589,39.09659500328322,8
,,,,,,11.982289214188498,14.222581798892676,11.914050083780895,12.61192011837882,8
,,,,,,17.00933639757202,18.95259489117843,13.082289888559325,12.479549834326779,8
,,,,,,28.718246863710966,22.930360515132257,17.188006017427444,16.269593668506968,8
,,,,,,19.86012579934394,21.681936345794316,15.992098362952989,14.826169275104037,8
,,,,,,17.00933639757202,18.95259489117843,13.082289888559325,12.479549834326779,8
,,,,,,18.94365648908301,19.97753792026156,14.238374091612144,13.427431890859944,8
,,,,,,35.061228111822835,44.046120285491405,25.57401840622881,28.227060051668186,8
,,,,,,17.00933639757202,18.95259489117843,13.082289888559325,12.479549834326779,8
,,,,,,18.958891877906257,25.60445547223881,14.263647587214074,14.419486202993875,8
,,,,,,31.815007666797364,26.87852686949664,27.405867970581472,24.07977050267125,8
,,,,,,100.0,100.0,100.0,100.0,8
,,,,,,43.153642501479496,44.91909451582808,44.065491524313614,47.74916786062918,8
,,,,,,56.84635749852048,55.08090548417188,55.934508475686386,52.250832139370786,8
,,,,,,100.0,100.0,100.0,100.0,8
,,,,,,85.94362967483313,88.87985507839014,85.03747129574545,89.25152688720513,8
,,,,,,14.056370325166853,11.120144921609846,14.962528704254547,10.748473112794848,8
,,,,,,100.0,100.0,100.0,100.0,8
,,,,,,56.18186047529712,58.85939577127313,77.57204866401882,75.60958753368773,8
,,,,,,40.90101094275303,41.14060422872684,22.427951335981177,24.390412466312256,8
,,,,,,0.0,0.0,0.0,0.0,8
,,,,,,19.572302603070153,12.910167728474093,11.383457873606801,9.673134015265067,8
,,,,,,14.857876328938902,10.528386185974481,8.96794626638839,8.839746295355665,8
,,,,,,0.0,0.0,0.0,0.0,8
,,,,,,5.6022401008228115,5.141148455756741,4.175973246090662,3.3071316492112186,8
,,,,,,34.25328427158526,41.091598437369775,23.73356884155951,27.46125391128713,8
,,,,,,0.0,0.0,0.0,0.0,8
,,,,,,15.755304647363497,15.046336259116499,6.69709698452546,6.789342353613345,8
,,,,,,21.8718313692546,21.52662260037015,23.163396665562423,21.046768917529374,8
,,,,,,176.5009884977721,134.63587550252785,180.30008314127446,193.9436891633216,8
,,,,,,70.07283670159462,59.47506323638244,78.18779642723052,84.17603151840788,8
,,,,,,106.42815179617747,75.16081226614534,102.11228671404398,109.7676576449138,8
,,,,,,176.5009884977721,134.63587550252785,180.30008314127446,193.9436891633216,8
,,,,,,134.5530514473767,105.999136838004,155.68471969320012,165.1583847530785,8
,,,,,,41.94793705039538,28.636738664523794,24.615363448074348,28.785304410243143,8
,,,,,,176.5009884977721,134.63587550252785,180.30008314127446,193.9436891633216,8
,,,,,,123.05093890413909,90.1656063281646,134.07214716159197,145.92178293447947,8
,,,,,,50.63678956735184,42.31251331190305,45.54376978595117,46.14995387868667,8
,,,,,,176.5009884977721,134.63587550252785,180.30008314127446,193.9436891633216,8
,,,,,,54.11370553909603,43.57088225093313,47.884727276296026,54.84299635514593,8
,,,,,,35.32364783419822,27.268210220724683,32.39242878571091,39.93944933638321,8
,,,,,,61.67617389090031,48.371092985190316,66.01880193407843,67.6055298717955,8
,,,,,,25.387461233577522,15.425690045679692,34.00412514518914,31.555713599997027,8
,,,,,,7.427649129413524,8.669364787225042,6.767389005520126,6.918687630512971,8
,,,,,,11.147316712795483,12.035196231409053,9.325621110301903,9.253696955902019,8
,,,,,,9.137657600322983,10.189081030258846,8.35962492628437,8.099834076941507,8
,,,,,,7.427649129413524,8.669364787225042,6.767389005520126,6.918687630512971,8
,,,,,,8.706695330785767,9.82946551115536,7.437524584050778,7.60041891636714,8
,,,,,,13.404969107767931,15.964507451206556,14.614906968603005,14.503436113549114,8
,,,,,,7.427649129413524,8.669364787225042,6.767389005520126,6.918687630512971,8
,,,,,,8.387793884995947,10.62882957234608,7.494823560072537,7.647710576668562,8
,,,,,,15.060720114730492,15.223405185219557,14.645615893190037,14.599852832725132,8
,,,,,,7.427649129413524,8.669364787225042,6.767389005520126,6.918687630512971,8
,,,,,,12.231947769953251,13.752284175753227,12.750413208567076,11.804657932374244,8
,,,,,,15.00880819858149,17.24420036736576,16.072082563113156,13.575848072032255,8
,,,,,,11.878377486343773,13.215159485853615,9.903851586316893,10.158567248115357,8
,,,,,,17.255010065968353,19.07455162654481,15.212098686400081,14.008272953883298,8
,,,,,,100.0,100.0,100.0,100.0,8
,,,,,,39.70110156209075,44.17475135389585,43.36536903644483,43.402305010049865,8
,,,,,,60.298898437909244,55.82524864610412,56.634630963555175,56.597694989950156,8
,,,,,,100.0,100.0,100.0,100.0,8
,,,,,,76.23359653256283,78.73023177690396,86.34755845964477,85.15790612500787,8
,,,,,,23.766403467437165,21.269768223096026,13.652441540355214,14.842093874992132,8
,,,,,,100.0,100.0,100.0,100.0,8
,,,,,,69.71685538502939,66.96997066467006,74.3605575913903,75.23925298316742,8
,,,,,,28.689238512673253,31.427368934150547,25.259982686899406,23.795542962897542,8
,,,,,,100.0,100.0,100.0,100.0,8
,,,,,,30.659151543380226,32.36201501888335,26.558350080613017,28.27779372030104,8
,,,,,,20.013286120855973,20.253301817919038,17.965842400821167,20.593322478644755,8
,,,,,,34.943812165493235,35.92734314286248,36.61606849196473,34.85832932406699,8
,,,,,,14.383750170270563,11.45734002033512,18.859739026601087,16.27055447698723,8
,,,,,,0.0,0.0,0.0,0.0,8
,,,,,,8.222211532994486,7.689105645035645,6.4133543572124125,5.870697614216122,8
,,,,,,5.413545911996039,6.084421265304848,4.9107317153876835,4.501982077524967,8
,,,,,,0.0,0.0,0.0,0.0,8
,,,,,,3.7591144291473992,3.8588905144211303,2.2184857558809368,2.3816346099613397,8
,,,,,,12.057811486032985,14.283716748364686,14.031250595842822,13.664852024746072,8
,,,,,,0.0,0.0,0.0,0.0,8
,,,,,,4.973017917847607,5.93659992357472,4.137337718379783,3.958169684117921,8
,,,,,,12.057019115407325,12.565401226484072,12.180450113079678,12.22632185942146,8
,,,,,,0.0,0.0,0.0,0.0,8
,,,,,,9.738296112746148,10.02244418416573,10.787688165132014,9.152957921026298,8
,,,,,,12.89646385601531,15.51367987423321,14.012442753527116,11.179537191422067,8
,,,,,,8.796649104976446,9.18995313647393,7.70299644288133,7.674136826756397,8
,,,,,,16.363352757975875,18.4752804690168,13.707386167840236,12.985188871805528,8
,,,,,,0.5045000662435032,0.3643353154263167,0.47897331261414483,0.5461708236416825,8
,,,,,,0.41249515775595597,0.32082996697602245,0.3996618415698472,0.47624773158683115,8
,,,,,,0.5929434104039564,0.4061553784235472,0.5552103452396839,0.6133814535223857,8
,,,,,,0.5045000662435032,0.3643353154263167,0.47897331261414483,0.5461708236416825,8
,,,,,,0.46104435126967386,0.33353276001981913,0.4879814691076833,0.5560048336078379,8
,,,,,,0.7234675376387708,0.519045285003746,0.43387217317744925,0.49709953944271973,8
,,,,,,0.5045000662435032,0.3643353154263167,0.47897331261414483,0.5461708236416825,8
,,,,,,0.45876410046460975,0.3335040134619682,0.4847865592959962,0.5436308672279508,8
,,,,,,0.6306885433237693,0.44371979818660334,0.46653089035106055,0.5589009098607718,8
,,,,,,0.5045000662435032,0.3643353154263167,0.47897331261414483,0.5461708236416825,8
,,,,,,0.39709847050271274,0.29432663872960585,0.31611176612981606,0.3794140858706258,8
,,,,,,0.573603036729371,0.4233843192432239,0.5542600110205315,0.668629933873343,8
,,,,,,0.5995675650746048,0.46305061244200985,0.6242857003574557,0.6702708196234624,8
,,,,,,0.524877971859176,0.2909507346933604,0.548053453502802,0.6149130255934138,8
,,,,,,8.04821080950896,9.36727311029924,7.409356426267452,7.524014928021629,8
,,,,,,11.860764683313239,12.651388477713773,10.434219120199856,10.306227931598771,8
,,,,,,10.121844219781762,11.166867566691176,9.027491783185678,8.570376333010831,8
,,,,,,8.04821080950896,9.36727311029924,7.409356426267452,7.524014928021629,8
,,,,,,9.427314410550082,10.923377429870989,8.146230179960575,8.236054890671868,8
,,,,,,14.225712858621037,16.297119930712135,15.844165719549174,15.950991077953327,8
,,,,,,8.04821080950896,9.36727311029924,7.409356426267452,7.524014928021629,8
,,,,,,9.245456936642283,11.695343752762783,7.914347520437222,8.342539238759827,8
,,,,,,16.103404617501983,15.55393339518015,17.202418248295707,15.632008031745265,8
,,,,,,8.04821080950896,9.36727311029924,7.409356426267452,7.524014928021629,8
,,,,,,13.311460996796423,14.855832794461033,14.731755160074364,12.852380693584037,8
,,,,,,16.818832174875524,19.754909869559203,17.602604148098433,15.064301170345285,8
,,,,,,12.249908350842311,14.653893686325967,10.946445040314432,10.909527580030266,8
,,,,,,17.889658530723743,19.850102946619312,16.44471417756855,14.996275306532276,8
,,,,,,0.10509589516047052,0.14049746952906028,0.16202149471092087,0.21198350044146516,8
,,,,,,0.08993354973788913,0.14116925095858673,0.1581022267413715,0.18931265983714565,8
,,,,,,0.11967129723992087,0.13985171118660583,0.16578883575413364,0.233774891985564,8
,,,,,,0.10509589516047052,0.14049746952906028,0.16202149471092087,0.21198350044146516,8
,,,,,,0.09636328559982839,0.14724731430258814,0.1764166755560411,0.22606151305620822,8
,,,,,,0.14909833385760196,0.10659546803003597,0.0899491390654655,0.1417348266703196,8
,,,,,,0.10509589516047052,0.14049746952906028,0.16202149471092087,0.21198350044146516,8
,,,,,,0.10477009695297523,0.116820170949265,0.1526501106831943,0.19749001973057537,8
,,,,,,0.09802567729642084,0.22008301241379574,0.1970263736447897,0.2505326115524904,8
,,,,,,16.126258422510308,17.32272493280115,12.658841108407657,11.556000567586437,8
,,,,,,26.263328250613,21.271461279344443,16.473224568101678,15.39501062177634,8
,,,,,,19.259742774348698,20.575175757759574,15.897876175935629,13.690202939843257,8
,,,,,,16.126258422510308,17.32272493280115,12.658841108407657,11.556000567586437,8
,,,,,,19.016366784518155,18.47122844350228,13.630033267788075,12.497000826882685,8
,,,,,,27.443134251761258,35.91600354163773,28.628854014599327,26.100191589921717,8
,,,,,,16.126258422510308,17.32272493280115,12.658841108407657,11.556000567586437,8
,,,,,,17.31393609687179,22.355793845805326,14.506502578270593,13.35426137938938,8
,,,,,,41.57967358483332,25.49705988624395,23.077140682927862,21.608334830450712,8
,,,,,,0.09727400578358786,0.114720595335904,0.17617603674794996,0.17138911810478574,8
,,,,,,0.0856449550141958,0.10513954510243478,0.15839640059073412,0.16697649836533457,8
,,,,,,0.10845288913192495,0.12393050029278749,0.19326646117130747,0.1756305631467166,8
,,,,,,0.09727400578358786,0.114720595335904,0.17617603674794996,0.17138911810478574,8
,,,,,,0.10019201091710118,0.12226429999966414,0.17973867761234216,0.18362246120311956,8
,,,,,,0.08257057250700639,0.07683132596751747,0.158338961814463,0.11034526539894432,8
,,,,,,0.09727400578358786,0.114720595335904,0.17617603674794996,0.17138911810478574,8
,,,,,,0.07229686039220776,0.08951004583826526,0.1811198907675596,0.17155103708749997,8
,,,,,,0.16911975549473018,0.1983364149269154,0.16620527805385618,0.17612080954174028,8
,,,,,,17.009336397572024,18.952594891178425,13.082289888559325,12.479549834326779,8
,,,,,,28.718246863710974,22.930360515132254,17.188006017427448,16.269593668506975,8
,,,,,,19.86012579934394,21.681936345794327,15.992098362952989,14.82616927510404,8
,,,,,,17.009336397572024,18.952594891178425,13.082289888559325,12.479549834326779,8
,,,,,,18.943656489083015,19.977537920261558,14.23837409161215,13.427431890859953,8
,,,,,,35.06122811182284,44.046120285491384,25.57401840622881,28.227060051668175,8
,,,,,,17.009336397572024,18.952594891178425,13.082289888559325,12.479549834326779,8
,,,,,,18.967808775870807,25.601280799788427,14.28815345249557,14.40182490946382,8
,,,,,,31.7236124818298,26.800110436578283,27.380614928414477,24.051394341776536,8
,,,,,,0.5860547460316005,0.4467807126268724,0.5979611198140892,0.642831026369298,8
,,,,,,0.47470987913167606,0.4026820201120917,0.5290733020777054,0.5692668866863233,8
,,,,,,0.6930893873960096,0.48917113506356796,0.6641785627529246,0.7135414600675991,8
,,,,,,0.5860547460316005,0.4467807126268724,0.5979611198140892,0.642831026369298,8
,,,,,,0.5354355441446815,0.42178475869160836,0.6194515978115982,0.6571260890842613,8
,,,,,,0.8411180592897161,0.5723262468154988,0.4903647380880241,0.5714992819901329,8
,,,,,,0.5860547460316005,0.4467807126268724,0.5979611198140892,0.642831026369298,8
,,,,,,0.5405084618336634,0.3966332450840279,0.5892907643347362,0.6402867869686552,8
,,,,,,0.7146949399725886,0.5900554706237382,0.6353519472945366,0.6444670725105314,8
,,,,,,0.5860547460316005,0.4467807126268724,0.5979611198140892,0.642831026369298,8
,,,,,,0.45645591067120317,0.3652251791184189,0.39992664210803536,0.45675937257681576,8
,,,,,,0.6882892716130606,0.5339407593551792,0.6348738018514472,0.7891299828716191,8
,,,,,,0.707537108726809,0.556903793577024,0.7596378974217026,0.7767900782266671,8
,,,,,,0.5753526233432185,0.3496218550732161,0.7752720786929382,0.7173588623240772,8
,,,,,,7.427649129413524,8.669364787225046,6.767389005520124,6.918687630512971,8
,,,,,,11.147316712795485,12.03519623140905,9.325621110301903,9.253696955902019,8
,,,,,,9.137657600322981,10.189081030258851,8.35962492628437,8.099834076941509,8
,,,,,,7.427649129413524,8.669364787225046,6.767389005520124,6.918687630512971,8
,,,,,,8.706695330785767,9.82946551115536,7.437524584050781,7.60041891636714,8
,,,,,,13.404969107767931,15.964507451206556,14.614906968603005,14.503436113549114,8
,,,,,,7.427649129413524,8.669364787225046,6.767389005520124,6.918687630512971,8
,,,,,,8.409440853644261,10.636399452388043,7.504162446649974,7.641536524291379,8
,,,,,,14.923366576641156,15.14182219978796,14.525833514168895,14.520071396449344,8
,,,,,,7.427649129413524,8.669364787225046,6.767389005520124,6.918687630512971,8
,,,,,,12.199887661091424,13.715846353067215,12.671158864114226,11.77407301586882,8
,,,,,,14.919794091892182,17.12111379259018,16.022745491688884,13.514657207942616,8
,,,,,,11.844744840637645,13.238622962908774,9.871675825119713,10.16952806597274,8
,,,,,,17.22097262688967,19.053571784087566,14.99585203198985,13.939611970688807,8
,,,,,,2871.7154075490444,1977.6452882376254,2045.2514750962328,1882.5351355668845,8
,,,,,,400.00614684243885,325.7435057969538,449.3809958719185,461.1229674409037,8
,,,,,,2471.141076334422,1650.7166070654262,1595.6969063972517,1421.4121681259803,8
,,,,,,1236.874974908756,822.4488100697648,868.7678309760005,814.9682303054947,8
,,,,,,158.61887220779246,138.0565400322774,179.22438107659642,188.0084354060756,8
,,,,,,1078.2561027009635,684.3922700374873,689.3698770723414,626.959794899419,8
,,,,,,1634.840432640288,1155.196478167861,1176.483644120232,1067.5669052613894,8
,,,,,,241.3872746346464,187.68696576467636,270.156614795322,273.11453203482813,8
,,,,,,1392.884973633459,966.3243370279384,906.32702932491,794.4523732265613,8
,,,,,,2871.7154075490444,1977.6452882376254,2045.2514750962328,1882.5351355668845,8
,,,,,,400.00614684243885,325.7435057969538,449.3809958719185,461.1229674409037,8
,,,,,,2471.141076334422,1650.7166070654262,1595.6969063972517,1421.4121681259803,8
,,,,,,2157.6607719660806,1443.39644371868,1478.074890140712,1440.230495719026,8
,,,,,,273.754462862733,217.53878957249714,312.4875012871395,338.6494366931659,8
,,,,,,1883.3381247311645,1225.5324814539333,1165.587388853572,1101.5810590258602,8
,,,,,,685.3276086166969,516.7124973234406,544.2562329553134,428.9685021762341,8
,,,,,,119.75402312681673,106.96410050790189,132.5824320396215,121.73051249647209,8
,,,,,,565.5735854898802,408.88839413254226,411.5002280886292,307.237989679762,8
,,,,,,2871.7154075490444,1977.6452882376254,2045.2514750962328,1882.5351355668845,8
,,,,,,400.00614684243885,325.7435057969538,449.3809958719185,461.1229674409037,8
,,,,,,2471.141076334422,1650.7166070654262,1595.6969063972517,1421.4121681259803,8
,,,,,,2302.841286759134,1566.7221973392761,1636.4455000059925,1514.7990603482683,8
,,,,,,323.7136445516461,249.10993580833983,371.02847111279016,380.6251212108211,8
,,,,,,1978.7968807794282,1316.7522588479405,1265.2434560661395,1134.1739391374472,8
,,,,,,568.8741207899102,410.9230908983494,408.8059750902402,367.7360752186158,8
,,,,,,76.29250229079281,76.63356998861394,78.35252475912824,80.49784623008264,8
,,,,,,492.3441955549939,333.96434821748574,330.4534503311121,287.2382289885331,8
,,,,,,2.198502449540402,2.4410467108838194,2.540586647399495,2.4552548334078343,8
,,,,,,4.982706000332502,5.13016963645017,6.356759466354134,4.646015067108592,8
,,,,,,2.3993138172485926,2.685072438382551,2.6743126828466304,2.8826085652188436,8
,,,,,,2.8427746066388084,3.183677048815407,3.0344847984572847,3.207079231011059,8
,,,,,,7.370386516330972,7.17669212812401,6.391223134215464,6.260705226109119,8
,,,,,,3.031153286035319,3.4966194046875585,3.466494647614393,3.699868282465678,8
,,,,,,2.4107517248406944,2.725878128671536,3.036566340151556,2.7785307830442965,8
,,,,,,5.950288628847977,6.123444556568787,8.008175899302296,5.768004220926715,8
,,,,,,2.6415118667034667,3.0456823961045334,3.009733185425786,3.249125606941793,8
,,,,,,2.198502449540402,2.4410467108838194,2.540586647399495,2.4552548334078343,8
,,,,,,4.982706000332502,5.13016963645017,6.356759466354134,4.646015067108592,8
,,,,,,2.3993138172485926,2.685072438382551,2.6743126828466304,2.8826085652188436,8
,,,,,,2.4458297797967083,2.7743338621478975,2.822247462057579,2.792832363731677,8
,,,,,,5.673207333873052,5.611932437283584,6.719714166603399,5.488471777620826,8
,,,,,,2.6492212679229556,3.0717927612462432,3.005945677815343,3.2316369668564384,8
,,,,,,4.2590024844483505,5.010233288317126,4.783423483581518,4.876011460164287,8
,,,,,,10.141366253069114,9.838041788279702,9.526804839971964,8.625302908870825,8
,,,,,,4.469310387527024,5.355080041304052,5.3878175579494005,5.763406258041873,8
,,,,,,2.198502449540402,2.4410467108838194,2.540586647399495,2.4552548334078343,8
,,,,,,4.982706000332502,5.13016963645017,6.356759466354134,4.646015067108592,8
,,,,,,2.3993138172485926,2.685072438382551,2.6743126828466304,2.8826085652188436,8
,,,,,,2.4410771892518635,2.742091208649296,2.840291042760235,2.7785484711947124,8
,,,,,,5.627803131020904,5.990800029098003,6.64324807448064,5.160966057280367,8
,,,,,,2.64427348010726,3.0178157553148908,3.0205356461234145,3.286392041959278,8
,,,,,,3.54048014495692,4.009390642765131,4.08844483226818,4.305452732250805,8
,,,,,,9.258307114100955,8.746878431923383,9.955464172268561,8.603696987267126,8
,,,,,,3.84337024307725,4.493516281353712,4.530331247006102,4.6181241149917405,8
,,,,,,100.0,100.0,100.0,100.0,8
,,,,,,13.931927405653576,16.481157584566706,21.973783755293407,24.49478677602725,8
,,,,,,86.06807259434642,83.5188424154333,78.02621624470657,75.50521322397275,8
,,,,,,100.0,100.0,100.0,100.0,8
,,,,,,12.824163753454036,16.786034381953407,20.63384363817252,23.069418955828475,8
,,,,,,87.17583624654596,83.21396561804659,79.36615636182748,76.93058104417155,8
,,,,,,100.0,100.0,100.0,100.0,8
,,,,,,14.770322073966124,16.263875865902612,22.963057425022136,25.582896087244027,8
,,,,,,85.22967792603387,83.73612413409738,77.03694257497786,74.417103912756,8
,,,,,,100.0,100.0,100.0,100.0,8
,,,,,,13.931927405653576,16.481157584566706,21.973783755293407,24.49478677602725,8
,,,,,,86.06807259434642,83.5188424154333,78.02621624470657,75.50521322397275,8
,,,,,,100.0,100.0,100.0,100.0,8
,,,,,,12.690899984413232,15.074708639841866,21.141520187613146,23.51355826027675,8
,,,,,,87.30910001558676,84.92529136015813,78.85847981238682,76.48644173972325,8
,,,,,,100.0,100.0,100.0,100.0,8
,,,,,,17.473982022778113,20.73540432957628,24.368067897692104,28.377494356557957,8
,,,,,,82.52601797722188,79.26459567042374,75.6319321023079,71.622505643442,8
,,,,,,100.0,100.0,100.0,100.0,8
,,,,,,13.931927405653576,16.481157584566706,21.973783755293407,24.49478677602725,8
,,,,,,86.06807259434642,83.5188424154333,78.02621624470657,75.50521322397275,8
,,,,,,100.0,100.0,100.0,100.0,8
,,,,,,21.990196196564877,21.173253541151986,34.32786186313482,21.872865517239077,8
,,,,,,78.00980380343508,78.82674645884804,65.67213813686519,78.12713448276092,8
,,,,,,100.0,100.0,100.0,100.0,8
,,,,,,14.135328941927852,14.313516198549806,17.49705126618103,19.89261860229206,8
,,,,,,85.86467105807218,85.68648380145021,82.50294873381898,80.10738139770794,8
,,,,,,0.0,0.0,0.0,0.0,8
,,,,,,4.701563064555976,4.723565941242918,5.331029950207409,4.129861509155443,8
,,,,,,0.7610468473857596,0.9321230082606,1.501327437837886,1.3397760599815984,8
,,,,,,0.0,0.0,0.0,0.0,8
,,,,,,6.846054057720563,6.561157762955805,5.802438334533405,5.565370846219299,8
,,,,,,1.0071015327333388,1.323525672360356,1.5085347559112117,1.6689055243488742,8
,,,,,,0.0,0.0,0.0,0.0,8
,,,,,,5.561688174934446,5.755720884607179,6.471614403678681,5.01533927666445,8
,,,,,,0.9638417933485829,1.1179205026987409,1.9290492096001606,1.724158786232836,8
,,,,,,0.0,0.0,0.0,0.0,8
,,,,,,4.701563064555976,4.723565941242918,5.331029950207409,4.129861509155443,8
,,,,,,0.7610468473857596,0.9321230082606,1.501327437837886,1.3397760599815984,8
,,,,,,0.0,0.0,0.0,0.0,8
,,,,,,5.392523936392325,5.339557553387666,5.698793832274797,4.863288398915653,8
,,,,,,0.7838356131043828,0.9478009800593761,1.527814955813517,1.4950782452864697,8
,,,,,,0.0,0.0,0.0,0.0,8
,,,,,,8.778425419403506,8.217161729866602,8.106981509499137,7.302237411718113,8
,,,,,,1.8587356051674973,2.149587334284242,2.612011492732725,2.8932135099109155,8
,,,,,,0.0,0.0,0.0,0.0,8
,,,,,,4.701563064555976,4.723565941242918,5.331029950207409,4.129861509155443,8
,,,,,,0.7610468473857596,0.9321230082606,1.501327437837886,1.3397760599815984,8
,,,,,,0.0,0.0,0.0,0.0,8
,,,,,,12.758874868656104,14.016006687426696,21.684983729020164,13.043210648273709,8
,,,,,,3.5966012979103805,3.764768642104172,11.335082838368262,3.6516428550910507,8
,,,,,,0.0,0.0,0.0,0.0,8
,,,,,,13.420714907061129,16.829088525636575,14.501179161971981,12.937741855553329,8
,,,,,,2.209362913867581,2.8112185321630743,3.0753794756561654,3.2127571743943752,8
,,,,,,176.5009884977721,134.63587550252785,180.30008314127446,193.9436891633216,8
,,,,,,57.850322469928585,67.08610038410887,98.3774628054811,113.50516396786364,8
,,,,,,118.65066602784351,67.54977511841894,81.7490475087306,80.43852519545801,8
,,,,,,70.07283670159462,59.47506323638244,78.18779642723052,84.17603151840788,8
,,,,,,22.02715071604627,32.87814753719933,43.06623687996976,48.97101413291577,8
,,,,,,48.04568598554835,26.59691569918312,34.947986720197996,35.20501738549211,8
,,,,,,106.42815179617747,75.16081226614534,102.11228671404398,109.7676576449138,8
,,,,,,35.82317175388232,34.20795284690954,55.31122592551134,64.53414983494785,8
,,,,,,70.60498004229514,40.95285941923583,46.80106078853261,45.23350780996594,8
,,,,,,176.5009884977721,134.63587550252785,180.30008314127446,193.9436891633216,8
,,,,,,57.850322469928585,67.08610038410887,98.3774628054811,113.50516396786364,8
,,,,,,118.65066602784351,67.54977511841894,81.7490475087306,80.43852519545801,8
,,,,,,123.05093890413909,90.1656063281646,134.07214716159197,145.92178293447947,8
,,,,,,35.835708388514824,39.60206734944723,74.90530853038331,83.7367817457963,8
,,,,,,87.21523051562426,50.56353897871733,59.16683863120866,62.185001188683096,8
,,,,,,50.63678956735184,42.31251331190305,45.54376978595117,46.14995387868667,8
,,,,,,21.160017152432687,27.48403303466162,23.067061368001493,29.76838222206732,8
,,,,,,29.47677241491915,14.828480277241423,22.3031355908869,16.381571656619347,8
,,,,,,176.5009884977721,134.63587550252785,180.30008314127446,193.9436891633216,8
,,,,,,57.850322469928585,67.08610038410887,98.3774628054811,113.50516396786364,8
,,,,,,118.65066602784351,67.54977511841894,81.7490475087306,80.43852519545801,8
,,,,,,134.5530514473767,105.999136838004,155.68471969320012,165.1583847530785,8
,,,,,,44.42297245040088,54.51684923988143,84.53480639491968,101.82510460493661,8
,,,,,,90.13007899697583,51.482287598122575,70.9763404712177,63.33328014814191,8
,,,,,,41.94793705039538,28.636738664523794,24.615363448074348,28.785304410243143,8
,,,,,,13.427350019527708,12.569251144227433,13.842656410561428,11.680059362927022,8
,,,,,,28.520587030867677,16.06748752029636,10.772707037512916,17.10524504731612,8
,,,,,,7.427649129413524,8.669364787225042,6.767389005520126,6.918687630512971,8
,,,,,,13.587771777626811,11.283357492087855,8.77804899254736,8.450003164503809,8
,,,,,,8.718841993442137,11.835022369775277,10.339793226116068,10.660610691699606,8
,,,,,,11.147316712795483,12.035196231409053,9.325621110301903,9.253696955902019,8
,,,,,,20.346512267825958,16.264834244994038,12.200184534056518,11.713146506291881,8
,,,,,,13.067291333215337,17.120922326944623,14.806097176540229,14.984362222686709,8
,,,,,,9.137657600322983,10.189081030258846,8.35962492628437,8.099834076941507,8
,,,,,,17.88021659140856,14.075027771632055,10.776193154539214,10.05086206711609,8
,,,,,,10.446297589453662,14.428677299451964,12.784892454007233,12.642519794719014,8
,,,,,,7.427649129413524,8.669364787225042,6.767389005520126,6.918687630512971,8
,,,,,,13.587771777626811,11.283357492087855,8.77804899254736,8.450003164503809,8
,,,,,,8.718841993442137,11.835022369775277,10.339793226116068,10.660610691699606,8
,,,,,,8.387793884995947,10.62882957234608,7.494823560072537,7.647710576668562,8
,,,,,,14.2374252629767,13.286028810147657,9.681475093134988,9.779892742367725,8
,,,,,,10.12977249331209,14.321923446574667,11.351304879675855,11.649601984054522,8
,,,,,,15.060720114730492,15.223405185219557,14.645615893190037,14.599852832725132,8
,,,,,,27.019706981816665,19.104875765472176,17.97338455785518,17.153477600831717,8
,,,,,,16.608836719332665,20.72654348215332,23.573428721191657,21.46464114445913,8
,,,,,,7.427649129413524,8.669364787225042,6.767389005520126,6.918687630512971,8
,,,,,,13.587771777626811,11.283357492087855,8.77804899254736,8.450003164503809,8
,,,,,,8.718841993442137,11.835022369775277,10.339793226116068,10.660610691699606,8
,,,,,,8.706695330785767,9.82946551115536,7.437524584050778,7.60041891636714,8
,,,,,,15.782201206914461,12.764947593781379,9.395529042028608,9.036641422736649,8
,,,,,,10.261907090518175,13.826793943176094,11.579560435174125,12.294192226046667,8
,,,,,,13.404969107767931,15.964507451206556,14.614906968603005,14.503436113549114,8
,,,,,,22.01441955844802,21.87388369083715,21.255941831317134,19.87270495980942,8
,,,,,,16.079443107868745,21.745210491154022,19.753095161293526,20.515982330610484,8
,,,,,,100.0,100.0,100.0,100.0,8
,,,,,,32.776203103621036,49.827804167136186,54.61576013096129,58.524804007559105,8
,,,,,,67.22379689637897,50.1721958328638,45.38423986903874,41.47519599244091,8
,,,,,,100.0,100.0,100.0,100.0,8
,,,,,,31.434649648691916,55.28055919255738,55.20305771507692,58.176910041436955,8
,,,,,,68.56535035130811,44.71944080744264,44.796942284923084,41.82308995856304,8
,,,,,,100.0,100.0,100.0,100.0,8
,,,,,,33.659488724832826,45.5130164450309,54.167062265881206,58.79158872434783,8
,,,,,,66.34051127516717,54.4869835549691,45.83293773411879,41.20841127565216,8
,,,,,,100.0,100.0,100.0,100.0,8
,,,,,,32.776203103621036,49.827804167136186,54.61576013096129,58.524804007559105,8
,,,,,,67.22379689637897,50.1721958328638,45.38423986903874,41.47519599244091,8
,,,,,,100.0,100.0,100.0,100.0,8
,,,,,,29.122661482844975,43.92147844635182,55.86940324010985,57.38470299762929,8
,,,,,,70.87733851715502,56.07852155364819,44.13059675989015,42.61529700237071,8
,,,,,,100.0,100.0,100.0,100.0,8
,,,,,,41.787833180632084,64.95485822849956,50.84188060480188,64.50360123938323,8
,,,,,,58.21216681936795,35.04514177150047,49.15811939519813,35.49639876061677,8
,,,,,,100.0,100.0,100.0,100.0,8
,,,,,,32.776203103621036,49.827804167136186,54.61576013096129,58.524804007559105,8
,,,,,,67.22379689637897,50.1721958328638,45.38423986903874,41.47519599244091,8
,,,,,,100.0,100.0,100.0,100.0,8
,,,,,,33.01520996554624,51.43140865684428,54.359322851426526,61.653003422848386,8
,,,,,,66.98479003445375,48.5685913431557,45.64067714857348,38.346996577151614,8
,,,,,,100.0,100.0,100.0,100.0,8
,,,,,,32.00955985844159,43.89204822334978,56.235840026340696,40.57646636792459,8
,,,,,,67.99044014155842,56.10795177665023,43.76415997365931,59.42353363207542,8
,,,,,,0.0,0.0,0.0,0.0,8
,,,,,,10.759689738705552,7.678524716836159,6.096099066387946,5.394017031642406,8
,,,,,,5.246085352057177,7.625817836587764,7.336094761202684,7.611387530220296,8
,,,,,,0.0,0.0,0.0,0.0,8
,,,,,,16.376090004173236,10.352315030662213,8.689609807084361,7.9579629119076705,8
,,,,,,7.507825005765617,12.797158316373206,10.708164603087711,11.069715147729156,8
,,,,,,0.0,0.0,0.0,0.0,8
,,,,,,13.791648042247104,10.929582743402174,7.581692462465059,6.46599738060103,8
,,,,,,6.997531566336414,9.129488304962768,8.960324779473861,9.224967595817365,8
,,,,,,0.0,0.0,0.0,0.0,8
,,,,,,10.759689738705552,7.678524716836159,6.096099066387946,5.394017031642406,8
,,,,,,5.246085352057177,7.625817836587764,7.336094761202684,7.611387530220296,8
,,,,,,0.0,0.0,0.0,0.0,8
,,,,,,12.224916191599625,10.080307413630333,6.473770998194071,6.346267326515882,8
,,,,,,5.0230737123112394,7.895037039748109,8.195804021190249,8.545726330510224,8
,,,,,,0.0,0.0,0.0,0.0,8
,,,,,,18.240185765294044,9.170747414609727,14.629283074750848,8.783122192235094,8
,,,,,,13.093789178283046,16.997636992006075,15.130364476330751,15.960577165740231,8
,,,,,,0.0,0.0,0.0,0.0,8
,,,,,,10.759689738705552,7.678524716836159,6.096099066387946,5.394017031642406,8
,,,,,,5.246085352057177,7.625817836587764,7.336094761202684,7.611387530220296,8
,,,,,,0.0,0.0,0.0,0.0,8
,,,,,,12.496317196418131,8.69392117604319,6.7176617101821545,5.6067085424666105,8
,,,,,,6.159137556803647,9.206373923349968,8.000922960054535,9.014276261874675,8
,,,,,,0.0,0.0,0.0,0.0,8
,,,,,,17.92235729946972,16.787130736541766,12.821787439543622,17.114804417618192,8
,,,,,,8.437756360854824,13.132212609596678,16.475672964725025,11.686586835190148,8
,,,,,,307.92945019223646,243.2345610868983,352.07384712214366,354.8166284968251,8
,,,,,,191.8957079223506,143.20418256655373,217.8904295595267,211.7479402977678,8
,,,,,,85.99519304989997,60.93426883085471,80.87230887889284,114.22094673991958,8
,,,,,,59.18673627905792,70.87578797636834,88.07541795246188,76.1128225815993,8
,,,,,,136.7417403701373,122.82003194497713,162.39056272783196,175.29849792058621,8
,,,,,,88.47436187168714,82.5864012836704,98.64038607647485,102.8563577578131,8
,,,,,,40.4765391595408,35.80956483397146,48.526267845456616,35.37885447831441,8
,,,,,,30.837602601387164,29.479279647586456,36.42595292554824,24.037497852332773,8
,,,,,,89.09180888043021,98.63416119163813,124.5013708780101,98.85507810214763,8
,,,,,,123.9565871738167,103.48722132572262,141.83307978807036,146.21551321503927,8
,,,,,,73.29291992616513,56.65606190629231,80.82074204545337,80.95103233765154,8
,,,,,,37.50933626982946,25.420863036549825,42.798384544216994,48.9219795454694,8
,,,,,,25.80223806583379,35.38149288046857,33.874312031750385,31.265281435202336,8
,,,,,,58.91508707916145,56.80991810626584,72.96311292826645,73.1507064899262,8
,,,,,,34.12637865998454,35.810558150959075,37.722407847907334,37.16929800866177,8
,,,,,,16.300430810278648,17.670449369138517,19.263502343147557,16.905213502968014,8
,,,,,,12.044778024969721,15.514046474661852,15.70893586529622,11.358564620194002,8
,,,,,,36.91448609078864,49.17463292281376,49.583247897046604,41.68979714186927,8
,,,,,,183.9728630184198,139.74733976117568,210.24076733407335,208.6011152817857,8
,,,,,,118.6027879961855,86.5481206602614,137.06968751407334,130.7969079601163,8
,,,,,,48.4858567800705,35.51340579430488,38.073924334675844,65.29896719445019,8
,,,,,,33.384498213224106,35.49429509589978,54.20110592071149,44.84754114639697,8
,,,,,,77.82665329097588,66.01011383871128,89.42744979956554,102.14779143066009,8
,,,,,,54.3479832117026,46.77584313271133,60.917978228567506,65.68705974915133,8
,,,,,,24.17610834926214,18.13911546483295,29.262765502309072,18.473640975346402,8
,,,,,,18.792824576417445,13.965233172924602,20.71701706025203,12.67893323213877,8
,,,,,,52.17732278964156,49.45952826882438,74.91812298096352,57.16528096027834,8
,,,,,,307.92945019223646,243.2345610868983,352.07384712214366,354.8166284968251,8
,,,,,,191.8957079223506,143.20418256655373,217.8904295595267,211.7479402977678,8
,,,,,,85.99519304989997,60.93426883085471,80.87230887889284,114.22094673991958,8
,,,,,,59.18673627905792,70.87578797636834,88.07541795246188,76.1128225815993,8
,,,,,,136.7417403701373,122.82003194497713,162.39056272783196,175.29849792058621,8
,,,,,,88.47436187168714,82.5864012836704,98.64038607647485,102.8563577578131,8
,,,,,,40.4765391595408,35.80956483397146,48.526267845456616,35.37885447831441,8
,,,,,,30.837602601387164,29.479279647586456,36.42595292554824,24.037497852332773,8
,,,,,,89.09180888043021,98.63416119163813,124.5013708780101,98.85507810214763,8
,,,,,,202.9049060143787,159.9504397599638,237.8912670875317,256.68469403073755,8
,,,,,,131.16575756239615,95.57261357653415,144.7125692273231,156.6655892949562,8
,,,,,,50.97761746356569,38.82936911859859,55.184131479107045,83.52317152362664,8
,,,,,,39.520170248839385,45.52408665422083,63.384972876612295,52.54496204467205,8
,,,,,,86.24037770978508,80.04007977329049,114.58943837252205,124.31063503825659,8
,,,,,,67.72666248792963,57.291176050335274,77.52652290403533,81.05188772409309,8
,,,,,,33.35793678764314,23.87370463846267,39.129740665338446,29.436267007345634,8
,,,,,,25.26317155014687,18.482917940562725,28.058051692811535,19.162927780750493,8
,,,,,,63.85081179897137,62.286098162466864,91.44302456942386,70.77384091189548,8
,,,,,,100.24579075501609,82.59800856540565,110.48395945236614,97.38891621482178,8
,,,,,,59.128756223657014,47.54019884808646,70.30490410823336,54.339332751546024,8
,,,,,,32.23119950351982,21.883396345242502,24.862513041510287,30.69777521629292,8
,,,,,,19.27538282648879,24.97846206956537,24.69044507584959,23.30153307180052,8
,,,,,,47.323803373808055,42.185209552090875,46.97545999703441,50.721535417202944,8
,,,,,,19.88904393224707,24.740722278309246,20.09632830243151,21.804470033720005,8
,,,,,,7.118602371897648,11.381357240482913,9.396527180118184,5.942587470968783,8
,,,,,,5.574431051240299,10.441858751997847,8.367901232736706,4.874570071582281,8
,,,,,,24.849813877729083,35.420320821563216,33.058346308586295,27.814909725125418,8
,,,,,,307.92945019223646,243.2345610868983,352.07384712214366,354.8166284968251,8
,,,,,,191.8957079223506,143.20418256655373,217.8904295595267,211.7479402977678,8
,,,,,,85.99519304989997,60.93426883085471,80.87230887889284,114.22094673991958,8
,,,,,,59.18673627905792,70.87578797636834,88.07541795246188,76.1128225815993,8
,,,,,,136.7417403701373,122.82003194497713,162.39056272783196,175.29849792058621,8
,,,,,,88.47436187168714,82.5864012836704,98.64038607647485,102.8563577578131,8
,,,,,,40.4765391595408,35.80956483397146,48.526267845456616,35.37885447831441,8
,,,,,,30.837602601387164,29.479279647586456,36.42595292554824,24.037497852332773,8
,,,,,,89.09180888043021,98.63416119163813,124.5013708780101,98.85507810214763,8
,,,,,,249.00217115597368,184.5376291006965,286.7788387518678,292.4530789094328,8
,,,,,,150.830318947108,108.18559786922653,170.70403671601625,172.1221876798829,8
,,,,,,77.0756066491712,47.14201703677156,71.53446699640779,93.82056855049248,8
,,,,,,45.4993656584064,55.8028232456807,75.21013251982792,61.33003323555837,8
,,,,,,114.83775695730085,95.87950661940333,141.06636008124528,143.9691204562108,8
,,,,,,72.87318505982633,65.37456901514376,86.68888211395775,87.48656193623293,8
,,,,,,33.3635399755372,27.484823574224766,42.53590395596794,28.450922151837993,8
,,,,,,24.21850813710532,22.36680095313992,31.13485377504744,19.43712210060189,8
,,,,,,68.78534379549684,76.44871776650396,106.34498629487535,79.4719130043758,8
,,,,,,58.92727903626272,58.696931986201804,65.29500837027595,62.363549587392214,8
,,,,,,41.06538897524259,35.01858469732718,47.18639284351043,39.62575261788493,8
,,,,,,8.919586400728765,13.792251794083153,9.337841882485055,20.400378189427098,8
,,,,,,13.687370620651514,15.072964730687644,12.865285432633938,14.782789346040936,8
,,,,,,21.903983412836485,26.94052532557382,21.32420264658669,31.32937746437546,8
,,,,,,15.601176811860805,17.211832268526635,11.95150396251709,15.369795821580162,8
,,,,,,7.112999184003588,8.3247412597467,5.990363889488689,6.927932326476423,8
,,,,,,6.619094464281842,7.1124786944465335,5.291099150500807,4.600375751730883,8
,,,,,,20.30646508493335,22.18544342513418,18.15638458313474,19.383165097771823,8
,,,,,,5.675087307562069,5.881428198477145,7.806825822332584,5.255566089813865,8
,,,,,,6.8845018239937845,7.257372994389109,6.727889011912655,6.865477347012683,8
,,,,,,11.898353429137574,11.216672883661852,10.081108976417399,11.013158133558738,8
,,,,,,11.095917755555345,11.923188891112634,22.96611597418357,12.598969325732611,8
,,,,,,8.840535562338523,8.601459074442138,13.167252407961113,8.34313838857729,8
,,,,,,9.262248344650043,10.359479441316424,9.763361203484166,9.674691198728166,8
,,,,,,13.59860131339729,14.760744604338532,15.643055950033983,14.656720088634515,8
,,,,,,15.541022613903053,16.63267602883521,18.956157373679762,17.32462567307563,8
,,,,,,8.95183599259898,9.908109557381065,17.02285087220061,10.502132801267065,8
,,,,,,8.196397993400407,7.945210373529051,7.336851370512769,7.1031727185166575,8
,,,,,,10.612368233700447,10.419587536921517,9.123342737721993,8.727881938761493,8
,,,,,,15.399599164223579,16.985254649397923,12.55482530236647,13.613476685733966,8
,,,,,,15.57192919951218,13.75372999636206,19.76339566148156,18.00955110568375,8
,,,,,,11.517936659041595,11.045146059413607,11.279370788752411,10.924054656986419,8
,,,,,,14.29777311209559,15.296830534410102,13.604225063159964,13.510751108539443,8
,,,,,,21.22474974638527,19.46257193997014,19.677148704574627,18.740441779411444,8
,,,,,,24.367342765852058,21.1680056553152,22.1181012503924,22.228162705264406,8
,,,,,,13.241398269907265,11.773456025037529,15.110788689190576,14.54634940555729,8
,,,,,,6.906534200132622,7.025195831398492,9.929574024029352,6.614033271578112,8
,,,,,,8.18252972949576,8.580020387259948,8.084903770164063,8.967130864055521,8
,,,,,,14.917538971115984,14.051953279226945,13.127437923760574,14.864411159556457,8
,,,,,,14.343046345739568,15.568734745822468,27.747794670029418,14.481617255396358,8
,,,,,,11.390066034208456,11.004034297669714,17.5028041907632,10.612187194154448,8
,,,,,,11.657729581635676,13.33949917972114,11.401396535095621,11.26581186580033,8
,,,,,,16.73126602055221,20.040473839978688,18.108160437121608,19.640955845770904,8
,,,,,,18.76986823397515,22.934177760494663,22.622293319005326,21.10033392241499,8
,,,,,,11.303683429506858,13.095373345305742,20.84424068209763,12.257691251170268,8
,,,,,,5.675087307562069,5.881428198477145,7.806825822332584,5.255566089813865,8
,,,,,,6.8845018239937845,7.257372994389109,6.727889011912655,6.865477347012683,8
,,,,,,11.898353429137574,11.216672883661852,10.081108976417399,11.013158133558738,8
,,,,,,11.095917755555345,11.923188891112634,22.96611597418357,12.598969325732611,8
,,,,,,8.840535562338523,8.601459074442138,13.167252407961113,8.34313838857729,8
,,,,,,9.262248344650043,10.359479441316424,9.763361203484166,9.674691198728166,8
,,,,,,13.59860131339729,14.760744604338532,15.643055950033983,14.656720088634515,8
,,,,,,15.541022613903053,16.63267602883521,18.956157373679762,17.32462567307563,8
,,,,,,8.95183599259898,9.908109557381065,17.02285087220061,10.502132801267065,8
,,,,,,6.4311812949934,6.661503865316083,8.316674340963385,6.35978478078746,8
,,,,,,8.054169841593602,8.478639040239685,7.950588384047191,7.99305219412882,8
,,,,,,13.090294512309274,12.96717241627269,11.135361372264017,13.557307710511282,8
,,,,,,13.104629310310619,13.532822534742678,25.622418470822435,16.152811522063455,8
,,,,,,9.478786671108285,9.697400725205535,14.847735269344742,10.478857295525762,8
,,,,,,10.56766824177244,11.112671006762142,11.6028949307107,10.80439186104941,8
,,,,,,14.92265005830363,17.622305019201875,18.412745681842644,16.565873802904346,8
,,,,,,16.926053867814954,20.621393832600564,23.223169413036533,19.8717009507384,8
,,,,,,10.343528664173759,11.471619032176209,18.95871743844111,12.98692992230522,8
,,,,,,11.023601922325417,10.209255247968585,10.814312105367646,9.395069355498043,8
,,,,,,13.051426088289356,12.637251947844074,11.495439549133298,12.794066832105653,8
,,,,,,20.726557422229703,19.466752271679496,19.18080158169341,17.54579788066914,8
,,,,,,20.69227227726465,19.118982501422376,23.34502129978285,18.25560764705114,8
,,,,,,17.01037684003353,14.45853544645335,16.022793862543068,13.205243755849189,8
,,,,,,19.190701429209398,22.71524010553872,17.75556262180091,21.777009778680252,8
,,,,,,33.79540716880908,27.619539151366336,26.231117955639416,28.460691028760777,8
,,,,,,39.380070735379334,28.83614786106833,28.07492463226504,32.33079135558929,8
,,,,,,18.173320331863824,15.957631549016426,18.99164518225577,16.68856587125868,8
,,,,,,5.675087307562069,5.881428198477145,7.806825822332584,5.255566089813865,8
,,,,,,6.8845018239937845,7.257372994389109,6.727889011912655,6.865477347012683,8
,,,,,,11.898353429137574,11.216672883661852,10.081108976417399,11.013158133558738,8
,,,,,,11.095917755555345,11.923188891112634,22.96611597418357,12.598969325732611,8
,,,,,,8.840535562338523,8.601459074442138,13.167252407961113,8.34313838857729,8
,,,,,,9.262248344650043,10.359479441316424,9.763361203484166,9.674691198728166,8
,,,,,,13.59860131339729,14.760744604338532,15.643055950033983,14.656720088634515,8
,,,,,,15.541022613903053,16.63267602883521,18.956157373679762,17.32462567307563,8
,,,,,,8.95183599259898,9.908109557381065,17.02285087220061,10.502132801267065,8
,,,,,,6.376649893639938,6.827474643126448,8.27643813800299,5.7689116889489105,8
,,,,,,7.781105200173181,8.161600361042867,7.726343323889778,7.385358588467894,8
,,,,,,12.51333868585012,13.35712301662843,10.907267686482607,11.690837169726823,8
,,,,,,12.653551292788883,14.41086619446966,26.634424696088228,14.018829683177913,8
,,,,,,9.68608887987834,10.388920761751045,14.973315339218527,9.075720157185788,8
,,,,,,10.380620515127957,11.732803465961549,10.643303605423988,10.923835213608166,8
,,,,,,15.022912707178701,17.14432277940029,17.137024794162432,16.91037173305859,8
,,,,,,17.465957520886285,19.55649107412224,21.515703017954067,19.712773721056255,8
,,,,,,10.215198768108745,12.01545115555485,19.661354210759182,11.788083629799267,8
,,,,,,10.608723683898186,10.129407800876944,11.22894875739817,9.770809326880723,8
,,,,,,12.820108313733922,13.33808125306426,14.42847261002832,12.011508727679148,8
,,,,,,25.260002427530655,20.18096823172505,22.548275862445728,20.649649044466752,8
,,,,,,21.459459599037388,18.996142928778646,19.29161762126865,21.152327455052195,8
,,,,,,16.623128229130437,14.710496455813328,14.939680226583011,15.345385550318216,8
,,,,,,19.50186627211032,18.80487190339327,21.0541306784238,17.69548538281524,8
,,,,,,29.397114741832958,29.627152569718433,30.412327713520288,26.295433511652554,8
,,,,,,31.0442794483907,32.12473151418861,31.856221156250108,31.50864262719602,8
,,,,,,17.568237570425076,16.467896202255165,17.31445193260031,17.67670852807381,8
,,,,,,76.98117957010518,74.6705787708057,78.34640324275996,76.94620601223845,8
,,,,,,47.973189771490624,43.9622525140432,48.48679217881955,45.92005934401975,8
,,,,,,21.498467893237958,18.706211404514384,17.996379380035666,24.770170823156374,8
,,,,,,14.796456691044645,21.7581584022576,19.599275172189287,16.50597084851422,8
,,,,,,34.184909769399,37.70452204242402,36.13649981186927,38.0155642416688,8
,,,,,,22.118250574418532,25.353199623003118,21.95027982549336,22.30562453408806,8
,,,,,,10.11897929045685,10.993178435395333,10.798469069948721,7.672325383109112,8
,,,,,,7.709282180989586,9.049844163573848,8.105806266878782,5.212817306787772,8
,,,,,,22.27260995454732,30.279701494070608,27.705081439068078,21.43789945028418,8
,,,,,,78.14743948717037,74.9600281895573,79.13715697389078,77.77071964841971,8
,,,,,,46.20693547117812,41.03830350452517,45.09472514842298,43.057127815997774,8
,,,,,,23.647461205430734,18.413371094630115,23.879778123449594,26.021161997228383,8
,,,,,,16.266814728094012,25.628262791604392,18.900504400276482,16.629722686470476,8
,,,,,,37.14254568774267,41.1497478446032,40.710483969858835,38.90820448131994,8
,,,,,,21.514702623328844,25.939052320583013,21.047587176091653,19.770016131659506,8
,,,,,,10.276476300326301,12.799429396830595,10.74825993396221,8.99173139037873,8
,,,,,,7.593534021091092,11.237458559395078,8.76495472933595,6.041518613598838,8
,,,,,,23.2724426652273,35.619198417776374,27.665459129612426,22.174429063155774,8
,,,,,,76.21481426345832,74.45766901916473,77.82180995026069,76.37862171873903,8
,,,,,,49.133819575078135,46.11301605715991,50.73712062091135,47.89086358225596,8
,,,,,,20.086335061969052,18.9216153874169,14.09327858343268,23.909005027283996,8
,,,,,,13.830264359939221,18.911433168141713,20.06284612419197,16.420781718300475,8
,,,,,,32.241406846641375,35.170323932603495,33.10207668515472,37.401082494443756,8
,,,,,,22.51485016928147,24.92226508225367,22.549134425126187,24.051103857327803,8
,,,,,,10.015485856018751,9.664557893474575,10.83177827219938,6.764063719974668,8
,,,,,,7.785341876394055,7.44070485450457,7.66852111911004,4.642350276155178,8
,,,,,,21.615606236333274,26.35213802264628,27.731367243302014,20.930882195967698,8
,,,,,,76.98117957010518,74.6705787708057,78.34640324275996,76.94620601223845,8
,,,,,,47.973189771490624,43.9622525140432,48.48679217881955,45.92005934401975,8
,,,,,,21.498467893237958,18.706211404514384,17.996379380035666,24.770170823156374,8
,,,,,,14.796456691044645,21.7581584022576,19.599275172189287,16.50597084851422,8
,,,,,,34.184909769399,37.70452204242402,36.13649981186927,38.0155642416688,8
,,,,,,22.118250574418532,25.353199623003118,21.95027982549336,22.30562453408806,8
,,,,,,10.11897929045685,10.993178435395333,10.798469069948721,7.672325383109112,8
,,,,,,7.709282180989586,9.049844163573848,8.105806266878782,5.212817306787772,8
,,,,,,22.27260995454732,30.279701494070608,27.705081439068078,21.43789945028418,8
,,,,,,74.11930526813731,73.52731900103664,76.12825028446096,75.79658083509739,8
,,,,,,47.91365086463111,43.93359628613891,46.30987435697441,46.261878013074416,8
,,,,,,18.621657134089205,17.849400189688136,17.659628385712384,24.663608579778323,8
,,,,,,14.436356520206106,20.92688239356477,20.284002597073123,15.516034090521908,8
,,,,,,31.502820742333643,36.793474823769905,36.67008693164589,36.707763713449935,8
,,,,,,24.739930001393034,26.336073747087926,24.809479606289123,23.933861669916293,8
,,,,,,12.185349030956106,10.974458709354224,12.52201784204572,8.69225335048067,8
,,,,,,9.228405369527955,8.49637803762951,8.978935662143323,5.658632705216366,8
,,,,,,23.324117214844332,28.632180166521234,29.262938259216458,20.898850918810247,8
,,,,,,83.70974781269616,77.22030865795367,83.33227694853919,80.00370179797294,8
,,,,,,49.37517310883245,44.445004092353834,53.02731517794388,44.63904048142476,8
,,,,,,26.91450246259177,20.458636347459286,18.752494322988632,25.21781481629972,8
,,,,,,16.09581233532055,23.352191951280048,18.62271244841171,19.141900082344456,8
,,,,,,39.5175060830259,39.43866152454997,35.43113463403361,41.66706799880837,8
,,,,,,16.60824698238742,23.12993065975583,15.15761024539498,17.91208267060562,8
,,,,,,5.944353422147004,10.640352404629551,7.08730940861764,4.881756717438452,8
,,,,,,4.6549008590192456,9.76202174600296,6.31147061040184,4.004394602153303,8
,,,,,,20.75071319433979,33.11421369728301,24.934183058813545,22.849579086370415,8
,,,,,,76.98117957010518,74.6705787708057,78.34640324275996,76.94620601223845,8
,,,,,,47.973189771490624,43.9622525140432,48.48679217881955,45.92005934401975,8
,,,,,,21.498467893237958,18.706211404514384,17.996379380035666,24.770170823156374,8
,,,,,,14.796456691044645,21.7581584022576,19.599275172189287,16.50597084851422,8
,,,,,,34.184909769399,37.70452204242402,36.13649981186927,38.0155642416688,8
,,,,,,22.118250574418532,25.353199623003118,21.95027982549336,22.30562453408806,8
,,,,,,10.11897929045685,10.993178435395333,10.798469069948721,7.672325383109112,8
,,,,,,7.709282180989586,9.049844163573848,8.105806266878782,5.212817306787772,8
,,,,,,22.27260995454732,30.279701494070608,27.705081439068078,21.43789945028418,8
,,,,,,76.92050531291318,74.07879115776258,77.29294678970578,76.8349387920322,8
,,,,,,46.593747741468526,43.42885702979842,46.008338983808976,45.220921607154686,8
,,,,,,23.809810907391142,18.924181760875918,19.28004791164983,24.649074199841646,8
,,,,,,14.055436471151687,22.400882190670337,20.270717310253147,16.112975686013325,8
,,,,,,35.475105510722265,38.488832775088945,38.02035990881198,37.824387417789225,8
,,,,,,22.51161984869624,26.243260351301945,23.364482475956653,22.98496790173126,8
,,,,,,10.306497899322967,11.033210492001825,11.46432343275277,7.474788332764711,8
,,,,,,7.481460403267448,8.978686811732986,8.391499898017976,5.1066314379801625,8
,,,,,,21.248824370924122,30.688746925502837,28.662217208271127,20.879313680496086,8
,,,,,,77.23862406774701,76.59428106366815,83.33491303695217,77.47232069929157,8
,,,,,,53.826244705829346,45.6961416550608,60.22319381356389,49.22585444662058,8
,,,,,,11.691301416135627,17.997663160064683,11.917729404625437,25.342762750593106,8
,,,,,,17.94064974888541,19.668879751950946,16.419745850161778,18.364204805912557,8
,,,,,,28.71053216913547,35.154991904431164,27.21571858997738,38.91952261036699,8
,,,,,,20.449161245748783,22.4599118520564,15.253502039989737,19.093424906859628,8
,,,,,,9.323326631615808,10.863047696960448,7.645399950932402,8.60635737591623,8
,,,,,,8.67594359279608,9.281152757862241,6.752940210627204,5.71490538837757,8
,,,,,,26.616593341681487,28.950032509813184,23.172686060788976,24.079110194290124,8
,,,,,,2.453757687336099,2.974658497423576,2.62005388743238,2.3816973650027706,8
,,,,,,5.127641878215459,5.77387435476037,5.570587878122193,5.084633134175825,8
,,,,,,10.029001085443873,9.946419336272932,10.586492748170393,9.140266851648793,8
,,,,,,10.325085473345348,10.352964712575458,18.557875137435804,11.061950524424004,8
,,,,,,6.861959164292218,6.486436162233435,8.795563872768684,6.190129073192842,8
,,,,,,8.280092746423405,8.91738895279805,9.767892452380696,8.35458842039171,8
,,,,,,12.745629783822334,13.930952770202026,15.261630936040515,14.047044053477192,8
,,,,,,15.267424126096515,15.83052016415639,18.40847443281945,16.88846780208231,8
,,,,,,8.165862745423867,8.070860218536046,12.375608809707122,8.952532267022356,8
,,,,,,3.5981329371467563,4.30857408525729,3.293936521142265,3.3126766673910577,8
,,,,,,7.550436572056118,8.44923815742758,7.364992304117209,7.007054232929977,8
,,,,,,13.295409868251584,15.047778538279141,11.452667332658063,11.419273343813591,8
,,,,,,14.92534977648361,12.11235811933153,17.39552634120907,15.992328429641805,8
,,,,,,9.309812184804569,8.334572610836448,8.563182023455926,8.22610546322364,8
,,,,,,12.696359648695491,12.721836562286374,12.296718990700924,12.081321796317322,8
,,,,,,20.206052958548025,18.062169117603304,18.55356189016882,18.059254990307235,8
,,,,,,23.82395007479792,19.82268404623979,21.036842619974596,21.71848145960435,8
,,,,,,12.407067863326859,9.622761252261498,12.39513676145163,12.558023158912828,8
,,,,,,3.1719972728725843,3.819164582749178,3.332932274639556,2.9660238147930196,8
,,,,,,6.281942595183853,6.8429975513067856,6.464041291883203,6.242346176361217,8
,,,,,,12.588596339881363,12.747712938720976,14.031628358777995,12.190687290914216,8
,,,,,,13.195912371875023,13.777194734556304,22.050980855578807,12.542777416148363,8
,,,,,,8.862497371850269,8.777978975972896,11.822152998955232,7.792937286759365,8
,,,,,,10.430262891883892,11.402772529370477,11.685844595867408,9.73133671453823,8
,,,,,,15.756032194716415,19.09330090744464,17.99614142690579,18.813806894029586,8
,,,,,,18.43726094537447,22.077618773608286,22.20277693047386,20.842329250541415,8
,,,,,,10.153754176747173,11.05761245304612,14.902562328030328,10.335925088879524,8
,,,,,,2.453757687336099,2.974658497423576,2.62005388743238,2.3816973650027706,8
,,,,,,5.127641878215459,5.77387435476037,5.570587878122193,5.084633134175825,8
,,,,,,10.029001085443873,9.946419336272932,10.586492748170393,9.140266851648793,8
,,,,,,10.325085473345348,10.352964712575458,18.557875137435804,11.061950524424004,8
,,,,,,6.861959164292218,6.486436162233435,8.795563872768684,6.190129073192842,8
,,,,,,8.280092746423405,8.91738895279805,9.767892452380696,8.35458842039171,8
,,,,,,12.745629783822334,13.930952770202026,15.261630936040515,14.047044053477192,8
,,,,,,15.267424126096515,15.83052016415639,18.40847443281945,16.88846780208231,8
,,,,,,8.165862745423867,8.070860218536046,12.375608809707122,8.952532267022356,8
,,,,,,3.15658122807349,3.4179543152741005,3.235559522952384,2.9068351664752,8
,,,,,,5.683581139345039,6.4338781764574655,7.287541391218247,5.871920164846021,8
,,,,,,11.76026603840732,11.715387176073328,11.546745260046693,11.065027008249807,8
,,,,,,12.30921349191851,11.878528456157184,21.420138795199424,13.907312746772932,8
,,,,,,7.89987281937949,7.474049837451469,10.59612081641837,7.623992895220769,8
,,,,,,9.098198959499694,9.741452540129107,10.976991229617965,9.350622824265841,8
,,,,,,13.917742866061216,16.69103562846758,17.608438729626116,15.711917791531299,8
,,,,,,16.376870188749308,19.70145719283474,22.3085833620105,19.35339551816833,8
,,,,,,9.377394968075302,9.515555991100477,14.412790663830377,10.75263277208104,8
,,,,,,3.4849184006867984,5.5453430345117445,3.458375075539218,4.3661486500366005,8
,,,,,,10.127769761152914,10.341756966435053,7.363127866819993,9.476996123205907,8
,,,,,,15.793574478480451,17.05734922854222,17.814919742564783,15.33927369446751,8
,,,,,,18.443222184813454,16.741870334844812,18.3149627665529,16.84223938376612,8
,,,,,,11.74449312736328,11.05301542172309,11.030815627192366,10.414854212984524,8
,,,,,,17.40243954973354,18.65878488634133,17.33799005484348,19.16075017171531,8
,,,,,,31.350864474498174,25.711977793875025,25.3914152820917,27.903532109382525,8
,,,,,,39.001096270006904,26.87891613843721,27.140828420523334,31.650094263683577,8
,,,,,,16.02940813825035,12.744539677150495,13.829381513446426,15.174032787178374,8
,,,,,,2.453757687336099,2.974658497423576,2.62005388743238,2.3816973650027706,8
,,,,,,5.127641878215459,5.77387435476037,5.570587878122193,5.084633134175825,8
,,,,,,10.029001085443873,9.946419336272932,10.586492748170393,9.140266851648793,8
,,,,,,10.325085473345348,10.352964712575458,18.557875137435804,11.061950524424004,8
,,,,,,6.861959164292218,6.486436162233435,8.795563872768684,6.190129073192842,8
,,,,,,8.280092746423405,8.91738895279805,9.767892452380696,8.35458842039171,8
,,,,,,12.745629783822334,13.930952770202026,15.261630936040515,14.047044053477192,8
,,,,,,15.267424126096515,15.83052016415639,18.40847443281945,16.88846780208231,8
,,,,,,8.165862745423867,8.070860218536046,12.375608809707122,8.952532267022356,8
,,,,,,2.786913714392096,3.456662220811672,2.9665960398841884,2.6806827357359215,8
,,,,,,5.816098797993238,6.810466305891192,7.4409466926031715,5.667103801658606,8
,,,,,,10.46090954271847,11.946761021773662,11.14025770675274,9.767288981333671,8
,,,,,,11.85570140788028,12.257254529720194,22.23114055467677,12.531620881812392,8
,,,,,,7.521878845978243,7.736514631124478,10.464532539084749,6.8182850716563586,8
,,,,,,9.214967583163808,9.97008412268236,10.414447918250826,9.29270563744242,8
,,,,,,14.065736847083105,16.078444530014092,16.501629265577908,16.091017548973024,8
,,,,,,17.233766267259213,18.529453828463556,20.702894938862542,19.162904225596954,8
,,,,,,9.42929419176009,9.557513652239702,14.916222520813466,10.272856310504817,8
,,,,,,4.918135036003182,4.89697276492606,3.893169154979195,4.385073874354233,8
,,,,,,8.68628613347813,9.885667240154644,7.7968449313246,8.554400248714483,8
,,,,,,23.73101565955076,18.26450829121846,22.24518627623823,17.007161816947278,8
,,,,,,19.401032865329366,17.293251806381363,18.736659885450116,18.939735461024707,8
,,,,,,13.962681028576505,12.022102001684564,14.3235117539806,11.535524112057228,8
,,,,,,17.584928996513845,16.695426969100957,20.198962281660553,16.039479251342293,8
,,,,,,28.200491864187356,27.862625838977053,29.63035005141532,25.47551157607064,8
,,,,,,29.815204396571183,30.453151567813165,31.075333035904812,30.792780499139717,8
,,,,,,15.104761221025246,13.946029259256571,16.427782202708983,15.308818490077073,8
,,,,,,52.07473244211352,52.33508864046552,76.26161660522864,92.66810756671589,8
,,,,,,29.64300078898503,29.444197960297018,43.02317414156223,55.65930408585555,8
,,,,,,16.3631691288314,17.539917148236515,25.377351006034786,28.743748338373056,8
,,,,,,13.498140249567859,16.523471175133086,20.149287871996584,19.274176286298072,8
,,,,,,28.656025235094535,30.096756213779962,42.62456195169691,44.710823204532595,8
,,,,,,7.333436272095175,16.757722037612602,23.46621151782769,18.895783941906455,8
,,,,,,16.271189080649776,22.689573574682846,30.47324330240483,23.840186505254234,8
,,,,,,13.936167476554687,11.608711673723736,9.557732052120132,9.192581102453143,8
,,,,,,17.919222607596883,14.736005086921883,12.494613068838218,11.839243108374038,8
,,,,,,24.3644847035669,19.88996220198527,16.931899093189383,15.671586764544854,8
,,,,,,24.400022479035282,19.792738260472916,18.964216506514532,19.680179897148374,8
,,,,,,19.006809991602385,15.15802997335078,13.13179390387504,12.949008635140524,8
,,,,,,28.942300295509938,27.31022039856294,18.716562461767044,20.65058363521011,8
,,,,,,21.735359045973222,18.007940688712925,16.12654138377203,17.367238088042036,8
,,,,,,90.01632180906633,78.01182113852973,77.51939766531538,81.64219523347214,8
,,,,,,51.24085661647587,43.8901617350107,43.732754347030344,49.036803384218025,8
,,,,,,28.285355085682024,26.145381901481507,25.795899062992383,25.32373623680344,8
,,,,,,23.33286950402806,24.630245431655926,20.48160960588827,16.980880527827885,8
,,,,,,49.53477182428903,44.862879257338946,43.327567855634996,39.39100358217307,8
,,,,,,12.676569393208132,24.979424860983748,23.853239195878373,16.64751036988622,8
,,,,,,28.1263584815932,33.82157174850109,30.975837791892108,21.003613995927118,8
,,,,,,3.3188900337298626,6.9775039444052025,4.948921945500543,4.057562677737226,8
,,,,,,13.579482744859108,11.98274160352033,9.950798121038886,8.226571467555173,8
,,,,,,19.29149288098149,17.314464361617766,14.960154709271587,13.604428106950003,8
,,,,,,20.910459238338593,17.71185640149942,16.5622681259283,18.10349522916244,8
,,,,,,12.658833848757398,11.771303358323362,9.707869747352781,10.269753047644862,8
,,,,,,26.110873142757885,22.280938631455026,15.722317914731466,18.65113618901715,8
,,,,,,18.37209634197066,14.989008178924697,12.989048557212545,15.755760881000594,8
,,,,,,89.09180888043021,98.63416119163813,124.5013708780101,98.85507810214763,8
,,,,,,36.91448609078864,49.17463292281376,49.583247897046604,41.68979714186927,8
,,,,,,52.17732278964156,49.45952826882438,74.91812298096352,57.16528096027834,8
,,,,,,89.09180888043021,98.63416119163813,124.5013708780101,98.85507810214763,8
,,,,,,63.85081179897137,62.286098162466864,91.44302456942386,70.77384091189548,8
,,,,,,24.849813877729083,35.420320821563216,33.058346308586295,27.814909725125418,8
,,,,,,89.09180888043021,98.63416119163813,124.5013708780101,98.85507810214763,8
,,,,,,68.78534379549684,76.44871776650396,106.34498629487535,79.4719130043758,8
,,,,,,20.30646508493335,22.18544342513418,18.15638458313474,19.383165097771823,8
,,,,,,8.95183599259898,9.908109557381065,17.02285087220061,10.502132801267065,8
,,,,,,13.241398269907265,11.773456025037529,15.110788689190576,14.54634940555729,8
,,,,,,11.303683429506858,13.095373345305742,20.84424068209763,12.257691251170268,8
,,,,,,8.95183599259898,9.908109557381065,17.02285087220061,10.502132801267065,8
,,,,,,10.343528664173759,11.471619032176209,18.95871743844111,12.98692992230522,8
,,,,,,18.173320331863824,15.957631549016426,18.99164518225577,16.68856587125868,8
,,,,,,8.95183599259898,9.908109557381065,17.02285087220061,10.502132801267065,8
,,,,,,10.215198768108745,12.01545115555485,19.661354210759182,11.788083629799267,8
,,,,,,17.568237570425076,16.467896202255165,17.31445193260031,17.67670852807381,8
,,,,,,100.0,100.0,100.0,100.0,8
,,,,,,41.43420877258364,49.855579779577035,39.825463404438835,42.172640942927515,8
,,,,,,58.565791227416376,50.14442022042296,60.17453659556114,57.8273590570725,8
,,,,,,100.0,100.0,100.0,100.0,8
,,,,,,71.66855472051904,63.14860633472622,73.44740377117795,71.59353092490038,8
,,,,,,27.892366526175195,35.91080452617671,26.552596228822058,28.137057052733393,8
,,,,,,100.0,100.0,100.0,100.0,8
,,,,,,77.20725918564906,77.50734313841868,85.41671914526557,80.3923425382932,8
,,,,,,22.79274081435095,22.492656861581313,14.583280854734415,19.60765746170679,8
,,,,,,0.0,0.0,0.0,0.0,8
,,,,,,9.756493722581784,7.566914456184767,9.726003893871953,9.500659126667538,8
,,,,,,6.902537971699302,7.523327734117579,6.436985377223495,6.928690720159978,8
,,,,,,0.0,0.0,0.0,0.0,8
,,,,,,5.89531436065245,6.627844531638878,5.0300807612981195,5.918795803448158,8
,,,,,,15.121269966736072,11.629699048860767,13.91375703878154,15.030058099477756,8
,,,,,,0.0,0.0,0.0,0.0,8
,,,,,,4.571101542806304,4.656762258537834,3.7900741012315735,3.9100889975074673,8
,,,,,,15.48397467658461,16.046715712941104,22.199098972954516,16.031553726228207,8
,,,,,,22.27260995454732,30.279701494070608,27.705081439068078,21.43789945028418,8
,,,,,,23.2724426652273,35.619198417776374,27.665459129612426,22.174429063155774,8
,,,,,,21.615606236333274,26.35213802264628,27.731367243302014,20.930882195967698,8
,,,,,,22.27260995454732,30.279701494070608,27.705081439068078,21.43789945028418,8
,,,,,,23.324117214844332,28.632180166521234,29.262938259216458,20.898850918810247,8
,,,,,,20.75071319433979,33.11421369728301,24.934183058813545,22.849579086370415,8
,,,,,,22.27260995454732,30.279701494070608,27.705081439068078,21.43789945028418,8
,,,,,,21.248824370924122,30.688746925502837,28.662217208271127,20.879313680496086,8
,,,,,,26.616593341681487,28.950032509813184,23.172686060788976,24.079110194290124,8
,,,,,,8.165862745423867,8.070860218536046,12.375608809707122,8.952532267022356,8
,,,,,,12.407067863326859,9.622761252261498,12.39513676145163,12.558023158912828,8
,,,,,,10.153754176747173,11.05761245304612,14.902562328030328,10.335925088879524,8
,,,,,,8.165862745423867,8.070860218536046,12.375608809707122,8.952532267022356,8
,,,,,,9.377394968075302,9.515555991100477,14.412790663830377,10.75263277208104,8
,,,,,,16.02940813825035,12.744539677150495,13.829381513446426,15.174032787178374,8
,,,,,,8.165862745423867,8.070860218536046,12.375608809707122,8.952532267022356,8
,,,,,,9.42929419176009,9.557513652239702,14.916222520813466,10.272856310504817,8
,,,,,,15.104761221025246,13.946029259256571,16.427782202708983,15.308818490077073,8
,,,,,,16.271189080649776,22.689573574682846,30.47324330240483,23.840186505254234,8
,,,,,,7.272699182140309,11.876770941117186,13.021181356968945,14.561467672737377,8
,,,,,,8.99848989850947,10.812802633565662,17.45206194543588,9.278718832516857,8
,,,,,,16.271189080649776,22.689573574682846,30.47324330240483,23.840186505254234,8
,,,,,,10.442498344967852,16.48679499752669,22.93566327715567,16.381018303502177,8
,,,,,,5.828690735681927,6.202778577156159,7.537580025249157,7.459168201752055,8
,,,,,,16.271189080649776,22.689573574682846,30.47324330240483,23.840186505254234,8
,,,,,,10.607524540385189,19.016528199232074,26.234886670205697,20.605639138110316,8
,,,,,,5.663664540264588,3.6730453754507715,4.238356632199133,3.2345473671439153,8
,,,,,,21.735359045973222,18.007940688712925,16.12654138377203,17.367238088042036,8
,,,,,,32.77527969191939,22.45506284145606,21.576635401486943,22.404037832606686,8
,,,,,,28.102588411443175,23.548229336324276,19.36115364088538,24.688078063949696,8
,,,,,,21.735359045973222,18.007940688712925,16.12654138377203,17.367238088042036,8
,,,,,,24.983840437285018,20.861993991043462,18.519730697156263,19.20488174663337,8
,,,,,,41.369657474911,36.25735808734026,30.21512468228667,36.35589750359626,8
,,,,,,21.735359045973222,18.007940688712925,16.12654138377203,17.367238088042036,8
,,,,,,27.03876771783363,20.6318998166148,17.50121048886696,18.882256940358687,8
,,,,,,36.870589611554486,32.16696276567555,36.231133327987784,35.401863421573644,8
,,,,,,100.0,100.0,100.0,100.0,8
,,,,,,44.69678980492727,52.344619443925346,42.729883484182224,61.07950401112892,8
,,,,,,55.30321019507274,47.65538055607465,57.27011651581778,38.92049598887107,8
,,,,,,100.0,100.0,100.0,100.0,8
,,,,,,64.17784399903758,72.66242771491636,75.26492355785993,68.71178755204748,8
,,,,,,35.82215600096242,27.337572285083635,24.735076442140045,31.288212447952535,8
,,,,,,100.0,100.0,100.0,100.0,8
,,,,,,65.19206732715067,83.81174787899418,86.09154729564129,86.43237389761593,8
,,,,,,34.80793267284935,16.188252121005814,13.908452704358709,13.567626102384061,8
,,,,,,0.0,0.0,0.0,0.0,8
,,,,,,23.450980733992424,13.625066516485548,14.345446559788838,12.422620393705724,8
,,,,,,18.953394439298695,14.965758606510466,10.703300382827706,19.495319185630184,8
,,,,,,0.0,0.0,0.0,0.0,8
,,,,,,17.381221074814732,11.497050599149649,8.577995977675283,12.898370977325015,8
,,,,,,31.13964705592468,30.558807467745545,26.101484385932295,28.326007049324037,8
,,,,,,0.0,0.0,0.0,0.0,8
,,,,,,15.965234198491574,6.215026529875459,5.484681378215135,5.264930822206885,8
,,,,,,29.90142024647256,32.17717593533612,33.94947779677573,33.54016877647492,8
,,,,,,28.1263584815932,33.82157174850109,30.975837791892108,21.003613995927118,8
,,,,,,33.01697652997996,36.12360133027401,30.235242965993006,29.734870577143948,8
,,,,,,25.119188106324685,31.60903162476887,31.55247719321732,14.377998092867186,8
,,,,,,28.1263584815932,33.82157174850109,30.975837791892108,21.003613995927118,8
,,,,,,29.139924434463317,41.63114731371924,30.6195431634227,19.56251238939515,8
,,,,,,27.54577509882512,22.56866220955816,32.67681090797827,25.057351609193493,8
,,,,,,28.1263584815932,33.82157174850109,30.975837791892108,21.003613995927118,8
,,,,,,23.87846637734272,34.88192818252722,31.034419772187878,20.236305396450657,8
,,,,,,42.18006182923502,29.222467856708054,30.61808735616255,27.692901779339405,8
,,,,,,18.37209634197066,14.989008178924697,12.989048557212545,15.755760881000594,8
,,,,,,27.997551137953625,19.577521568989805,17.54793578951981,18.613112271561967,8
,,,,,,23.387844346618998,19.6901188344444,16.032547813012577,23.306073430710526,8
,,,,,,18.37209634197066,14.989008178924697,12.989048557212545,15.755760881000594,8
,,,,,,21.70606991797512,14.982488620975912,15.28838302434979,17.784696323651556,8
,,,,,,32.09830769590057,32.98033299242586,25.355438505621247,30.95567588867279,8
,,,,,,18.37209634197066,14.989008178924697,12.989048557212545,15.755760881000594,8
,,,,,,23.47425275877553,16.683100734256694,14.349639486550721,17.138435364482795,8
,,,,,,26.45544139350019,30.307616302508734,30.99977681904777,30.92189330350454,8
,,,,,,14.503078878644983,18.691389577476798,14.943179251528472,19.92598816083266,8
,,,,,,21.996581202518716,17.843743075544058,21.719176262327604,18.68623291608675,8
,,,,,,16.27880167761495,18.95021902316475,10.435669959390632,15.464950977998045,8
,,,,,,19.941629237604683,16.981256789178996,26.03467643009744,19.339097097776953,8
,,,,,,5.876573253911098,5.423858922159887,7.45697127969926,7.162378088051103,8
,,,,,,39.4812893399148,32.7143985223452,33.74767137125957,26.944795709956825,8
,,,,,,36.116433929833114,23.90463136870875,21.280075691174456,25.141823632364645,8
,,,,,,30.134885434221665,29.72152059921599,32.323289313983985,27.681518517231968,8
,,,,,,30116.808999999976,30134.66600000002,30152.476000000017,30170.243999999995,8
,,,,,,10351.326005363162,9453.265676444718,9457.728331633476,9299.120740359032,8
,,,,,,19712.335536214407,20468.97944967759,20561.704734089206,20775.942301733237,8
,,,,,,14761.191999999988,14769.734000000019,14778.254000000003,14786.742999999997,8
,,,,,,4974.365930683707,4561.255988123987,4531.90862620622,4476.3770270472205,8
,,,,,,9761.808229055441,10102.4166603297,10182.131271436661,10260.772152566431,8
,,,,,,15355.616999999982,15364.93200000001,15374.222000000009,15383.500999999997,8
,,,,,,5376.960074679454,4892.009688320726,4925.819705427253,4822.743713311812,8
,,,,,,9950.527307158965,10366.5627893479,10379.57346265255,10515.17014916681,8
,,,,,,30116.808999999976,30134.66600000002,30152.476000000017,30170.243999999995,8
,,,,,,10351.326005363162,9453.265676444718,9457.728331633476,9299.120740359032,8
,,,,,,19712.335536214407,20468.97944967759,20561.704734089206,20775.942301733237,8
,,,,,,22765.774746003317,22732.74049659222,22751.442119231047,22790.0662491139,8
,,,,,,8540.812707645577,7782.024689411218,7834.6969229022725,7734.845481454282,8
,,,,,,14185.01150953091,14784.939934186368,14821.10619722759,14980.078632983592,8
,,,,,,7085.091377489526,7170.93822843048,7168.274210834831,7160.948300881968,8
,,,,,,1710.6800579512562,1582.8078585657483,1540.3662217850224,1489.3861971691613,8
,,,,,,5364.075311958201,5543.668868638902,5592.922972001165,5653.625365234706,8
,,,,,,30116.808999999976,30134.66600000002,30152.476000000017,30170.243999999995,8
,,,,,,10351.326005363162,9453.265676444718,9457.728331633476,9299.120740359032,8
,,,,,,19712.335536214407,20468.97944967759,20561.704734089206,20775.942301733237,8
,,,,,,25129.64499999997,25131.097000000016,25132.669000000005,25133.43899999999,8
,,,,,,8492.275210203665,7745.925980419423,7774.282793244393,7657.538725549411,8
,,,,,,16594.4242353395,17201.76183337525,17240.51315251085,17391.212816056133,8
,,,,,,4987.164,5003.569000000004,5019.807000000006,5036.805000000002,8
,,,,,,1859.0507951594975,1707.3396960252924,1683.44553838908,1641.5820148096234,8
,,,,,,3117.9113008749073,3267.2176163023437,3321.191581578356,3384.7294856771073,8
,,,,,,0.0,0.0,0.0,0.0,8
,,,,,,1.5829165795069502,1.6813320506210299,1.6921649108058818,1.7377150825027183,8
,,,,,,0.8321673237735348,0.7848489009190938,0.7832274434025673,0.7793900386283695,8
,,,,,,0.0,0.0,0.0,0.0,8
,,,,,,1.722541539980843,1.798848316895248,1.834987126460973,1.8626556771478922,8
,,,,,,0.8782363234386404,0.8224491637285435,0.8219971179364208,0.8154498797352873,8
,,,,,,0.0,0.0,0.0,0.0,8
,,,,,,1.6124225577646731,1.7150122516168658,1.705598186969566,1.7705340490576198,8
,,,,,,0.873240181471247,0.8164768484826997,0.8136865517925127,0.8130278572946861,8
,,,,,,0.0,0.0,0.0,0.0,8
,,,,,,1.5829165795069502,1.6813320506210299,1.6921649108058818,1.7377150825027183,8
,,,,,,0.8321673237735348,0.7848489009190938,0.7832274434025673,0.7793900386283695,8
,,,,,,0.5443815923073356,0.5240722379050291,0.5160034563483193,0.5149987987781924,8
,,,,,,1.7898269745460227,1.8466151154597155,1.8921100387704715,1.9078304932499197,8
,,,,,,0.9629154994149363,0.9027139145552485,0.9014599503861801,0.8819175785285303,8
,,,,,,1.7518094770433108,1.6575557175443771,1.6351289287780635,1.6326173868615366,8
,,,,,,3.4721715966895084,3.6324565095745607,3.422281535135231,3.409433185695586,8
,,,,,,2.0850759082048906,1.9954465524777814,1.924800310535358,1.9732273693399742,8
,,,,,,0.0,0.0,0.0,0.0,8
,,,,,,1.5829165795069502,1.6813320506210299,1.6921649108058818,1.7377150825027183,8
,,,,,,0.8321673237735348,0.7848489009190938,0.7832274434025673,0.7793900386283695,8
,,,,,,0.0,0.0,0.0,0.0,8
,,,,,,1.755446887687304,1.8235694098858564,1.8468573154706587,1.8785245939365596,8
,,,,,,0.9002113642130903,0.8311455991817028,0.8374506383814527,0.8297958585481472,8
,,,,,,0.0,0.0,0.0,0.0,8
,,,,,,2.0802992709375983,2.133942042143394,2.1993615992526268,2.1960665762062863,8
,,,,,,1.2374947388436115,1.1214259707821983,1.116006162297469,1.0659480731842763,8
,,,,,,100.0,100.0,100.0,100.0,8
,,,,,,34.43135491346397,31.59276864620015,31.505352918981828,30.91970489752333,8
,,,,,,65.56864508653587,68.40723135379986,68.49464708101803,69.08029510247667,8
,,,,,,100.0,100.0,100.0,100.0,8
,,,,,,33.75615595175453,31.105822514422993,30.79989355562509,30.374782615619644,8
,,,,,,66.24384404824531,68.89417748557707,69.2001064443748,69.6252173843803,8
,,,,,,100.0,100.0,100.0,100.0,8
,,,,,,35.08050563493285,32.06072976669564,32.18355550447605,31.443283334050832,8
,,,,,,64.919494365067,67.9392702333044,67.81644449552381,68.55671666594914,8
,,,,,,100.0,100.0,100.0,100.0,8
,,,,,,34.43135491346397,31.59276864620015,31.505352918981828,30.91970489752333,8
,,,,,,65.56864508653587,68.40723135379986,68.49464708101803,69.08029510247667,8
,,,,,,100.0,100.0,100.0,100.0,8
,,,,,,37.581971179686924,34.48414449710173,34.581413341913645,34.05182180000296,8
,,,,,,62.41802882031307,65.51585550289836,65.41858665808635,65.94817819999705,8
,,,,,,100.0,100.0,100.0,100.0,8
,,,,,,24.1800595003916,22.21024384354655,21.594052616383983,20.85095598904409,8
,,,,,,75.81994049960844,77.78975615645346,78.40594738361598,79.14904401095588,8
,,,,,,100.0,100.0,100.0,100.0,8
,,,,,,34.43135491346397,31.59276864620015,31.505352918981828,30.91970489752333,8
,,,,,,65.56864508653587,68.40723135379986,68.49464708101803,69.08029510247667,8
,,,,,,100.0,100.0,100.0,100.0,8
,,,,,,33.85170388252236,31.048672879962712,31.078737600350472,30.570540463185846,8
,,,,,,66.14829611747746,68.9513271200373,68.92126239964938,69.4294595368141,8
,,,,,,100.0,100.0,100.0,100.0,8
,,,,,,37.353123437302685,34.321439855447494,33.637714344412544,32.65977476029206,8
,,,,,,62.646876562697315,65.6785601445526,66.36228565558743,67.34022523970792,8
,,,,,,0.0,0.0,0.0,0.0,8
,,,,,,1.5827239139135998,1.683262827455188,1.6932435787733908,1.737531601398894,8
,,,,,,0.8311187266118493,0.7773875952309904,0.7788380377222119,0.7777031682577288,8
,,,,,,0.0,0.0,0.0,0.0,8
,,,,,,1.722174037590322,1.8013848678003308,1.8361566395768771,1.863052895885815,8
,,,,,,0.8775755124751335,0.8133279185994343,0.8172448274466386,0.8127777382943963,8
,,,,,,0.0,0.0,0.0,0.0,8
,,,,,,1.612662665207547,1.7160972269195927,1.7058781142120727,1.7699527786484575,8
,,,,,,0.871433492625922,0.8098310337557005,0.809556198072857,0.8117822645753382,8
,,,,,,0.0,0.0,0.0,0.0,8
,,,,,,1.5827239139135998,1.683262827455188,1.6932435787733908,1.737531601398894,8
,,,,,,0.8311187266118493,0.7773875952309904,0.7788380377222119,0.7777031682577288,8
,,,,,,0.0,0.0,0.0,0.0,8
,,,,,,1.5705135091769014,1.6479401571433576,1.685744559797657,1.6952034302660388,8
,,,,,,0.9456080968065921,0.8673901312178399,0.8911141678423766,0.8753049242257234,8
,,,,,,0.0,0.0,0.0,0.0,8
,,,,,,3.1300216220177113,3.378273648135034,3.1602619817389,3.2740041194094265,8
,,,,,,0.9982084997586,0.9645522135896549,0.8703786612173253,0.862500825560263,8
,,,,,,0.0,0.0,0.0,0.0,8
,,,,,,1.5827239139135998,1.683262827455188,1.6932435787733908,1.737531601398894,8
,,,,,,0.8311187266118493,0.7773875952309904,0.7788380377222119,0.7777031682577288,8
,,,,,,0.0,0.0,0.0,0.0,8
,,,,,,1.755852143800314,1.825976195627879,1.8473774695695266,1.8788738058686323,8
,,,,,,0.8985656520594137,0.8222341752168167,0.8330398722621611,0.827288417491874,8
,,,,,,0.0,0.0,0.0,0.0,8
,,,,,,2.0769437758796463,2.133908478073751,2.1979913286476167,2.1955222983887563,8
,,,,,,1.2383751830807905,1.1151098825255266,1.1141178112559362,1.0648206698348512,8
,,,,,,10441.447016274089,10441.639417544711,10494.0664119055,10507.945653364439,8
,,,,,,153.5486998846089,111.44979967299038,150.31363768257748,149.71857015389438,8
,,,,,,10287.898316389483,10330.18961787172,10343.752774222918,10358.227083210546,8
,,,,,,3580.4083139477266,3601.239778312995,3613.9962291628462,3630.628619727785,8
,,,,,,49.0453733114609,37.71003876146437,37.75557401524828,41.19883407483343,8
,,,,,,3531.362940636266,3563.5297395515313,3576.240655147598,3589.42978565295,8
,,,,,,6861.038702326364,6840.399639231714,6880.070182742653,6877.3170336366575,8
,,,,,,104.50332657314802,73.73976091152602,112.55806366732922,108.51973607906098,8
,,,,,,6756.535375753216,6766.659878320188,6767.512119075324,6768.797297557598,8
,,,,,,0.41378020726126724,0.3829656695193768,0.39450294218139015,0.40098528490976,8
,,,,,,7.108422211265408,7.792721031376612,6.526497499405766,6.390190414232273,8
,,,,,,0.4270079857769933,0.39056299996273847,0.4080189922509524,0.4112683192003649,8
,,,,,,0.4919569467648642,0.47109748423327164,0.4630626162632063,0.46048988897611437,8
,,,,,,12.09213723010431,13.280873082390531,11.705308226766494,11.57796843747391,8
,,,,,,0.5104850589644802,0.49069937740418595,0.47893163533224253,0.476012290184995,8
,,,,,,0.6602103524789479,0.5998466836854119,0.6257218848121338,0.6338434958128674,8
,,,,,,8.80595206064448,9.288026042606038,7.901039111679518,7.698644718593453,8
,,,,,,0.6790567988452976,0.611188113691196,0.6428603602497314,0.651784990947115,8
,,,,,,100.0,100.0,100.0,100.0,8
,,,,,,100.0,100.0,100.0,100.0,8
,,,,,,100.0,100.0,100.0,100.0,8
,,,,,,34.29034604463622,34.48921796956484,34.43847301235651,34.55126948211165,8
,,,,,,31.94124948522407,33.83589640547673,25.117863287280706,27.51751772173986,8
,,,,,,34.325406725788795,34.4962664904665,34.5739185110818,34.65293584334515,8
,,,,,,65.70965395536379,65.51078203043518,65.56152698764349,65.44873051788835,8
,,,,,,68.05875051477595,66.16410359452327,74.88213671271927,72.48248227826014,8
,,,,,,65.67459327421119,65.5037335095335,65.42608148891823,65.34706415665484,8
,,,,,,0.0,0.0,0.0,0.0,8
,,,,,,0.0,0.0,0.0,0.0,8
,,,,,,0.0,0.0,0.0,0.0,8
,,,,,,0.6162674516455835,0.5608450860337886,0.5770361649487812,0.5764492017301993,8
,,,,,,10.212823444068544,10.467425957160952,10.722615238027666,10.137069997974528,8
,,,,,,0.6337978888217857,0.5768056308524089,0.5888117386303593,0.5938124013875999,8
,,,,,,0.32159694810336453,0.2952660282759591,0.3031083214014778,0.3043153252038182,8
,,,,,,4.793069797905216,5.352974212255675,3.5967080461947383,3.8484747562163286,8
,,,,,,0.3312600692465477,0.30376346032536305,0.31115311518729055,0.31489315264321105,8
,,,,,,2471.141076334422,1650.7166070654262,1595.6969063972517,1421.4121681259803,8
,,,,,,1775.3345168520339,1177.6947602749026,1071.522945083079,892.7762564043685,8
,,,,,,84.0498234043962,46.21122205821412,45.84001385279353,47.99463674593505,8
,,,,,,1113.9447645901646,813.5581795918685,845.1147751017584,740.4449738850609,8
,,,,,,381.25801830436393,188.66983066484414,175.56293681621017,147.1270620086697,8
,,,,,,56.56617494237328,17.383050773560196,17.59696408847171,17.98447272305538,8
,,,,,,54.831917343408044,42.6200778961341,38.43179304582273,40.685639922800654,8
,,,,,,1078.2561027009635,684.3922700374873,689.3698770723414,626.959794899419,8
,,,,,,745.9267798743316,460.96854473822873,450.51341728638937,359.6043921931497,8
,,,,,,30.18078100961026,12.32134946207812,15.554562490231653,20.466741652209535,8
,,,,,,454.45571692046025,332.43297152557665,340.27864552920886,318.62726386686097,8
,,,,,,150.39509894445436,65.34356716926753,57.826661738660306,54.50653265788111,8
,,,,,,26.430588951538912,6.869676101423889,7.169349296777826,6.779776951962272,8
,,,,,,25.456378818893953,16.518199083709423,12.595315026048711,16.66281085754385,8
,,,,,,1392.884973633459,966.3243370279384,906.32702932491,794.4523732265613,8
,,,,,,1029.4077369777021,716.726215536674,621.0095277966894,533.1718642112188,8
,,,,,,53.86904239478594,33.88987259613599,30.285451362561872,27.52789509372552,8
,,,,,,659.4890476697047,481.12520806629175,504.8361295725493,421.8177100181997,8
,,,,,,230.8629193599096,123.3262634955766,117.73627507754986,92.62052935078856,8
,,,,,,30.13558599083435,10.513374672136312,10.427614791693884,11.204695771093109,8
,,,,,,29.375538524514102,26.10187881242468,25.83647801977401,24.022829065256808,8
,,,,,,2471.141076334422,1650.7166070654262,1595.6969063972517,1421.4121681259803,8
,,,,,,1775.3345168520339,1177.6947602749026,1071.522945083079,892.7762564043685,8
,,,,,,84.0498234043962,46.21122205821412,45.84001385279353,47.99463674593505,8
,,,,,,1113.9447645901646,813.5581795918685,845.1147751017584,740.4449738850609,8
,,,,,,381.25801830436393,188.66983066484414,175.56293681621017,147.1270620086697,8
,,,,,,56.56617494237328,17.383050773560196,17.59696408847171,17.98447272305538,8
,,,,,,54.831917343408044,42.6200778961341,38.43179304582273,40.685639922800654,8
,,,,,,1978.7968807794282,1316.7522588479405,1265.2434560661395,1134.1739391374472,8
,,,,,,1372.0699519018476,902.2429693275893,814.7369409945289,674.1218297816935,8
,,,,,,61.584925403497145,39.61020998362197,32.5770843980907,40.80661949629534,8
,,,,,,931.2151263358495,667.9747477546524,700.7419346214975,612.0037507463179,8
,,,,,,260.2079872707975,123.9791031865773,113.2584750932098,99.36082299208599,8
,,,,,,37.59362109151264,12.53917206371443,11.13953274269248,12.968412766419945,8
,,,,,,38.16244241635658,34.83994097436168,31.923470874145327,33.37919224666699,8
,,,,,,492.3441955549939,333.96434821748574,330.4534503311121,287.2382289885331,8
,,,,,,403.26456495018624,275.4517909473133,256.78600408855004,218.65442662267512,8
,,,,,,22.46489800089906,6.601012074592143,13.262929454702828,7.188017249639708,8
,,,,,,182.7296382543152,145.58343183721595,144.37284048026086,128.44122313874283,8
,,,,,,121.05003103356641,64.69072747826687,62.304461723000365,47.76623901658371,8
,,,,,,18.972553850860628,4.843878709845771,6.45743134577923,5.016059956635433,8
,,,,,,16.669474927051468,7.780136921772419,6.508322171677395,7.306447676133669,8
,,,,,,2471.141076334422,1650.7166070654262,1595.6969063972517,1421.4121681259803,8
,,,,,,1775.3345168520339,1177.6947602749026,1071.522945083079,892.7762564043685,8
,,,,,,84.0498234043962,46.21122205821412,45.84001385279353,47.99463674593505,8
,,,,,,1113.9447645901646,813.5581795918685,845.1147751017584,740.4449738850609,8
,,,,,,381.25801830436393,188.66983066484414,175.56293681621017,147.1270620086697,8
,,,,,,56.56617494237328,17.383050773560196,17.59696408847171,17.98447272305538,8
,,,,,,54.831917343408044,42.6200778961341,38.43179304582273,40.685639922800654,8
,,,,,,1883.3381247311645,1225.5324814539333,1165.587388853572,1101.5810590258602,8
,,,,,,1346.6049729974202,848.3572106320854,769.5211428656658,680.169922726882,8
,,,,,,55.88492134766312,38.80990552520425,32.55500500465828,36.19653774536186,8
,,,,,,847.6227751345239,600.7807674586629,603.3961203735099,566.5633923133597,8
,,,,,,293.94797464444866,150.05684934902396,131.8368729495409,111.41666017838732,8
,,,,,,41.8203935310115,12.540479497869617,14.321309904652207,11.244049091521537,8
,,,,,,38.48056273295009,31.708401010874795,30.294498319875473,32.7867907983098,8
,,,,,,565.5735854898802,408.88839413254226,411.5002280886292,307.237989679762,8
,,,,,,412.6975596725377,316.05304899473714,288.2059226173071,203.8052099457551,8
,,,,,,26.55278817745006,6.510134688168638,13.285008848135252,10.224355369012983,8
,,,,,,258.0997699701934,204.7047709321595,233.35722385090008,164.47543640602152,8
,,,,,,82.73009977247928,37.12607727042291,42.5668211174702,32.92284920364619,8
,,,,,,13.851526832106739,4.8425712756905845,3.2756541838195057,5.733101430712266,8
,,,,,,15.656695059026028,10.911676885259304,8.137294725947243,7.89884912449086,8
,,,,,,2.3993138172485926,2.685072438382551,2.6743126828466304,2.8826085652188436,8
,,,,,,2.713016151184861,3.1838846622270935,3.2788819553184347,3.5605048304491143,8
,,,,,,10.059511495107202,16.438961337081835,12.699100898765414,14.599567604445236,8
,,,,,,3.142675479041025,3.6320644042829775,3.704840623559498,3.809171549684171,8
,,,,,,5.3926830784092274,6.570865479052148,7.076819526991794,7.384111244060154,8
,,,,,,13.356358919221742,20.07497306738947,25.38002310722365,26.01995912729392,8
,,,,,,13.453474241150436,16.130062232392255,15.3772045962342,15.706147993998714,8
,,,,,,3.031153286035319,3.4966194046875585,3.466494647614393,3.699868282465678,8
,,,,,,3.5047547318766394,4.291652136003744,4.379129425745792,4.948314378676522,8
,,,,,,16.248104633794373,24.6806322618172,19.003488094652642,20.30235551537304,8
,,,,,,4.188600503745451,5.011341439297088,5.122101671804392,5.257394040686291,8
,,,,,,7.533424110766152,10.303501329774818,10.96695238345674,11.660868831254128,8
,,,,,,19.90079565368487,28.86914474607685,39.89291468934499,32.52352177609051,8
,,,,,,18.707802327989665,22.743448748654245,21.77227451628091,18.751809778350633,8
,,,,,,2.6415118667034667,3.0456823961045334,3.009733185425786,3.249125606941793,8
,,,,,,2.995284911726882,3.5809239984557073,3.7402244030963296,3.933739405928972,8
,,,,,,11.231799598774861,18.571297466381733,14.386867616681664,15.751409076717623,8
,,,,,,3.5699760285456525,4.1487924899001705,4.07534759576187,4.251552220188894,8
,,,,,,5.971342682774079,7.599309341605191,7.563056561430163,8.57028664158062,8
,,,,,,14.144762407533356,23.448514378147465,22.62707963443344,26.036966479123386,8
,,,,,,16.143900363707182,18.466174656209656,17.017847345904503,18.33614339520155,8
,,,,,,2.3993138172485926,2.685072438382551,2.6743126828466304,2.8826085652188436,8
,,,,,,2.713016151184861,3.1838846622270935,3.2788819553184347,3.5605048304491143,8
,,,,,,10.059511495107202,16.438961337081835,12.699100898765414,14.599567604445236,8
,,,,,,3.142675479041025,3.6320644042829775,3.704840623559498,3.809171549684171,8
,,,,,,5.3926830784092274,6.570865479052148,7.076819526991794,7.384111244060154,8
,,,,,,13.356358919221742,20.07497306738947,25.38002310722365,26.01995912729392,8
,,,,,,13.453474241150436,16.130062232392255,15.3772045962342,15.706147993998714,8
,,,,,,2.64427348010726,3.0178157553148908,3.0205356461234145,3.286392041959278,8
,,,,,,3.0574782419374142,3.6297903937488525,3.794142655986183,4.21889086377017,8
,,,,,,11.773286631043673,18.334032445211783,15.621326125120932,16.599630292363933,8
,,,,,,3.4079891923460353,3.9532089745211842,4.094652390520849,4.314701254500237,8
,,,,,,6.620513035091878,8.353491174974552,8.789136206645743,9.15077740946085,8
,,,,,,17.172381788586492,25.508777497231183,37.183965359383706,33.882803035708264,8
,,,,,,16.54248585757544,18.517004035141568,16.958859677991644,18.223005332631832,8
,,,,,,3.84337024307725,4.493516281353712,4.530331247006102,4.6181241149917405,8
,,,,,,4.265393255264948,5.050488732925863,5.173840635783629,5.356315475948532,8
,,,,,,17.31305252071678,25.840804690119306,20.98814796181289,24.643805135308302,8
,,,,,,5.857538002397964,7.219102201122853,6.8494149939306554,6.735871452535267,8
,,,,,,7.528459415207518,9.643698952751594,10.831927948937425,11.206451194949942,8
,,,,,,18.967802368450297,29.287922916157445,25.322957789804562,29.514748216367657,8
,,,,,,20.677468955005413,25.37359241933432,26.7532775849668,26.00464810296021,8
,,,,,,2.3993138172485926,2.685072438382551,2.6743126828466304,2.8826085652188436,8
,,,,,,2.713016151184861,3.1838846622270935,3.2788819553184347,3.5605048304491143,8
,,,,,,10.059511495107202,16.438961337081835,12.699100898765414,14.599567604445236,8
,,,,,,3.142675479041025,3.6320644042829775,3.704840623559498,3.809171549684171,8
,,,,,,5.3926830784092274,6.570865479052148,7.076819526991794,7.384111244060154,8
,,,,,,13.356358919221742,20.07497306738947,25.38002310722365,26.01995912729392,8
,,,,,,13.453474241150436,16.130062232392255,15.3772045962342,15.706147993998714,8
,,,,,,2.6492212679229556,3.0717927612462432,3.005945677815343,3.2316369668564384,8
,,,,,,3.0398890727534718,3.6288385707702493,3.6124268824220493,4.008389219619231,8
,,,,,,12.188206942371323,18.66140145439,14.591652578860511,14.837258229216888,8
,,,,,,3.511832491006206,4.041802696823184,4.160956315999577,4.341855010091273,8
,,,,,,6.386644196805415,7.1414675026499275,7.537710321581452,8.426359834154447,8
,,,,,,13.70422243035587,24.15713563471207,29.939684242602848,22.502771382044376,8
,,,,,,15.617255496236837,18.064519997396438,16.952178208093102,15.812365295537282,8
,,,,,,4.469310387527024,5.355080041304052,5.3878175579494005,5.763406258041873,8
,,,,,,5.132054108858852,6.229023314401295,6.261719960253539,6.635955599327473,8
,,,,,,18.823429416839424,30.741850276938777,24.344778365405883,32.3844490449655,8
,,,,,,6.00549390897965,6.946910488269752,6.998551652922895,7.796905420468149,8
,,,,,,9.748859503563958,14.446489030670753,15.013426856189632,14.421106808511789,8
,,,,,,32.57423396280184,36.33294334202491,38.09395135628233,49.96800006485829,8
,,,,,,24.617841723418984,33.11057999392716,30.64320450292121,29.112709147345093,8
,,,,,,100.0,100.0,100.0,100.0,8
,,,,,,71.84270189403692,71.34445459833101,66.84718891905042,62.87489637385077,8
,,,,,,3.4012555660752426,2.799464296925349,2.8849388376035967,3.3684353865472345,8
,,,,,,45.0781533785412,49.2851514372402,52.42854965444581,51.533219570400966,8
,,,,,,15.42841976751504,11.429571245439481,10.89060509765748,10.376513896470891,8
,,,,,,2.2890710483547525,1.0530608766615035,1.085430505211253,1.3159751805659723,8
,,,,,,2.2188906116498703,2.5819136800169638,2.4694878971156173,2.8681290399533923,8
,,,,,,100.0,100.0,100.0,100.0,8
,,,,,,69.17899912700072,67.35443471811557,65.09567664117266,57.38580313474115,8
,,,,,,2.799036419456315,1.8003343990725114,2.3150053130993227,3.21117621147275,8
,,,,,,42.147289107112606,48.573455031478915,48.86800802622442,50.380896957554896,8
,,,,,,13.94799422583597,9.547677557154225,8.421766871479921,8.619461007230884,8
,,,,,,2.4512348119646115,1.0037629590771975,1.004844970717598,1.091636921258214,8
,,,,,,2.360884279266059,2.413557225420538,1.8181950081352933,2.614349794962998,8
,,,,,,100.0,100.0,100.0,100.0,8
,,,,,,73.90471980557051,74.17035751588982,68.19828252526577,67.19692392904355,8
,,,,,,3.8674437167818656,3.5070908697558925,3.324578085727212,3.4922588412366395,8
,,,,,,47.34698558412699,49.78920530409672,55.1751047824419,52.44054066484103,8
,,,,,,16.574442522535378,12.762408931444618,12.795034535177619,11.759990305492183,8
,,,,,,2.1635373028846105,1.087975772655341,1.1475931299230493,1.4926156740274013,8
,,,,,,2.108970882777601,2.701150929583803,2.9718866922533826,3.067950912529642,8
,,,,,,100.0,100.0,100.0,100.0,8
,,,,,,71.84270189403692,71.34445459833101,66.84718891905042,62.87489637385077,8
,,,,,,3.4012555660752426,2.799464296925349,2.8849388376035967,3.3684353865472345,8
,,,,,,45.0781533785412,49.2851514372402,52.42854965444581,51.533219570400966,8
,,,,,,15.42841976751504,11.429571245439481,10.89060509765748,10.376513896470891,8
,,,,,,2.2890710483547525,1.0530608766615035,1.085430505211253,1.3159751805659723,8
,,,,,,2.2188906116498703,2.5819136800169638,2.4694878971156173,2.8681290399533923,8
,,,,,,100.0,100.0,100.0,100.0,8
,,,,,,69.33859484159906,68.52032819879,64.03328566439453,59.54314524033559,8
,,,,,,3.112240877357734,3.008174826924386,2.5751985205569627,3.6019577072617217,8
,,,,,,47.059662130104705,50.728961599737865,54.688939878976704,53.452332857840844,8
,,,,,,13.14980783516822,9.41552234700928,8.844006975230828,8.825205550107547,8
,,,,,,1.8998221321586521,0.9522802774369468,0.8553031709139889,1.215796485870199,8
,,,,,,1.9285679488904788,2.6458994651616567,2.5479986296683235,2.9641417248265793,8
,,,,,,100.0,100.0,100.0,100.0,8
,,,,,,81.90704157598675,82.47940009690268,77.75448666886014,75.97507310844298,8
,,,,,,4.56284408422355,1.9765619024379824,4.085559312937312,2.4502444562407817,8
,,,,,,37.114205855180984,43.59250698892221,43.6667881514789,43.98742091027065,8
,,,,,,24.58646453567165,19.37054892941407,18.82366216298954,16.476133193596034,8
,,,,,,3.8535142735812835,1.4504179070908847,1.9774538366449348,1.709869728197077,8
,,,,,,3.3857360516377866,2.32963098106083,2.1651633134288333,2.4906149069351793,8
,,,,,,100.0,100.0,100.0,100.0,8
,,,,,,71.84270189403692,71.34445459833101,66.84718891905042,62.87489637385077,8
,,,,,,3.4012555660752426,2.799464296925349,2.8849388376035967,3.3684353865472345,8
,,,,,,45.0781533785412,49.2851514372402,52.42854965444581,51.533219570400966,8
,,,,,,15.42841976751504,11.429571245439481,10.89060509765748,10.376513896470891,8
,,,,,,2.2890710483547525,1.0530608766615035,1.085430505211253,1.3159751805659723,8
,,,,,,2.2188906116498703,2.5819136800169638,2.4694878971156173,2.8681290399533923,8
,,,,,,100.0,100.0,100.0,100.0,8
,,,,,,71.50096710274157,69.2235598378936,65.71424203669696,61.78650626235209,8
,,,,,,2.9673334073051993,3.166779021569579,2.837831324092251,3.2923171622480485,8
,,,,,,45.00640453267077,49.02201912640582,51.303885304127036,50.903892628124666,8
,,,,,,15.607817352840344,12.244216421828428,11.221382326212934,10.198524081035075,8
,,,,,,2.2205462196004286,1.0232678193067546,1.1959689713185309,1.0962812169511469,8
,,,,,,2.0432105221914387,2.5873162474859055,2.6613751327231663,2.967581537184273,8
,,,,,,100.0,100.0,100.0,100.0,8
,,,,,,72.96973731810222,77.29567616250013,69.73840325193089,66.50197106460362,8
,,,,,,4.694842343892523,1.592154431768577,3.1456247972597606,3.2737965289596604,8
,,,,,,45.63504671927638,50.06372738126775,55.94771930415649,52.860127844387165,8
,,,,,,14.627645614110737,9.07975814505226,10.158121319386916,10.541760879421004,8
,,,,,,2.4491113424452156,1.18432592980882,0.8198417933155798,1.8357154937046527,8
,,,,,,2.7682861188548515,2.6686198585823036,2.0342321339291196,2.6265116428799833,8
,,,,,,0.0,0.0,0.0,0.0,8
,,,,,,1.4337282142338736,1.665792092592036,1.8836480414517898,2.2595203790427107,8
,,,,,,9.787548147022445,16.143430638198968,13.002905123462883,14.374298365567933,8
,,,,,,2.186449321723933,2.384015178468858,2.3679421233293243,2.5977874219537163,8
,,,,,,4.843234318591212,6.123841518156707,6.730982173983459,7.046881771570571,8
,,,,,,13.084376713810789,20.09681652925448,25.08449458860313,25.253585718458204,8
,,,,,,13.123618731000944,15.818397358891668,14.660454773248762,15.243925536052515,8
,,,,,,0.0,0.0,0.0,0.0,8
,,,,,,1.991002422648722,2.452332712086873,2.510314450088437,3.3556805934820995,8
,,,,,,16.022181572039816,24.49405805725752,20.19832577257622,20.16409056315674,8
,,,,,,3.1780571859221984,3.466404748994879,3.4159354364202708,3.6407646557444684,8
,,,,,,6.840080628510395,9.749650783847192,10.387313242526236,11.233345796136504,8
,,,,,,19.657966857427223,28.863477665222735,39.74410216557438,31.761199729362694,8
,,,,,,18.322107856535638,22.484820997795932,21.142603069133045,18.53633666889225,8
,,,,,,0.0,0.0,0.0,0.0,8
,,,,,,1.49561512033945,1.7933703957357157,2.1221265445234185,2.330210210362034,8
,,,,,,10.980817716033211,18.044671258028096,14.21826188281791,15.494749215224788,8
,,,,,,2.4287528520481407,2.8467364365365038,2.6602973298340706,2.921713089393434,8
,,,,,,5.4739953848353045,7.080350073262731,7.18625847455244,8.125165095983514,8
,,,,,,13.89327799216943,23.506411131320338,22.30748265002918,25.88033131774247,8
,,,,,,15.873957831499,17.942531229209262,16.147051888398128,17.687001585858127,8
,,,,,,0.0,0.0,0.0,0.0,8
,,,,,,1.4337282142338736,1.665792092592036,1.8836480414517898,2.2595203790427107,8
,,,,,,9.787548147022445,16.143430638198968,13.002905123462883,14.374298365567933,8
,,,,,,2.186449321723933,2.384015178468858,2.3679421233293243,2.5977874219537163,8
,,,,,,4.843234318591212,6.123841518156707,6.730982173983459,7.046881771570571,8
,,,,,,13.084376713810789,20.09681652925448,25.08449458860313,25.253585718458204,8
,,,,,,13.123618731000944,15.818397358891668,14.660454773248762,15.243925536052515,8
,,,,,,0.0,0.0,0.0,0.0,8
,,,,,,1.6926888003086216,1.9697151081838,2.232132424474602,2.803082426924596,8
,,,,,,11.49134099456979,17.996459389018867,16.201824967060887,16.277333045287033,8
,,,,,,2.3985793419810224,2.5818197614764564,2.5505536473580124,2.8533211560999674,8
,,,,,,6.078339934997421,7.837638792626443,8.531316412855718,8.794602074229825,8
,,,,,,17.050366956973967,25.44329479173818,37.084662476319025,32.31563699987587,8
,,,,,,16.210789219325118,18.130998123806698,16.339837207391838,17.578620811228422,8
,,,,,,0.0,0.0,0.0,0.0,8
,,,,,,1.7646138087323504,2.0469123337556105,2.4495197946081326,2.6629200209380706,8
,,,,,,16.9147957735934,25.50206215953383,20.800989697446354,24.283467080466963,8
,,,,,,4.644644014678854,5.252248245345948,5.196856555914664,5.168387448494129,8
,,,,,,6.424445162692127,8.647271136184083,9.64429812859937,10.000413333261966,8
,,,,,,18.639702493081106,29.367362195916684,24.71694694738136,29.44265757447477,8
,,,,,,20.36171287539973,25.174791483534918,24.859933335471958,25.76106325704123,8
,,,,,,0.0,0.0,0.0,0.0,8
,,,,,,1.4337282142338736,1.665792092592036,1.8836480414517898,2.2595203790427107,8
,,,,,,9.787548147022445,16.143430638198968,13.002905123462883,14.374298365567933,8
,,,,,,2.186449321723933,2.384015178468858,2.3679421233293243,2.5977874219537163,8
,,,,,,4.843234318591212,6.123841518156707,6.730982173983459,7.046881771570571,8
,,,,,,13.084376713810789,20.09681652925448,25.08449458860313,25.253585718458204,8
,,,,,,13.123618731000944,15.818397358891668,14.660454773248762,15.243925536052515,8
,,,,,,0.0,0.0,0.0,0.0,8
,,,,,,1.589671050553312,1.9524194310269396,2.202891829537414,2.5231851343937066,8
,,,,,,11.941188135961193,18.181441752149865,15.25537085846079,14.651985688093184,8
,,,,,,2.4992946432669725,2.611791391447019,2.640290567853637,2.9653211855236807,8
,,,,,,5.71355376242338,6.652090949520615,7.239657468152676,8.113954103088801,8
,,,,,,13.452374551971003,24.063639077214972,29.793787051488867,22.67437757312605,8
,,,,,,15.420371119802306,17.671562131644656,16.107380024422483,15.447236217997103,8
,,,,,,0.0,0.0,0.0,0.0,8
,,,,,,2.490659422905687,2.7235815390653775,3.1595284175155696,4.162845202029067,8
,,,,,,18.28526227052687,30.779932428908502,24.159585197170998,31.86248906449155,8
,,,,,,4.452816179929936,4.726857292529939,4.354567660812612,5.0606230932344465,8
,,,,,,8.945445177584888,13.669168242641335,14.099660572256282,13.653376390875135,8
,,,,,,32.09028087543933,36.231056504712505,36.45949729534657,49.54181335217546,8
,,,,,,24.111535494814127,32.58577877307881,29.357741503860684,28.02143464838771,8
,,,,,,30116.808999999976,30134.66600000002,30152.476000000017,30170.243999999995,8
,,,,,,14761.191999999988,14769.734000000019,14778.254000000003,14786.742999999997,8
,,,,,,15355.616999999982,15364.93200000001,15374.222000000009,15383.500999999997,8
,,,,,,30116.808999999976,30134.66600000002,30152.476000000017,30170.243999999995,8
,,,,,,3903.350999999997,3905.589000000008,3907.557000000001,3909.199999999996,8
,,,,,,3918.374999999994,3911.8610000000053,3906.1020000000053,3900.6290000000017,8
,,,,,,4700.924999999994,4698.3670000000075,4695.708000000004,4692.541999999992,8
,,,,,,12606.993999999982,12615.28,12623.301999999998,12631.068,8
,,,,,,4987.164,5003.569000000004,5019.807000000006,5036.805000000002,8
,,,,,,30116.808999999976,30134.66600000002,30152.476000000017,30170.243999999995,8
,,,,,,22765.774746003317,22732.74049659222,22751.442119231047,22790.0662491139,8
,,,,,,7085.091377489526,7170.93822843048,7168.274210834831,7160.948300881968,8
,,,,,,30116.808999999976,30134.66600000002,30152.476000000017,30170.243999999995,8
,,,,,,11855.187822964901,11929.868131245668,11973.377673438548,12006.977776011083,8
,,,,,,5132.093335032586,5106.972963378092,5102.183881465365,5061.20033496191,8
,,,,,,8717.023196406562,8685.71798990632,8690.82521529715,8703.191733104015,8
,,,,,,4412.50464559592,4412.106915469949,4386.089229798917,4398.874155922991,8
,,,,,,0.0,0.0,0.0,0.0,8
,,,,,,0.0,0.0,0.0,0.0,8
,,,,,,0.0,0.0,0.0,0.0,8
,,,,,,0.0,0.0,0.0,0.0,8
,,,,,,0.0,0.0,0.0,0.0,8
,,,,,,0.0,0.0,0.0,0.0,8
,,,,,,0.0,0.0,0.0,0.0,8
,,,,,,0.0,0.0,0.0,0.0,8
,,,,,,0.0,0.0,0.0,0.0,8
,,,,,,0.0,0.0,0.0,0.0,8
,,,,,,0.5443815923073356,0.5240722379050291,0.5160034563483193,0.5149987987781924,8
,,,,,,1.7518094770433108,1.6575557175443771,1.6351289287780635,1.6326173868615366,8
,,,,,,0.0,0.0,0.0,0.0,8
,,,,,,0.7851548985885661,0.7388581166423596,0.7159551689121864,0.71095971053861,8
,,,,,,1.2359210967813679,1.1925977010324313,1.2219256023231497,1.2531657502351365,8
,,,,,,0.8610633971749163,0.8301647488012974,0.8488835374195866,0.8414902186194096,8
,,,,,,2.1349474030995017,2.028726825422694,2.0785457117424153,2.0743043343072833,8
,,,,,,100.0,100.0,100.0,100.0,8
,,,,,,49.013134160395275,49.01243637477183,49.01174284990725,49.01101562188227,8
,,,,,,50.986865839604725,50.98756362522817,50.98825715009275,50.98898437811772,8
,,,,,,100.0,100.0,100.0,100.0,8
,,,,,,12.96070576401371,12.960452257874703,12.959323804784722,12.95713750276597,8
,,,,,,13.01059152714353,12.981265496687437,12.954498330419034,12.928728716943755,8
,,,,,,15.608974377066309,15.59123635217991,15.57320864793989,15.553543418475503,8
,,,,,,41.860324578211454,41.863015836976594,41.86489361603339,41.86597894269599,8
,,,,,,16.559403753564993,16.60403005628136,16.648075600822963,16.694611419118786,8
,,,,,,100.0,100.0,100.0,100.0,8
,,,,,,75.5915898859116,75.43717423844083,75.45463967612824,75.53822318809851,8
,,,,,,23.525372085367767,23.79630896997657,23.773418179106834,23.735135522543217,8
,,,,,,100.0,100.0,100.0,100.0,8
,,,,,,39.364023668526436,39.5885195185029,39.709434387539325,39.79741687210445,8
,,,,,,17.040627826914157,16.94716962642988,16.921276652256896,16.775470344097673,8
,,,,,,28.94404648383088,28.82301064795713,28.822923912773017,28.84693850372575,8
,,,,,,14.651302020728426,14.641300207110133,14.546365047430657,14.580174280072084,8
,,,,,,0.0,0.0,0.0,0.0,8
,,,,,,0.0,0.0,0.0,0.0,8
,,,,,,0.0,0.0,0.0,0.0,8
,,,,,,0.0,0.0,0.0,0.0,8
,,,,,,0.0,0.0,0.0,0.0,8
,,,,,,0.0,0.0,0.0,0.0,8
,,,,,,0.0,0.0,0.0,0.0,8
,,,,,,0.0,0.0,0.0,0.0,8
,,,,,,0.0,0.0,0.0,0.0,8
,,,,,,0.0,0.0,0.0,0.0,8
,,,,,,0.5443815923073357,0.5240722379050295,0.5160034563483195,0.5149987987781924,8
,,,,,,1.7518094770433108,1.6575557175443765,1.635128928778065,1.6326173868615381,8
,,,,,,0.0,0.0,0.0,0.0,8
,,,,,,0.7851548985885665,0.7388581166423605,0.7159551689121869,0.7109597105386098,8
,,,,,,1.2359210967813679,1.192597701032431,1.221925602323149,1.253165750235137,8
,,,,,,0.8610633971749163,0.830164748801298,0.8488835374195872,0.8414902186194104,8
,,,,,,2.1349474030995017,2.028726825422695,2.078545711742416,2.0743043343072833,8
,,,,,,,,1397.6574228836207,2153.6879719910544,8
,,,,,,,,644.2464301924155,997.3332625139619,8
,,,,,,,,753.4109926912054,1156.3547094770925,8
,,,,,,,,1397.6574228836207,2153.6879719910544,8
,,,,,,,,49.180045782434334,94.23303703250814,8
,,,,,,,,80.41045272107107,133.83723293697685,8
,,,,,,,,285.39427618783,442.80139087495957,8
,,,,,,,,826.3854809192698,1229.3179184228409,8
,,,,,,,,156.28716727301548,253.49839272376875,8
,,,,,,,,1397.6574228836207,2153.6879719910544,8
,,,,,,,,1241.3702556106048,1900.1895792672854,8
,,,,,,,,156.28716727301548,253.49839272376875,8
,,,,,,,,1397.6574228836207,2153.6879719910544,8
,,,,,,,,1064.6372267084942,1651.1185563738923,8
,,,,,,,,322.42907798756414,490.80488907036556,8
,,,,,,,,1397.6574228836207,2153.6879719910544,8
,,,,,,,,264.742899730417,468.98316580598623,8
,,,,,,,,196.25796531118098,305.8097645726411,8
,,,,,,,,523.754858966613,815.0897085360733,8
,,,,,,,,412.9016988754097,563.805333076354,8
,,,,,,,,134.5679271184745,189.24146292562318,8
,,,,,,,,319.0675565563525,521.5389440686722,8
,,,,,,,,512.2665465888375,804.7622608021053,8
,,,,,,,,290.98094635919085,413.65304484861804,8
,,,,,,,,140.48274235316455,223.19295971440116,8
,,,,,,,,2.762237314053177,2.3501412441513194,8
,,,,,,,,3.456182742110228,2.8833124349189525,8
,,,,,,,,3.309166476547803,2.7774329204489625,8
,,,,,,,,2.762237314053177,2.3501412441513194,8
,,,,,,,,13.529263049997938,10.535052955451732,8
,,,,,,,,9.729623165607878,7.519051754517521,8
,,,,,,,,5.496615035350793,4.260709866955279,8
,,,,,,,,2.995847549088679,2.6285922608524896,8
,,,,,,,,6.461114123605129,5.327809469953991,8
,,,,,,,,2.762237314053177,2.3501412441513194,8
,,,,,,,,2.8959958408669437,2.472248456528929,8
,,,,,,,,6.461114123605129,5.327809469953991,8
,,,,,,,,2.762237314053177,2.3501412441513194,8
,,,,,,,,3.1003390669979316,2.633683780940152,8
,,,,,,,,5.642208887504108,4.906887434685881,8
,,,,,,,,2.762237314053177,2.3501412441513194,8
,,,,,,,,6.090376278845205,4.687069804029928,8
,,,,,,,,6.340243254212235,5.3575714796611305,8
,,,,,,,,3.809822570565239,3.3360467758515573,8
,,,,,,,,4.777722937233596,4.204242636985086,8
,,,,,,,,10.959810952973607,9.309222187355589,8
,,,,,,,,5.858527807793945,5.802323256156624,8
,,,,,,,,4.307382432745371,3.6656627721035533,8
,,,,,,,,6.442234544214627,5.6734618640647705,8
,,,,,,,,8.5589946649887,7.697996026577133,8
,,,,,,,,100.0,100.0,8
,,,,,,,,46.09473105814571,46.30815956092013,8
,,,,,,,,53.90526894185427,53.6918404390799,8
,,,,,,,,100.0,100.0,8
,,,,,,,,3.518748226655356,4.375426629020501,8
,,,,,,,,5.753230470108315,6.214327919250357,8
,,,,,,,,20.419472720218508,20.5601459744234,8
,,,,,,,,59.126468860608675,57.07966680458144,8
,,,,,,,,11.182079722409137,11.770432672724315,8
,,,,,,,,100.0,100.0,8
,,,,,,,,88.81792027759087,88.2295673272757,8
,,,,,,,,11.182079722409137,11.770432672724315,8
,,,,,,,,100.0,100.0,8
,,,,,,,,76.1729740977553,76.66470620846052,8
,,,,,,,,23.069249496227368,22.789043512957146,8
,,,,,,,,100.0,100.0,8
,,,,,,,,18.941902028052354,21.775817662779538,8
,,,,,,,,14.041922011637528,14.19935332089561,8
,,,,,,,,37.47376505796477,37.84623024023922,8
,,,,,,,,29.542410902345345,26.178598776085654,8
,,,,,,,,9.63011510094043,8.792160326609565,8
,,,,,,,,22.83350394413304,24.230704740560085,8
,,,,,,,,36.659447103384124,37.3892629680092,8
,,,,,,,,20.823535485929888,19.21832474592877,8
,,,,,,,,10.053398365612502,10.369547218892393,8
,,,,,,,,0.0,0.0,8
,,,,,,,,2.102247217862856,1.6917796354766206,8
,,,,,,,,1.7976446834844433,1.4591267622956003,8
,,,,,,,,0.0,0.0,8
,,,,,,,,12.775623665156905,9.911665178908798,8
,,,,,,,,8.74274689780486,6.820769555455231,8
,,,,,,,,4.579126223870189,3.543225283832764,8
,,,,,,,,1.836175108660911,1.4859656174740297,8
,,,,,,,,5.9699594774981195,4.905688343127102,8
,,,,,,,,0.0,0.0,8
,,,,,,,,0.7516114158977771,0.6544526523853348,8
,,,,,,,,5.9699594774981195,4.905688343127102,8
,,,,,,,,0.0,0.0,8
,,,,,,,,1.4850504780605769,1.2609185451002816,8
,,,,,,,,4.834945212387975,4.226511603463338,8
,,,,,,,,0.0,0.0,8
,,,,,,,,5.065356185671014,3.760650486834307,8
,,,,,,,,5.696892549374369,4.763332177361352,8
,,,,,,,,2.945169489618748,2.5118417056997653,8
,,,,,,,,3.9269523141106086,3.649347708377408,8
,,,,,,,,10.243332075356548,8.993353533031629,8
,,,,,,,,5.2472437535441685,5.041369329715661,8
,,,,,,,,3.5342288706415967,3.147936089832197,8
,,,,,,,,5.680841394022353,5.096433649886,8
,,,,,,,,8.277272082541085,7.375558938653602,8
,,,,,,,,4.635299014527433,7.138450627018638,8
,,,,,,,,4.359421824746115,6.744779851208354,8
,,,,,,,,4.900482071165651,7.516850094637701,8
,,,,,,,,4.635299014527433,7.138450627018638,8
,,,,,,,,1.2585880585346376,2.4105453042184624,8
,,,,,,,,2.0585855853500785,3.4311705352387243,8
,,,,,,,,6.077768809044982,9.436279757857466,8
,,,,,,,,6.546508044561329,9.732493866891064,8
,,,,,,,,3.1134098835476185,5.032920526479949,8
,,,,,,,,4.635299014527433,7.138450627018638,8
,,,,,,,,4.939269504606162,7.560404205995387,8
,,,,,,,,3.1134098835476185,5.032920526479949,8
,,,,,,,,4.635299014527433,7.138450627018638,8
,,,,,,,,4.67942744521056,7.244904592754699,8
,,,,,,,,4.498001450617128,6.85390912555417,8
,,,,,,,,4.635299014527433,7.138450627018638,8
,,,,,,,,2.2110962081962553,3.905921827747316,8
,,,,,,,,3.846548259934821,6.042237894836122,8
,,,,,,,,6.026526204263394,9.365411374722978,8
,,,,,,,,9.413891903296722,12.817037112034724,8
,,,,,,,,3.1814329847114067,4.780528691480275,8
,,,,,,,,3.327080455999442,5.537648598814261,8
,,,,,,,,4.700442210965235,7.209900111157058,8
,,,,,,,,7.230717460465542,9.973813507347732,8
,,,,,,,,10.024235574589097,15.13219380204228,8
,,,,,,,,2.762237314053177,2.35014124415132,8
,,,,,,,,3.4561827421102294,2.883312434918951,8
,,,,,,,,3.3091664765478015,2.7774329204489616,8
,,,,,,,,2.762237314053177,2.35014124415132,8
,,,,,,,,13.52926304999793,10.535052955451734,8
,,,,,,,,9.729623165607874,7.519051754517521,8
,,,,,,,,5.496615035350795,4.2607098669552785,8
,,,,,,,,2.9958475490886793,2.628592260852489,8
,,,,,,,,6.46111412360513,5.3278094699539915,8
,,,,,,,,2.762237314053177,2.35014124415132,8
,,,,,,,,2.8959958408669424,2.472248456528928,8
,,,,,,,,6.46111412360513,5.3278094699539915,8
,,,,,,,,2.762237314053177,2.35014124415132,8
,,,,,,,,3.0575581780510843,2.595982918324077,8
,,,,,,,,5.358680650978897,4.60725347076748,8
,,,,,,,,2.762237314053177,2.35014124415132,8
,,,,,,,,5.961641408880658,4.595223242926405,8
,,,,,,,,6.1090894927116395,5.115944053848774,8
,,,,,,,,3.7729735584344324,3.2867006750745076,8
,,,,,,,,4.250632643625145,3.643250609197611,8
,,,,,,,,10.548617843986591,8.890804461567447,8
,,,,,,,,5.669845887628233,5.625164276831525,8
,,,,,,,,4.198126804941721,3.501291352016975,8
,,,,,,,,5.812168904194745,5.011631360216459,8
,,,,,,,,7.341625782163959,6.077751974661746,8
,,,,,,,,170.2686024244587,334.86287963970005,8
,,,,,,,,80.5303929235858,146.69141618425732,8
,,,,,,,,89.73820950087284,188.17146345544262,8
,,,,,,,,170.2686024244587,334.86287963970005,8
,,,,,,,,6.722547832196534,15.11437146746962,8
,,,,,,,,10.629338430045602,24.0967884401241,8
,,,,,,,,38.95244297584982,71.86136579942206,8
,,,,,,,,100.37574792092607,193.34583379895497,8
,,,,,,,,13.5885252654406,30.444520133729227,8
,,,,,,,,170.2686024244587,334.86287963970005,8
,,,,,,,,156.68007715901803,304.4183595059707,8
,,,,,,,,13.5885252654406,30.444520133729227,8
,,,,,,,,170.2686024244587,334.86287963970005,8
,,,,,,,,131.51093265207814,255.9279087636333,8
,,,,,,,,35.81821931922127,76.32533551747525,8
,,,,,,,,170.2686024244587,334.86287963970005,8
,,,,,,,,29.01044698806019,71.79631582893192,8
,,,,,,,,26.255394697128153,47.998657904233056,8
,,,,,,,,74.18083812471379,139.36014525897983,8
,,,,,,,,40.82192261455651,75.70776064755523,8
,,,,,,,,8.856489895067197,19.378032173102987,8
,,,,,,,,44.54437219390736,88.20481576148498,8
,,,,,,,,66.33725040351268,126.15973631026888,8
,,,,,,,,38.358865487104545,76.58867811906558,8
,,,,,,,,12.171624444866826,24.531617275777556,8
,,,,,,,,7.747790007752688,5.947441761348729,8
,,,,,,,,9.362396283493597,6.937187808921698,8
,,,,,,,,9.373987295256093,7.297324555113901,8
,,,,,,,,7.747790007752688,5.947441761348729,8
,,,,,,,,34.73701580585255,24.88041945949222,8
,,,,,,,,22.70524185216814,15.425450489688192,8
,,,,,,,,14.88984023241072,11.211736298473788,8
,,,,,,,,8.845215573710712,6.874977904080618,8
,,,,,,,,19.524328767892012,12.904168996057521,8
,,,,,,,,7.747790007752688,5.947441761348729,8
,,,,,,,,8.112100374321983,6.24184008809499,8
,,,,,,,,19.524328767892012,12.904168996057521,8
,,,,,,,,7.747790007752688,5.947441761348729,8
,,,,,,,,8.220031847380858,6.465495220655288,8
,,,,,,,,18.107128576199997,12.367131576318462,8
,,,,,,,,7.747790007752688,5.947441761348729,8
,,,,,,,,17.257449790382758,11.086447655069609,8
,,,,,,,,15.19226241135056,12.192309330803731,8
,,,,,,,,10.005577452710982,7.994433174027783,8
,,,,,,,,14.375537328715641,10.74543033008918,8
,,,,,,,,29.717260182644694,21.946056708275755,8
,,,,,,,,15.471264227318752,13.985021034953046,8
,,,,,,,,12.39015348701424,8.70623469059888,8
,,,,,,,,16.707716587464976,12.42624408501681,8
,,,,,,,,25.521072845488867,18.577702158234533,8
,,,,,,,,100.0,100.0,8
,,,,,,,,47.29609086872838,43.80641304347972,8
,,,,,,,,52.703909131271644,56.19358695652028,8
,,,,,,,,100.0,100.0,8
,,,,,,,,3.9482016863203317,4.513600158886563,8
,,,,,,,,6.242688480843916,7.196016610157373,8
,,,,,,,,22.877055676269777,21.459937833880605,8
,,,,,,,,58.95141352643615,57.73880759999075,8
,,,,,,,,7.980640630129848,9.091637797084703,8
,,,,,,,,100.0,100.0,8
,,,,,,,,92.01935936987017,90.9083622029153,8
,,,,,,,,7.980640630129848,9.091637797084703,8
,,,,,,,,100.0,100.0,8
,,,,,,,,77.23733605579119,76.42767363136885,8
,,,,,,,,21.03630311707785,22.793011754422725,8
,,,,,,,,100.0,100.0,8
,,,,,,,,17.038048456955508,21.440511980958313,8
,,,,,,,,15.419986024009702,14.333824625732724,8
,,,,,,,,43.566950728702245,41.61707783464268,8
,,,,,,,,23.975014790332573,22.608585558666274,8
,,,,,,,,5.201481523286991,5.786855859912877,8
,,,,,,,,26.16123675160248,26.340577330156783,8
,,,,,,,,38.96035408697495,37.67504372118285,8
,,,,,,,,22.528443260185252,22.871653675520008,8
,,,,,,,,7.148484377950356,7.325869413227484,8
,,,,,,,,0.0,0.0,8
,,,,,,,,5.559903946930202,4.47814872669731,8
,,,,,,,,4.989415901587937,3.4909968097182107,8
,,,,,,,,0.0,0.0,8
,,,,,,,,32.01948313676641,23.40709660699016,8
,,,,,,,,20.895999892753377,14.199254365854486,8
,,,,,,,,12.562985076208545,9.354845714765387,8
,,,,,,,,5.000101460825148,3.5492057081294,8
,,,,,,,,18.890318926201964,12.322413174016017,8
,,,,,,,,0.0,0.0,8
,,,,,,,,1.638316630010363,1.2323499692373274,8
,,,,,,,,18.890318926201964,12.322413174016017,8
,,,,,,,,0.0,0.0,8
,,,,,,,,4.398066981031937,3.1813386214808523,8
,,,,,,,,15.324254860712855,10.379953452630534,8
,,,,,,,,0.0,0.0,8
,,,,,,,,14.417479523303525,8.372407574169461,8
,,,,,,,,13.931113703147272,11.070662246513796,8
,,,,,,,,6.79656338140231,5.629421191427729,8
,,,,,,,,11.908309813016666,9.2166729409197,8
,,,,,,,,29.317702262721856,21.62763053253472,8
,,,,,,,,13.123439456382998,11.393234642944659,8
,,,,,,,,9.62547028197104,7.563494449091007,8
,,,,,,,,14.66104070864373,10.742964276363331,8
,,,,,,,,24.6680178697389,18.086618476338113,8
,,,,,,,,0.5646919424609064,1.1099110754281598,8
,,,,,,,,0.5449249479917305,0.9920468367121636,8
,,,,,,,,0.5836926870242463,1.2232031151780245,8
,,,,,,,,0.5646919424609064,1.1099110754281598,8
,,,,,,,,0.17203966140984078,0.386635922118838,8
,,,,,,,,0.27212137394378344,0.6177667355732656,8
,,,,,,,,0.8295329048537476,1.5313952608079395,8
,,,,,,,,0.7951623744795634,1.530716435054857,8
,,,,,,,,0.27069816161140403,0.6044411116517155,8
,,,,,,,,0.5646919424609064,1.1099110754281598,8
,,,,,,,,0.6234120107140952,1.2112085397703463,8
,,,,,,,,0.27069816161140403,0.6044411116517155,8
,,,,,,,,0.5646919424609064,1.1099110754281598,8
,,,,,,,,0.5780333921818345,1.1229801000406654,8
,,,,,,,,0.49967702498157945,1.0658551397176645,8
,,,,,,,,0.5646919424609064,1.1099110754281598,8
,,,,,,,,0.2422912546425078,0.5979549322759203,8
,,,,,,,,0.5145913065286762,0.9483651056581683,8
,,,,,,,,0.8535534461577303,1.6012533049099755,8
,,,,,,,,0.9307134551028734,1.7210713006103242,8
,,,,,,,,0.20938368959286574,0.48951872045269235,8
,,,,,,,,0.46448693107705297,0.936549954639519,8
,,,,,,,,0.6086956371295402,1.1302705670372226,8
,,,,,,,,0.953196839558273,1.846671266769949,8
,,,,,,,,0.8685140161490009,1.6632119013503197,8
,,,,,,,,7.747790007752695,5.947441761348729,8
,,,,,,,,9.3623962834936,6.937187808921698,8
,,,,,,,,9.373987295256093,7.297324555113898,8
,,,,,,,,7.747790007752695,5.947441761348729,8
,,,,,,,,34.73701580585256,24.880419459492238,8
,,,,,,,,22.705241852168143,15.425450489688188,8
,,,,,,,,14.88984023241072,11.211736298473785,8
,,,,,,,,8.84521557371071,6.874977904080614,8
,,,,,,,,19.524328767892023,12.904168996057521,8
,,,,,,,,7.747790007752695,5.947441761348729,8
,,,,,,,,8.112100374321985,6.24184008809499,8
,,,,,,,,19.524328767892023,12.904168996057521,8
,,,,,,,,7.747790007752695,5.947441761348729,8
,,,,,,,,8.199752062959945,6.455933324599276,8
,,,,,,,,18.017828474886198,12.226211915933643,8
,,,,,,,,7.747790007752695,5.947441761348729,8
,,,,,,,,17.25085221241589,11.06735922815773,8
,,,,,,,,15.187617745063944,12.113066883227596,8
,,,,,,,,9.973202876784585,8.003637135821005,8
,,,,,,,,14.152967394173036,10.606060959062054,8
,,,,,,,,29.787876664999118,21.822754014193578,8
,,,,,,,,15.53167768480993,13.856955231478056,8
,,,,,,,,12.32177795261669,8.622535971487293,8
,,,,,,,,16.36527262202356,12.083250674569486,8
,,,,,,,,25.124654643989246,18.340789959198716,8
,,,,,,,,582.289039682478,969.528181386216,8
,,,,,,,,106.74064912693325,204.96465427608555,8
,,,,,,,,414.9426525531296,702.4669595828075,8
,,,,,,,,6.838460199089753,7.2096958479366045,8
,,,,,,,,53.3600928551185,54.477088307634446,8
,,,,,,,,4.120803999567817,3.5029133229402403,8
,,,,,,,,9.737190910931659,7.844343742578172,8
,,,,,,,,4.616976315921696,3.7665082896564646,8
,,,,,,,,60.308881225916,56.274361573176,8
,,,,,,,,14.121803428111626,13.083972932454655,8
,,,,,,,,100.0,100.0,8
,,,,,,,,18.331213856461893,21.140659777731305,8
,,,,,,,,71.2605981351457,72.45451685359275,8
,,,,,,,,1.1744099120977392,0.743629322628693,8
,,,,,,,,9.16384977539948,5.6189277788443395,8
,,,,,,,,0.0,0.0,8
,,,,,,,,8.279354403917672,6.329857809872164,8
,,,,,,,,2.5839093802404545,2.042626839921721,8
,,,,,,,,60.22086847551959,56.33618916768681,8
,,,,,,,,13.482836670119514,12.716274449538991,8
,,,,,,,,1.9311483397996165,3.2135244958118863,8
,,,,,,,,4.120803999567818,3.5029133229402403,8
,,,,,,,,650.8002263745864,913.7772824055982,8
,,,,,,,,61.175109125847825,104.91776413657817,8
,,,,,,,,578.1688943950746,796.5673307460478,8
,,,,,,,,4.133529127926987,1.4080060427847318,8
,,,,,,,,7.322693725736817,10.884181480187488,8
,,,,,,,,4.050377886582599,3.7858516681022554,8
,,,,,,,,12.143126448482086,9.918996499283999,8
,,,,,,,,4.232634443350259,4.032404981138258,8
,,,,,,,,45.14452651557102,59.51472099182854,8
,,,,,,,,26.32481025188414,29.407401322816856,8
,,,,,,,,100.0,100.0,8
,,,,,,,,9.399982766852451,11.481765431985028,8
,,,,,,,,88.83968858091539,87.17302849213046,8
,,,,,,,,0.6351456192561031,0.15408634794225057,8
,,,,,,,,1.1251830329760883,1.1911197279422325,8
,,,,,,,,0.0,0.0,8
,,,,,,,,11.51640368756915,9.21382617072211,8
,,,,,,,,1.2557969594859422,1.284884106899273,8
,,,,,,,,44.45296422424457,59.51662664817472,8
,,,,,,,,26.149673963982472,29.338102767724667,8
,,,,,,,,2.1583641302776804,3.028736799097806,8
,,,,,,,,4.0503778865825995,3.7858516681022554,8
,,,,,,,,372.1440544266101,512.678710960939,8
,,,,,,,,45.34248149507047,68.61774795826601,8
,,,,,,,,307.87933130366565,432.5271476947995,8
,,,,,,,,4.007048701317775,3.110061651907106,8
,,,,,,,,14.915192926556468,8.192737907932234,8
,,,,,,,,5.372656921037147,4.733605226661713,8
,,,,,,,,15.418984271543144,11.373363634479075,8
,,,,,,,,5.889014572867982,5.236457484196268,8
,,,,,,,,57.422053391262295,45.376197744653716,8
,,,,,,,,23.95550145271,29.655296536198843,8
,,,,,,,,100.0,100.0,8
,,,,,,,,12.184120895047743,13.384161754961967,8
,,,,,,,,82.7312240089494,84.36612218285649,8
,,,,,,,,1.0767466666884493,0.606629763517538,8
,,,,,,,,4.007908429314397,1.5980257679465912,8
,,,,,,,,0.0,0.0,8
,,,,,,,,14.292425176722992,10.706694381225198,8
,,,,,,,,2.4019683243811105,1.7894320263623622,8
,,,,,,,,56.89197675708271,45.46931377176036,8
,,,,,,,,23.84259237187097,29.59348617383053,8
,,,,,,,,1.2342072817721847,1.6992859287480035,8
,,,,,,,,5.372656921037145,4.733605226661713,8
,,,,,,,,7768.260161993846,7384.899556047866,8
,,,,,,,,3395.018433519839,3196.886335997061,8
,,,,,,,,4373.241728474009,4188.013220050804,8
,,,,,,,,7768.260161993846,7384.899556047866,8
,,,,,,,,362.61734849591653,316.8109649363651,8
,,,,,,,,425.3658964180353,386.5359292328925,8
,,,,,,,,563.1140665384297,517.8955114446206,8
,,,,,,,,3330.4971147192896,3140.213792849259,8
,,,,,,,,3086.6657358221773,3023.443357584728,8
,,,,,,,,7768.260161993846,7384.899556047866,8
,,,,,,,,4681.59442617167,4361.456198463138,8
,,,,,,,,3086.6657358221773,3023.443357584728,8
,,,,,,,,7768.260161993846,7384.899556047866,8
,,,,,,,,5896.696917357692,5605.153964034767,8
,,,,,,,,1813.0875843123224,1726.811712224457,8
,,,,,,,,7768.260161993846,7384.899556047866,8
,,,,,,,,3390.9747440956944,3273.0631728040617,8
,,,,,,,,1361.5717312016118,1262.533992213994,8
,,,,,,,,2000.7190558709037,1874.0519843179432,8
,,,,,,,,1014.9946308256389,975.2504067118688,8
,,,,,,,,0.8867679997205523,0.9116088177180693,8
,,,,,,,,1.195593271999857,1.2295619891128728,8
,,,,,,,,1.0434708491710558,1.0764342840085355,8
,,,,,,,,0.8867679997205523,0.9116088177180693,8
,,,,,,,,6.499725808140528,5.9573258620616585,8
,,,,,,,,4.219522268175732,4.6025321317092605,8
,,,,,,,,3.6494591422605716,4.1058959145479985,8
,,,,,,,,1.3216778081038512,1.3165148084247509,8
,,,,,,,,0.909769824404783,0.8920281585792453,8
,,,,,,,,0.8867679997205523,0.9116088177180693,8
,,,,,,,,1.286933785186052,1.348473279698181,8
,,,,,,,,0.909769824404783,0.8920281585792453,8
,,,,,,,,0.8867679997205523,0.9116088177180693,8
,,,,,,,,1.0678023172814584,1.0897669912613461,8
,,,,,,,,2.386091051405158,2.4891604489714343,8
,,,,,,,,0.8867679997205523,0.9116088177180693,8
,,,,,,,,1.6434317904915237,1.6299541812332858,8
,,,,,,,,2.2218699080135482,2.348824265635856,8
,,,,,,,,1.9306942999423087,2.004063466508134,8
,,,,,,,,3.0667901004330065,2.992416148898601,8
,,,,,,,,25.763257922811533,24.47742734877405,8
,,,,,,,,22.973068628539213,21.619949274813656,8
,,,,,,,,28.44528801830757,27.224057904964564,8
,,,,,,,,25.763257922811533,24.47742734877405,8
,,,,,,,,9.279899141481915,8.104240380035943,8
,,,,,,,,10.889779540268929,9.909579435339598,8
,,,,,,,,11.992101436853181,11.03656635240816,8
,,,,,,,,26.38372364631135,24.861031488780334,8
,,,,,,,,61.48972930278334,60.02700834327964,8
,,,,,,,,25.763257922811533,24.47742734877405,8
,,,,,,,,18.627525895366194,17.353201042098274,8
,,,,,,,,61.48972930278334,60.02700834327964,8
,,,,,,,,25.763257922811533,24.47742734877405,8
,,,,,,,,25.9179039572766,24.594724309994916,8
,,,,,,,,25.29322304065664,24.114288215316073,8
,,,,,,,,25.763257922811533,24.47742734877405,8
,,,,,,,,28.320953673900632,27.259675447583163,8
,,,,,,,,26.686057634021694,24.945347124329864,8
,,,,,,,,23.021048131877514,21.532927709608888,8
,,,,,,,,23.14122165891668,22.170454806003363,8
,,,,,,,,0.8867679997205521,0.9116088177180695,8
,,,,,,,,1.1955932719998572,1.2295619891128728,8
,,,,,,,,1.0434708491710567,1.076434284008535,8
,,,,,,,,0.8867679997205521,0.9116088177180695,8
,,,,,,,,6.499725808140525,5.957325862061656,8
,,,,,,,,4.219522268175734,4.602532131709261,8
,,,,,,,,3.64945914226057,4.1058959145479985,8
,,,,,,,,1.3216778081038516,1.3165148084247504,8
,,,,,,,,0.909769824404784,0.8920281585792447,8
,,,,,,,,0.8867679997205521,0.9116088177180695,8
,,,,,,,,1.2869337851860527,1.3484732796981824,8
,,,,,,,,0.909769824404784,0.8920281585792447,8
,,,,,,,,0.8867679997205521,0.9116088177180695,8
,,,,,,,,0.9947241119677948,1.0190581234992422,8
,,,,,,,,1.8174105341980633,1.9154844597496044,8
,,,,,,,,0.8867679997205521,0.9116088177180695,8
,,,,,,,,1.3096366207355423,1.3004543749809165,8
,,,,,,,,1.8448782554358327,2.026369703618715,8
,,,,,,,,1.6548927842573236,1.8049131512606078,8
,,,,,,,,2.238473348261696,2.201630302410661,8
,,,,,,,,50.878597153634495,89.00893438971303,8
,,,,,,,,20.43790130786634,34.63463768572565,8
,,,,,,,,30.44069584576815,54.37429670398741,8
,,,,,,,,50.878597153634495,89.00893438971303,8
,,,,,,,,41.23100630721842,69.6919986728183,8
,,,,,,,,9.647590846416069,19.31693571689476,8
,,,,,,,,50.878597153634495,89.00893438971303,8
,,,,,,,,40.97833757832794,66.9939173318275,8
,,,,,,,,8.71422388319884,21.224188176976092,8
,,,,,,,,50.878597153634495,89.00893438971303,8
,,,,,,,,6.533990607115664,23.77573684771134,8
,,,,,,,,7.433857888621899,13.853296367452286,8
,,,,,,,,23.96755961893195,35.80135602439041,8
,,,,,,,,12.943189038964979,15.578545150159027,8
,,,,,,,,12.241183634311223,9.61653973328583,8
,,,,,,,,16.515611463635768,11.935158604791502,8
,,,,,,,,16.299583994559892,13.090896808628475,8
,,,,,,,,12.241183634311223,9.61653973328583,8
,,,,,,,,13.932329583118372,11.171918988730305,8
,,,,,,,,23.3170323766313,15.691982422600995,8
,,,,,,,,12.241183634311223,9.61653973328583,8
,,,,,,,,13.912379687789722,11.60478138878708,8
,,,,,,,,25.541343724793453,16.918836832485244,8
,,,,,,,,12.241183634311223,9.61653973328583,8
,,,,,,,,27.90266892473301,14.685376696718386,8
,,,,,,,,25.619720551669158,18.6924890408662,8
,,,,,,,,16.45087250835108,18.370755298244042,8
,,,,,,,,29.331380547275877,18.34244888386095,8
,,,,,,,,0.6549548559477657,1.2052829387072592,8
,,,,,,,,0.6019967699167106,1.0833865844943664,8
,,,,,,,,0.6960670764565784,1.2983315440281202,8
,,,,,,,,0.6549548559477657,1.2052829387072592,8
,,,,,,,,0.8807043616748045,1.59790665093406,8
,,,,,,,,0.31255703312643585,0.6389051631622444,8
,,,,,,,,0.6549548559477657,1.2052829387072592,8
,,,,,,,,0.694937151300805,1.1952199308295743,8
,,,,,,,,0.4806289535375099,1.2290968393789363,8
,,,,,,,,0.6549548559477657,1.2052829387072592,8
,,,,,,,,0.1926876812778548,0.7264062925905111,8
,,,,,,,,0.5459762213233806,1.0972612581431564,8
,,,,,,,,1.1979472854322863,1.9103715544699922,8
,,,,,,,,1.2751977838972854,1.5973892492578683,8
,,,,,,,,12.178931739917829,9.517555957650275,8
,,,,,,,,16.4506291417391,11.833103026240872,8
,,,,,,,,16.187138602291366,12.95668813515764,8
,,,,,,,,12.178931739917829,9.517555957650275,8
,,,,,,,,13.8298871510775,11.050598856188898,8
,,,,,,,,23.333455003285884,15.673778615318371,8
,,,,,,,,12.178931739917829,9.517555957650275,8
,,,,,,,,13.801436042146396,11.494807189108418,8
,,,,,,,,25.468165984519597,16.828141492705306,8
,,,,,,,,12.178931739917829,9.517555957650275,8
,,,,,,,,27.848179986753607,14.64633670010228,8
,,,,,,,,25.60787894920113,18.598350940076823,8
,,,,,,,,16.270427573376576,18.057426817664656,8
,,,,,,,,28.61600440998021,18.28210635771079,8
,,,,,,,,7768.260161993846,7384.899556047866,8
,,,,,,,,1717.0612001595496,1666.1781195960612,8
,,,,,,,,4137.389731509928,4098.139339575345,8
,,,,,,,,2087.5429253982034,1862.2541697721451,8
,,,,,,,,1103.1296211452643,1010.295859946277,8
,,,,,,,,1428.397147572695,1322.5871580106825,8
,,,,,,,,480.700532933842,445.79220616647046,8
,,,,,,,,0.8867679997205523,0.9116088177180693,8
,,,,,,,,1.855546077908867,1.879426329974472,8
,,,,,,,,1.0558623867955599,1.072534273487708,8
,,,,,,,,2.2021293676310547,2.4160777909271856,8
,,,,,,,,2.2362028387526287,2.47436642236957,8
,,,,,,,,2.3607698569247546,2.429203639768875,8
,,,,,,,,3.58400772699006,3.658042547962323,8
,,,,,,,,25.763257922811533,24.47742734877405,8
,,,,,,,,5.694594368169136,5.5225874858554675,8
,,,,,,,,13.721558824920141,13.58338149196057,8
,,,,,,,,6.923288573045224,6.172486274132036,8
,,,,,,,,3.6585042672623795,3.3486499477640175,8
,,,,,,,,4.737246611431496,4.383746972714844,8
,,,,,,,,1.5942323706147457,1.4775889985061779,8
,,,,,,,,0.8867679997205521,0.9116088177180695,8
,,,,,,,,1.8555460779088662,1.8794263299744725,8
,,,,,,,,1.0558623867955599,1.072534273487708,8
,,,,,,,,2.2021293676310556,2.4160777909271856,8
,,,,,,,,2.2362028387526287,2.47436642236957,8
,,,,,,,,2.360769856924755,2.4292036397688754,8
,,,,,,,,3.584007726990058,3.658042547962323,8
,,,,,,1190.3744413203906,1047.0930191812274,1161.599653045671,998.0472015519529,8
,,,,,,505.0562230760474,457.55428677887744,498.6502012113118,421.8810858536258,8
,,,,,,685.3182182443435,589.5387324023499,662.9494518343596,576.1661156983266,8
,,,,,,1190.3744413203906,1047.0930191812274,1161.599653045671,998.0472015519529,8
,,,,,,1035.6583007088593,918.4316385129363,1003.105578257563,859.2219843715694,8
,,,,,,154.71614061153173,128.6613806682912,158.4940747881083,138.82521718038336,8
,,,,,,1190.3744413203906,1047.0930191812274,1161.599653045671,998.0472015519529,8
,,,,,,423.58055412249047,377.5395043629571,397.69894600918866,353.30948499511265,8
,,,,,,740.5877196660973,649.2585141922547,743.5724021184573,632.1781452047248,8
,,,,,,1190.3744413203906,1047.0930191812274,1161.599653045671,998.0472015519529,8
,,,,,,393.97618470118357,332.66464335879374,383.3079279634089,349.6179465865327,8
,,,,,,178.3680830615619,165.1118517598507,179.45136971080947,156.70654483799217,8
,,,,,,383.0409255002114,346.9975459889469,393.3916192758448,315.61894163016905,8
,,,,,,234.9892480574338,202.31897807363595,205.44873609560798,176.10376849725856,8
,,,,,,3.0189148340128766,3.0622844249487535,3.0292082741378215,3.2573635500868607,8
,,,,,,4.068593007460073,3.987614453694245,3.6624582969658563,4.0314407215840875,8
,,,,,,3.303793742026232,3.3786835973474405,3.4107292211471525,3.743356974835752,8
,,,,,,3.0189148340128766,3.0622844249487535,3.0292082741378215,3.2573635500868607,8
,,,,,,3.277943794935544,3.259339719567573,3.291706583574038,3.5185807676691536,8
,,,,,,5.474495551800442,6.014961714797921,5.75596287327983,5.841739355166571,8
,,,,,,3.0189148340128766,3.0622844249487535,3.0292082741378215,3.2573635500868607,8
,,,,,,4.524137581051218,4.628396515988829,4.664336775056105,4.80981333025707,8
,,,,,,3.734603297863623,3.7914814937610677,3.6657308730505287,3.9707670911961714,8
,,,,,,3.0189148340128766,3.0622844249487535,3.0292082741378215,3.2573635500868607,8
,,,,,,4.694846191995459,4.976127114970818,4.65930387859514,5.272462327312495,8
,,,,,,6.235446614629068,6.246695579647938,6.0204145631638495,6.155165485378769,8
,,,,,,4.289378333071989,4.321753523416142,4.610387498954771,4.8141840963393605,8
,,,,,,5.896020794436085,5.77790858141054,6.160074419717842,6.6355166444074145,8
,,,,,,100.0,100.0,100.0,100.0,8
,,,,,,42.42834905929495,43.6975778080023,42.92788827061624,42.27065465416918,8
,,,,,,57.57165094070508,56.30242219199771,57.07211172938376,57.729345345830794,8
,,,,,,100.0,100.0,100.0,100.0,8
,,,,,,87.00273332146507,87.71251662350899,86.35553356334582,86.09031547160177,8
,,,,,,12.997266678534954,12.287483376491021,13.64446643665421,13.90968452839822,8
,,,,,,100.0,100.0,100.0,100.0,8
,,,,,,35.5838078691143,36.05596613165975,34.23717844323015,35.40007771633647,8
,,,,,,62.214685897037626,62.00581059168374,64.01279478423034,63.34150771844204,8
,,,,,,100.0,100.0,100.0,100.0,8
,,,,,,33.09682827734241,31.770304764224317,32.99828189156134,35.03020158193725,8
,,,,,,14.984199666090948,15.76859445486129,15.448641813923974,15.701315989295415,8
,,,,,,32.17818798892672,33.13913278309135,33.86636852416292,31.62364877526685,8
,,,,,,19.740784067639957,19.32196799782305,17.686707770351777,17.64483365350046,8
,,,,,,0.0,0.0,0.0,0.0,8
,,,,,,2.3854142177673867,2.269636418692187,2.06946800657622,2.4371232332464006,8
,,,,,,1.757969164140844,1.7615159373333973,1.5565902272401888,1.7845134727420011,8
,,,,,,0.0,0.0,0.0,0.0,8
,,,,,,0.7854616648150373,0.7838497791967165,0.861877158266124,0.8801634651430759,8
,,,,,,5.2578217750195195,5.595404256633062,5.454801931146969,5.447539103136751,8
,,,,,,0.0,0.0,0.0,0.0,8
,,,,,,3.4802517870071763,3.5249126319228954,3.636366229441708,3.735416521833094,8
,,,,,,2.0761344058692606,2.09955967119876,1.947638964331377,2.0861207023152315,8
,,,,,,0.0,0.0,0.0,0.0,8
,,,,,,3.3797418778083057,3.661074705291066,3.334562223301416,3.7677331040816595,8
,,,,,,5.358599826304955,5.308286737546332,5.335093815520239,5.36445528751918,8
,,,,,,3.2518174734423324,3.2696021016958565,3.4799221534940834,3.7232742705665234,8
,,,,,,5.183590514427581,5.106385456621559,5.4893017333151715,5.974980110349114,8
,,,,,,7.280430678282282,6.397456172038936,7.089705325158059,6.085178356202506,8
,,,,,,6.236189742746271,5.643935306081813,6.144631003274482,5.193397624712697,8
,,,,,,8.305342196868146,7.136991111517269,8.017192830539528,6.960319324917164,8
,,,,,,7.280430678282282,6.397456172038936,7.089705325158059,6.085178356202506,8
,,,,,,7.194159337691541,6.3755774267416,6.958716389018335,5.956749533559832,8
,,,,,,7.9158571596002805,6.558105880125022,8.048571250957652,7.02223424206442,8
,,,,,,7.280430678282282,6.397456172038936,7.089705325158059,6.085178356202506,8
,,,,,,7.023533914465024,6.177953053485996,6.515781726795156,5.782201384416971,8
,,,,,,7.332735034545517,6.463836999068679,7.380878222523222,6.265368879749198,8
,,,,,,7.280430678282282,6.397456172038936,7.089705325158059,6.085178356202506,8
,,,,,,5.901264068918303,4.951304926318228,5.671044055623507,5.162105388866739,8
,,,,,,6.868284375988189,6.345959456469811,7.103204406229218,6.117241728420767,8
,,,,,,8.23447438711978,7.555807493879267,8.464652266737966,6.868588491700907,8
,,,,,,9.688112851443321,8.243436948465101,8.380629689120731,7.124868290443874,8
,,,,,,3.0189148340128766,3.062284424948754,3.0292082741378206,3.2573635500868607,8
,,,,,,4.068593007460073,3.9876144536942477,3.6624582969658572,4.031440721584088,8
,,,,,,3.3037937420262327,3.378683597347439,3.410729221147154,3.7433569748357507,8
,,,,,,3.0189148340128766,3.062284424948754,3.0292082741378206,3.2573635500868607,8
,,,,,,3.277943794935545,3.2593397195675737,3.2917065835740376,3.518580767669154,8
,,,,,,5.474495551800441,6.01496171479792,5.755962873279827,5.8417393551665695,8
,,,,,,3.0189148340128766,3.062284424948754,3.0292082741378206,3.2573635500868607,8
,,,,,,4.405340956542892,4.612328184244305,4.602004089274069,4.778758078339784,8
,,,,,,3.6109122735629495,3.697199637926364,3.54375753294234,3.873945372863516,8
,,,,,,3.0189148340128766,3.062284424948754,3.0292082741378206,3.2573635500868607,8
,,,,,,4.545467881861951,4.836657259552756,4.550960695140324,5.180640734326626,8
,,,,,,5.965301445329155,6.044081482549448,5.850167346054821,6.017464712008418,8
,,,,,,4.185249177915835,4.234823889626951,4.383627492256562,4.67968507420407,8
,,,,,,5.511626124182271,5.79856806362026,5.717191430364339,6.385417718246892,8
,,,,,,53.43811285624822,117.12905390274139,196.8301011761352,160.92710992238239,8
,,,,,,21.73399902751118,45.196838709843874,78.74645915587665,66.68028327878568,8
,,,,,,31.704113828737036,71.93221519289747,118.08364202025857,94.24682664359666,8
,,,,,,53.43811285624822,117.12905390274139,196.8301011761352,160.92710992238239,8
,,,,,,46.13449612656385,107.57169819300171,179.12287566496352,150.6496571953017,8
,,,,,,7.303616729684366,9.557355709739657,17.7072255111717,10.277452727080671,8
,,,,,,53.43811285624822,117.12905390274139,196.8301011761352,160.92710992238239,8
,,,,,,18.669776000073938,40.9441796599467,69.04564174747885,52.65083098026136,8
,,,,,,33.94664446348069,76.18487424279468,126.10601802411954,104.1608759230946,8
,,,,,,53.43811285624822,117.12905390274139,196.8301011761352,160.92710992238239,8
,,,,,,15.193381925775329,23.091759443170346,40.954361388917135,38.35011254642373,8
,,,,,,9.405476097114565,23.47830034290253,28.92835008621146,27.875744518906874,8
,,,,,,21.029560748888112,50.44226310573878,82.78031943675948,65.57109906745012,8
,,,,,,7.809694084470199,20.116731010929723,44.16707026424715,29.130153789601604,8
,,,,,,10.295994385096591,8.798982316294406,6.819101489614532,7.60240459843446,8
,,,,,,16.190428342822894,12.044759467202573,9.418372954230994,10.27994759433472,8
,,,,,,12.300298666849805,10.044627106388562,7.822346275922033,8.581863759442735,8
,,,,,,10.295994385096591,8.798982316294406,6.819101489614532,7.60240459843446,8
,,,,,,11.525452637395546,9.065750375538638,7.073912872377999,7.78338832286309,8
,,,,,,20.938099923533198,21.73208549386334,16.451620690915327,19.386939962436156,8
,,,,,,10.295994385096591,8.798982316294406,6.819101489614532,7.60240459843446,8
,,,,,,16.498078084868485,12.677032696738463,10.475780728712873,12.720050336544025,8
,,,,,,13.031525449129056,10.77644195588497,8.709730457843994,8.863610876393931,8
,,,,,,10.295994385096591,8.798982316294406,6.819101489614532,7.60240459843446,8
,,,,,,19.201126377287384,17.23721387286604,13.403815511912514,14.520811552335683,8
,,,,,,22.956599400690582,18.614554827110087,15.673579630756487,14.833380148341227,8
,,,,,,16.05448516563255,11.686167379060022,9.298440867551776,10.177090426910052,8
,,,,,,23.982735849812595,15.537804117158723,12.609883522035162,16.25117341758431,8
,,,,,,100.0,100.0,100.0,100.0,8
,,,,,,42.42834905929495,43.6975778080023,42.92788827061624,42.27065465416918,8
,,,,,,57.57165094070508,56.30242219199771,57.07211172938376,57.729345345830794,8
,,,,,,100.0,100.0,100.0,100.0,8
,,,,,,87.00273332146507,87.71251662350899,86.35553356334582,86.09031547160177,8
,,,,,,12.997266678534954,12.287483376491021,13.64446643665421,13.90968452839822,8
,,,,,,100.0,100.0,100.0,100.0,8
,,,,,,35.5838078691143,36.05596613165975,34.23717844323015,35.40007771633647,8
,,,,,,62.214685897037626,62.00581059168374,64.01279478423034,63.34150771844204,8
,,,,,,100.0,100.0,100.0,100.0,8
,,,,,,33.09682827734241,31.770304764224317,32.99828189156134,35.03020158193725,8
,,,,,,14.984199666090948,15.76859445486129,15.448641813923974,15.701315989295415,8
,,,,,,32.17818798892672,33.13913278309135,33.86636852416292,31.62364877526685,8
,,,,,,19.740784067639957,19.32196799782305,17.686707770351777,17.64483365350046,8
,,,,,,0.0,0.0,0.0,0.0,8
,,,,,,2.3854142177673867,2.269636418692187,2.06946800657622,2.4371232332464006,8
,,,,,,1.757969164140844,1.7615159373333973,1.5565902272401888,1.7845134727420011,8
,,,,,,0.0,0.0,0.0,0.0,8
,,,,,,0.7854616648150373,0.7838497791967165,0.861877158266124,0.8801634651430759,8
,,,,,,5.2578217750195195,5.595404256633062,5.454801931146969,5.447539103136751,8
,,,,,,0.0,0.0,0.0,0.0,8
,,,,,,3.4802517870071763,3.5249126319228954,3.636366229441708,3.735416521833094,8
,,,,,,2.0761344058692606,2.09955967119876,1.947638964331377,2.0861207023152315,8
,,,,,,0.0,0.0,0.0,0.0,8
,,,,,,3.3797418778083057,3.661074705291066,3.334562223301416,3.7677331040816595,8
,,,,,,5.358599826304955,5.308286737546332,5.335093815520239,5.36445528751918,8
,,,,,,3.2518174734423324,3.2696021016958565,3.4799221534940834,3.7232742705665234,8
,,,,,,5.183590514427581,5.106385456621559,5.4893017333151715,5.974980110349114,8
,,,,,,21.30621518377755,48.73412061997318,98.27842449361137,66.3496900239914,8
,,,,,,8.169058793124954,22.095657622055352,48.09840863118496,26.679125050444775,8
,,,,,,13.1371563906526,26.63846299791785,50.18001586242638,39.6705649735466,8
,,,,,,21.30621518377755,48.73412061997318,98.27842449361137,66.3496900239914,8
,,,,,,19.22048602549444,43.42359205351573,89.19069819485097,58.685892654916636,8
,,,,,,2.0857291582831086,5.310528566457441,9.087726298760407,7.663797369074739,8
,,,,,,21.30621518377755,48.73412061997318,98.27842449361137,66.3496900239914,8
,,,,,,6.578307267076258,15.697330035116813,35.05764108982462,25.700653842927462,8
,,,,,,14.141800597595145,33.036790584856384,62.65048979926875,38.118808038093256,8
,,,,,,19.732289795010498,12.932473773994236,10.513863545977424,11.816474663984106,8
,,,,,,29.11948950386919,17.92884380700924,12.497576896751452,14.814377225667721,8
,,,,,,21.37880547533968,15.568794926765875,12.106723100981455,13.593636839471454,8
,,,,,,19.732289795010498,12.932473773994236,10.513863545977424,11.816474663984106,8
,,,,,,21.119477451774276,13.72583793763986,10.904697666689794,12.711024141676258,8
,,,,,,39.87499847834893,28.39779006255285,22.921086783023217,22.35680478578089,8
,,,,,,19.732289795010498,12.932473773994236,10.513863545977424,11.816474663984106,8
,,,,,,41.80857220898393,20.478960323248746,15.531086812601384,17.973888248928052,8
,,,,,,21.402317686947033,15.939742513145314,13.40143863244568,13.426940786244607,8
,,,,,,100.0,100.0,100.0,100.0,8
,,,,,,38.34120101886907,45.33919426669548,48.94096428490429,40.209871426374235,8
,,,,,,61.65879898113095,54.66080573330451,51.0590357150957,59.7901285736258,8
,,,,,,100.0,100.0,100.0,100.0,8
,,,,,,90.21070077302528,89.10305859857668,90.75308100879134,88.44938481806986,8
,,,,,,9.789299226974732,10.896941401423323,9.246918991208657,11.550615181930144,8
,,,,,,100.0,100.0,100.0,100.0,8
,,,,,,30.875062559609134,32.210143192126075,35.671757326658785,38.735152844925686,8
,,,,,,66.3740625710128,67.78985680787387,63.747959048062874,57.451373208088675,8
,,,,,,0.0,0.0,0.0,0.0,8
,,,,,,18.704956130160564,11.567170975792127,6.519277155895558,9.374545103660372,8
,,,,,,11.631275582501772,9.594556921578247,6.24883932846672,6.304539934794636,8
,,,,,,0.0,0.0,0.0,0.0,8
,,,,,,4.278080610205561,3.2898013330883553,2.163920116154249,2.822682229538525,8
,,,,,,39.42352162928031,26.90033378738364,21.237605496988436,21.614823349855612,8
,,,,,,0.0,0.0,0.0,0.0,8
,,,,,,31.668042630626843,17.1697753604494,12.691504108494955,11.880079539209106,8
,,,,,,15.04530787431879,8.158166265258682,7.118181400498368,8.046740578435298,8
,,,,,,26.271935418368038,39.27292617093075,82.34423553990275,54.58780389382955,8
,,,,,,11.320369566816211,19.4520449041476,36.245080225912695,26.269428090211296,8
,,,,,,14.95156585155183,19.820881266783157,46.099155313990046,28.31837580361826,8
,,,,,,26.271935418368038,39.27292617093075,82.34423553990275,54.58780389382955,8
,,,,,,23.882532094040215,35.56896738685764,77.02866288733183,48.81773780432228,8
,,,,,,2.389403324327822,3.7039587840731096,5.315572652570918,5.770066089507278,8
,,,,,,26.271935418368038,39.27292617093075,82.34423553990275,54.58780389382955,8
,,,,,,8.596103165110316,11.382733721915537,28.189985113210465,21.97294625879236,8
,,,,,,17.089724934151572,27.89019244901521,53.96640003206304,30.77023308052317,8
,,,,,,17.91230705562228,13.954538094470475,13.234571872521295,13.766152080585059,8
,,,,,,27.72531145163743,18.86326020820765,17.340592680093035,16.457948523326685,8
,,,,,,20.33282624667429,17.92734548240074,13.061160414111045,15.066988514794469,8
,,,,,,17.91230705562228,13.954538094470475,13.234571872521295,13.766152080585059,8
,,,,,,19.398491327975677,14.649141425450368,13.83844565150989,14.662533491084456,8
,,,,,,37.00074617879757,34.02327485416991,28.016620828387467,25.886498528087344,8
,,,,,,17.91230705562228,13.954538094470475,13.234571872521295,13.766152080585059,8
,,,,,,35.94794704108453,24.002317087944867,16.54479926568535,23.093891228281574,8
,,,,,,20.096811111204463,16.526679927220968,16.397722585794344,14.945778979977547,8
,,,,,,100.0,100.0,100.0,100.0,8
,,,,,,43.08921054556783,49.53041904615122,44.01653617677812,48.12325504302018,8
,,,,,,56.91078945443218,50.469580953848784,55.98346382322183,51.876744956979834,8
,,,,,,100.0,100.0,100.0,100.0,8
,,,,,,90.90511115272739,90.56867123179954,93.5446936659032,89.42975229278363,8
,,,,,,9.094888847272628,9.431328768200434,6.455306334096784,10.570247707216355,8
,,,,,,100.0,100.0,100.0,100.0,8
,,,,,,32.71971793558972,28.98366592897494,34.23431516289932,40.25248259030277,8
,,,,,,65.04935651677677,71.01633407102507,65.5375566707541,56.36832934398621,8
,,,,,,0.0,0.0,0.0,0.0,8
,,,,,,18.012602895503008,12.1012544355361,8.187552935879841,7.948621225577206,8
,,,,,,13.637991074776556,11.876068551555726,6.437395891390926,7.373506699312475,8
,,,,,,0.0,0.0,0.0,0.0,8
,,,,,,3.8185174680451373,3.3660494695158505,1.9420884535443546,2.9492528887451925,8
,,,,,,38.16679463601904,32.32403781558805,28.143059377260922,24.952201934605103,8
,,,,,,0.0,0.0,0.0,0.0,8
,,,,,,27.200931975878966,20.1808688150151,13.46295457734673,14.976782452367674,8
,,,,,,13.921996354890895,8.236352489074957,7.041545259889112,10.573035217664785,8
,,,,,,73.12829643427777,141.3514373542122,243.30650470586838,189.04214095176187,8
,,,,,,30.042788335029798,56.035653297502556,104.10749644513727,78.76411379036377,8
,,,,,,43.08550809924798,85.31578405670963,139.1990082607311,110.2780271613981,8
,,,,,,73.12829643427777,141.3514373542122,243.30650470586838,189.04214095176187,8
,,,,,,64.68131676144998,129.1421595600685,221.81040995762098,175.3233177040664,8
,,,,,,8.446979672827792,12.209277794143675,21.496094748247423,13.71882324769546,8
,,,,,,73.12829643427777,141.3514373542122,243.30650470586838,189.04214095176187,8
,,,,,,25.869052525129284,48.60829374855121,87.10909955009863,63.923439973890595,8
,,,,,,45.85144419734875,92.743143605661,154.13652054134425,120.19705840955857,8
,,,,,,73.12829643427777,141.3514373542122,243.30650470586838,189.04214095176187,8
,,,,,,19.649915299414705,31.423044603560133,54.76038576213092,47.90089723211685,8
,,,,,,15.63421731373928,29.852873192146397,37.32137306205424,31.875553913840996,8
,,,,,,27.680726574357802,57.339889655151865,100.44966400612203,75.48178569069789,8
,,,,,,10.163437246765984,22.735629903353807,50.775081875561185,33.7839041151061,8
,,,,,,9.460974128727754,8.038208193644701,6.627765246692335,7.077514734016751,8
,,,,,,14.438451668228305,10.657954609613974,8.721539119371334,9.417567181573238,8
,,,,,,11.139465020224401,9.331653495445341,7.265637703741295,8.012777279166077,8
,,,,,,9.460974128727754,8.038208193644701,6.627765246692335,7.077514734016751,8
,,,,,,10.384876171760078,8.284015406138938,6.851949683988362,7.347845711003921,8
,,,,,,19.25704571331786,18.906130723000736,17.125972350602982,16.603191175213695,8
,,,,,,9.460974128727754,8.038208193644701,6.627765246692335,7.077514734016751,8
,,,,,,16.37466269227582,11.591566864444701,9.445963826531862,11.484138672156915,8
,,,,,,11.642455122562435,9.889115369228964,8.422430172364303,8.21371615670749,8
,,,,,,9.460974128727754,8.038208193644701,6.627765246692335,7.077514734016751,8
,,,,,,16.580462396162797,15.416400304487846,11.987837056844551,12.962521842657585,8
,,,,,,21.335219669822,16.282726325180068,13.690676797582224,13.710578764200996,8
,,,,,,14.066267986882638,10.825986426953147,8.715748423194313,9.548985129182725,8
,,,,,,21.169569817975532,14.641355085447238,11.841962500224575,14.80091791549035,8
,,,,,,100.0,100.0,100.0,100.0,8
,,,,,,41.08230302073289,39.642789876329985,42.78862029233134,41.664844353652406,8
,,,,,,58.91769697926714,60.35721012366998,57.21137970766866,58.3351556463476,8
,,,,,,100.0,100.0,100.0,100.0,8
,,,,,,88.44909551473101,91.36246647174269,91.16501436152151,92.74298144391197,8
,,,,,,11.550904485268989,8.637533528257288,8.834985638478472,7.257018556088039,8
,,,,,,100.0,100.0,100.0,100.0,8
,,,,,,35.37488740542241,34.38825572515673,35.802207448339395,33.814386386050316,8
,,,,,,62.70000319036093,65.61174427484326,63.350760279787345,63.58215041599081,8
,,,,,,100.0,100.0,100.0,100.0,8
,,,,,,26.870467736212866,22.230438679457645,22.50674959484967,25.338740341678523,8
,,,,,,21.379162480272115,21.119610632142464,15.339241795928062,16.861612841115004,8
,,,,,,37.85227869930646,40.56548042837653,41.28523572666295,39.9285499575244,8
,,,,,,13.898091084208586,16.084470260023352,20.868772882559323,17.871096859682094,8
,,,,,,0.0,0.0,0.0,0.0,8
,,,,,,9.96516875866342,7.085803130801003,5.016551278453481,5.834736513051648,8
,,,,,,6.948541840327098,4.653975954883075,3.7518988167660514,4.1673564759930555,8
,,,,,,0.0,0.0,0.0,0.0,8
,,,,,,2.5222279077642478,1.654630599646233,1.549886750805202,1.2505709545097479,8
,,,,,,19.313533187662316,17.501655095027896,15.992719589776442,15.982001138896603,8
,,,,,,0.0,0.0,0.0,0.0,8
,,,,,,12.773455363317751,9.343660020067539,7.65046742997289,8.519719310773988,8
,,,,,,7.32210024817179,4.8971746404584255,4.343623852819659,4.570753376629916,8
,,,,,,0.0,0.0,0.0,0.0,8
,,,,,,13.903567221967549,12.292688829869382,9.4044099919659,10.526824873259303,8
,,,,,,17.28082080000453,14.06467978961046,11.429081145481922,12.05842964209161,8
,,,,,,11.577050583758695,7.489125353029888,6.136214145548643,6.902824939593122,8
,,,,,,19.405289872588792,13.221413493421124,10.338858899441203,12.543165725651964,8
,,,,,,0.3268320141321201,0.7156269549013992,1.201332501091044,0.9811862251636475,8
,,,,,,0.26836089847330613,0.5575033194717935,0.9703554378437723,0.8208408397701085,8
,,,,,,0.3842208004781784,0.8708156941130104,1.4280113296561703,1.1385397213171256,8
,,,,,,0.3268320141321201,0.7156269549013992,1.201332501091044,0.9811862251636475,8
,,,,,,0.3204714488083999,0.7467422309906651,1.2426062794935684,1.0444126099559743,8
,,,,,,0.373680383650542,0.4871558998739799,0.8991999629889852,0.5198672253293064,8
,,,,,,0.3268320141321201,0.7156269549013992,1.201332501091044,0.9811862251636475,8
,,,,,,0.3095699357201019,0.6699993426633997,1.131223341996669,0.8616743130713925,8
,,,,,,0.33611379523664625,0.7584753963721612,1.2517586176027347,1.0323139378452164,8
,,,,,,0.3268320141321201,0.7156269549013992,1.201332501091044,0.9811862251636475,8
,,,,,,0.2275776108445099,0.34369249804828245,0.6059201252123505,0.5662390176830977,8
,,,,,,0.36216952841415295,0.9023721828254027,1.145067792619591,1.0881655757144346,8
,,,,,,0.45208584208844055,1.0983709654093954,1.7811935593633628,1.4269767654522076,8
,,,,,,0.3219772744968496,0.8196512520811371,1.8016555729297763,1.178558021797909,8
,,,,,,10.295994385096588,8.798982316294408,6.819101489614532,7.602404598434462,8
,,,,,,16.190428342822898,12.04475946720257,9.418372954230994,10.279947594334716,8
,,,,,,12.300298666849804,10.044627106388562,7.822346275922035,8.581863759442736,8
,,,,,,10.295994385096588,8.798982316294408,6.819101489614532,7.602404598434462,8
,,,,,,11.525452637395547,9.065750375538634,7.073912872378002,7.783388322863089,8
,,,,,,20.938099923533198,21.732085493863337,16.451620690915323,19.386939962436152,8
,,,,,,10.295994385096588,8.798982316294408,6.819101489614532,7.602404598434462,8
,,,,,,16.48838636247576,12.698392279317677,10.495491855282474,12.713680848512022,8
,,,,,,12.998479682642033,10.692986949473415,8.684789606726937,8.828388762972473,8
,,,,,,10.295994385096588,8.798982316294408,6.819101489614532,7.602404598434462,8
,,,,,,19.237763886347555,17.175717475198233,13.326086439339024,14.487138217653875,8
,,,,,,22.83267274978819,18.430110142191236,15.638233096205598,14.75711133566965,8
,,,,,,15.961027491825252,11.714994322137322,9.12001939003274,10.037176201883833,8
,,,,,,24.02318216258735,15.725830965649074,12.550945808566713,16.299105367901696,8
,,,,,,0.1303106125917799,0.2977523439063027,0.5998323670755312,0.4045396821381905,8
,,,,,,0.10086758330251551,0.2725500902682635,0.5926939810019267,0.32842265110331487,8
,,,,,,0.1592086368251799,0.3224868243446789,0.6068379154631559,0.4792364432627122,8
,,,,,,0.1303106125917799,0.2977523439063027,0.5998323670755312,0.4045396821381905,8
,,,,,,0.13351434437462412,0.3014383016385292,0.6187312549438689,0.40685314162951275,8
,,,,,,0.1067137147121405,0.2706873534028506,0.46148862487484404,0.3876599756327586,8
,,,,,,0.1303106125917799,0.2977523439063027,0.5998323670755312,0.4045396821381905,8
,,,,,,0.10907716074407162,0.256866809701577,0.5743740069966004,0.42061241642876424,8
,,,,,,0.14002132892548652,0.32890508887442155,0.6218838064355293,0.3777865391687351,8
,,,,,,19.7322897950105,12.932473773994232,10.513863545977422,11.816474663984113,8
,,,,,,29.11948950386919,17.928843807009237,12.497576896751456,14.814377225667712,8
,,,,,,21.378805475339682,15.568794926765875,12.106723100981455,13.593636839471454,8
,,,,,,19.7322897950105,12.932473773994232,10.513863545977422,11.816474663984113,8
,,,,,,21.119477451774273,13.725837937639849,10.904697666689795,12.711024141676255,8
,,,,,,39.87499847834892,28.397790062552847,22.921086783023213,22.3568047857809,8
,,,,,,19.7322897950105,12.932473773994232,10.513863545977422,11.816474663984113,8
,,,,,,41.75590941174712,20.478728618888663,15.474448544894598,17.92760291006053,8
,,,,,,21.356859725523424,15.89537002105971,13.384127907939627,13.41282908976982,8
,,,,,,0.1606813771854639,0.2399469954662791,0.5025796656125248,0.33282646577318936,8
,,,,,,0.13977844317353658,0.2399411090274931,0.4466310113408249,0.32337924126230855,8
,,,,,,0.18119738753519002,0.23995277264823636,0.5574871756128876,0.34209741424536055,8
,,,,,,0.1606813771854639,0.2399469954662791,0.5025796656125248,0.33282646577318936,8
,,,,,,0.16589906261018553,0.2469129939070186,0.5343611185866746,0.33843994006744244,8
,,,,,,0.12225082229489985,0.1887975533559397,0.2699328999589135,0.2918688441168759,8
,,,,,,0.1606813771854639,0.2399469954662791,0.5025796656125248,0.33282646577318936,8
,,,,,,0.142534924053509,0.18626393726130538,0.4618563657823734,0.3596054045338364,8
,,,,,,0.16920942844137196,0.27766699076310875,0.5356834460367382,0.3049565414870629,8
,,,,,,17.912307055622275,13.954538094470475,13.234571872521295,13.766152080585062,8
,,,,,,27.72531145163743,18.86326020820766,17.340592680093035,16.45794852332668,8
,,,,,,20.332826246674294,17.927345482400735,13.061160414111045,15.066988514794469,8
,,,,,,17.912307055622275,13.954538094470475,13.234571872521295,13.766152080585062,8
,,,,,,19.398491327975666,14.649141425450368,13.838445651509886,14.662533491084462,8
,,,,,,37.00074617879756,34.02327485416991,28.016620828387467,25.886498528087348,8
,,,,,,17.912307055622275,13.954538094470475,13.234571872521295,13.766152080585062,8
,,,,,,35.856411965248064,23.985674823528825,16.486589902678006,23.08687237606088,8
,,,,,,20.10220210334833,16.48441721068689,16.400245980329217,14.944999176432077,8
,,,,,,0.447258840856899,0.8636191902371652,1.4849965024834317,1.1526059516434235,8
,,,,,,0.37095380652343735,0.6912001727086311,1.282867526727406,0.969593980834209,8
,,,,,,0.5221514312094419,1.0328379782675599,1.6833640754332793,1.3322030967317575,8
,,,,,,0.447258840856899,0.8636191902371652,1.4849965024834317,1.1526059516434235,8
,,,,,,0.44930620324780374,0.8964802635337762,1.538737066648682,1.215468307319554,8
,,,,,,0.4321791136714027,0.6223292185887974,1.0916045311467184,0.6939430193407924,8
,,,,,,0.447258840856899,0.8636191902371652,1.4849965024834317,1.1526059516434235,8
,,,,,,0.42894359992923825,0.795412806655342,1.4271696839573698,1.0461598649660886,8
,,,,,,0.45398604692229455,0.9233249159528124,1.529996116743816,1.191244770020905,8
,,,,,,0.447258840856899,0.8636191902371652,1.4849965024834317,1.1526059516434235,8
,,,,,,0.29433083423982825,0.4676934524049171,0.8101803732836643,0.7072562554287,8
,,,,,,0.6020149382314006,1.147374467170514,1.4772879249020276,1.2443032849703943,8
,,,,,,0.5950701839385811,1.2485655099370851,2.1613868584380813,1.6426559250542907,8
,,,,,,0.4190171585261871,0.9263576426514055,2.0712084519022786,1.3668410915400875,8
,,,,,,9.460974128727754,8.0382081936447,6.627765246692335,7.077514734016753,8
,,,,,,14.43845166822831,10.657954609613974,8.721539119371332,9.417567181573244,8
,,,,,,11.139465020224403,9.331653495445343,7.265637703741295,8.012777279166079,8
,,,,,,9.460974128727754,8.0382081936447,6.627765246692335,7.077514734016753,8
,,,,,,10.38487617176008,8.284015406138936,6.851949683988362,7.347845711003923,8
,,,,,,19.257045713317865,18.90613072300074,17.12597235060299,16.60319117521369,8
,,,,,,9.460974128727754,8.0382081936447,6.627765246692335,7.077514734016753,8
,,,,,,16.319369349229806,11.613440222702582,9.412341566621867,11.458682917327732,8
,,,,,,11.619478884262994,9.808960007120717,8.413200992804741,8.184970752220288,8
,,,,,,9.460974128727754,8.0382081936447,6.627765246692335,7.077514734016753,8
,,,,,,16.60520214919528,15.326255813409531,11.95016927112547,12.916054436779065,8
,,,,,,21.221513304567694,16.120280627395562,13.637631629707956,13.640101156416437,8
,,,,,,13.973397261702338,10.847036541404895,8.54582857068525,9.39956727356784,8
,,,,,,21.24608246826322,14.801845542651806,11.755855996093175,14.869542972341995,8
,,,,,,1190.3744413203906,1047.0930191812274,1161.599653045671,998.0472015519529,8
,,,,,,199.0359158253961,246.43071780480565,364.11282483628383,307.0711509389812,8
,,,,,,991.3385254949947,800.6623013764217,796.8942849813594,688.8052220131091,8
,,,,,,505.0562230760474,457.55428677887744,498.6502012113118,421.8810858536258,8
,,,,,,80.2230991732833,102.89227778791816,159.33242997297256,131.55405649945874,8
,,,,,,424.83312390276404,354.6620089909591,338.89258288254695,288.93737702314525,8
,,,,,,685.3182182443435,589.5387324023499,662.9494518343596,576.1661156983266,8
,,,,,,118.81281665211276,143.53844001688748,204.78039486331133,175.51709443952237,8
,,,,,,566.5054015922303,446.0002923854625,458.00170209881236,399.86784498996377,8
,,,,,,1190.3744413203906,1047.0930191812274,1161.599653045671,998.0472015519529,8
,,,,,,199.0359158253961,246.43071780480565,364.11282483628383,307.0711509389812,8
,,,,,,991.3385254949947,800.6623013764217,796.8942849813594,688.8052220131091,8
,,,,,,423.58055412249047,377.5395043629571,397.69894600918866,353.30948499511265,8
,,,,,,66.26434769989842,84.77015149362549,128.02444477944195,107.01258196230485,8
,,,,,,357.31620642259213,292.7693528693316,269.6745012297467,245.46263619601916,8
,,,,,,740.5877196660973,649.2585141922547,743.5724021184573,632.1781452047248,8
,,,,,,128.63672297171925,159.48783527029292,230.81334149392322,195.98850993385366,8
,,,,,,611.9509966943781,489.7706789219619,512.166517396506,434.85307350779726,8
,,,,,,1190.3744413203906,1047.0930191812274,1161.599653045671,998.0472015519529,8
,,,,,,199.0359158253961,246.43071780480565,364.11282483628383,307.0711509389812,8
,,,,,,991.3385254949947,800.6623013764217,796.8942849813594,688.8052220131091,8
,,,,,,1035.6583007088593,918.4316385129363,1003.105578257563,859.2219843715694,8
,,,,,,170.89388355843377,221.5522313848394,319.2978358950736,266.57147048530965,8
,,,,,,864.7644171504251,696.8794071280967,683.2151991344614,590.4796852863971,8
,,,,,,154.71614061153173,128.6613806682912,158.4940747881083,138.82521718038336,8
,,,,,,28.142032266962328,24.878486419966265,44.81498894121026,40.499680453671445,8
,,,,,,126.57410834456942,103.782894248325,113.67908584689803,98.3255367267119,8
,,,,,,3.0189148340128766,3.0622844249487535,3.0292082741378215,3.2573635500868607,8
,,,,,,6.12526107845995,5.891247827146698,5.679756463395239,5.323965456744836,8
,,,,,,3.250603892933538,3.4084216141238404,3.5442565689605727,3.7965162894902496,8
,,,,,,4.068593007460073,3.987614453694245,3.6624582969658563,4.0314407215840875,8
,,,,,,9.065604589848402,7.991255804211055,7.071936632070311,7.0015359503405845,8
,,,,,,4.366155605759191,4.536784928617308,4.34778697981565,4.945496875511921,8
,,,,,,3.303793742026232,3.3786835973474405,3.4107292211471525,3.743356974835752,8
,,,,,,7.2849881590215455,6.615373717188317,6.411606436192686,6.407382119317566,8
,,,,,,3.5917914398204576,3.877981767363322,3.968727112200618,4.34875400427257,8
,,,,,,3.0189148340128766,3.0622844249487535,3.0292082741378215,3.2573635500868607,8
,,,,,,6.12526107845995,5.891247827146698,5.679756463395239,5.323965456744836,8
,,,,,,3.250603892933538,3.4084216141238404,3.5442565689605727,3.7965162894902496,8
,,,,,,4.524137581051218,4.628396515988829,4.664336775056105,4.80981333025707,8
,,,,,,11.290025555610814,8.789204253786318,7.939805003479872,8.6480470881716,8
,,,,,,4.7267135623261884,5.163608146795695,5.407085063972512,5.5771256277403625,8
,,,,,,3.734603297863623,3.7914814937610677,3.6657308730505287,3.9707670911961714,8
,,,,,,7.091337316317878,7.05546682775603,7.033756874792653,6.3696299259854126,8
,,,,,,4.063740023546604,4.325825826581074,4.292285926066362,4.649484529560697,8
,,,,,,3.0189148340128766,3.0622844249487535,3.0292082741378215,3.2573635500868607,8
,,,,,,6.12526107845995,5.891247827146698,5.679756463395239,5.323965456744836,8
,,,,,,3.250603892933538,3.4084216141238404,3.5442565689605727,3.7965162894902496,8
,,,,,,3.277943794935544,3.259339719567573,3.291706583574038,3.5185807676691536,8
,,,,,,6.744782019228859,6.16122608621471,6.015156323889015,5.85650984997566,8
,,,,,,3.5132846243440032,3.666415640532012,3.8796032967605707,4.08791247885989,8
,,,,,,5.474495551800442,6.014961714797921,5.75596287327983,5.841739355166571,8
,,,,,,12.22619857725952,13.202890348588008,10.776215562247549,10.083509806627784,8
,,,,,,6.148160993128069,6.620410481934397,6.492393172303033,7.3043544341217626,8
,,,,,,100.0,100.0,100.0,100.0,8
,,,,,,16.720446013997144,23.53474937666012,31.361808360801025,30.834264099340537,8
,,,,,,83.27955398600287,76.46525062333987,68.63819163919901,69.16573590065941,8
,,,,,,100.0,100.0,100.0,100.0,8
,,,,,,15.883993802647181,22.48744701142818,31.980014222846222,31.285787536117997,8
,,,,,,84.11600619735282,77.51255298857181,68.01998577715379,68.71421246388199,8
,,,,,,100.0,100.0,100.0,100.0,8
,,,,,,17.336882850785564,24.34758432783089,30.89709209134145,30.50429067774238,8
,,,,,,82.66311714921439,75.65241567216908,69.10290790865857,69.49570932225765,8
,,,,,,100.0,100.0,100.0,100.0,8
,,,,,,16.720446013997144,23.53474937666012,31.361808360801025,30.834264099340537,8
,,,,,,83.27955398600287,76.46525062333987,68.63819163919901,69.16573590065941,8
,,,,,,100.0,100.0,100.0,100.0,8
,,,,,,15.643859722780423,22.453319590134768,32.191295970013456,30.36031370416436,8
,,,,,,84.35614027721958,77.54668040986526,67.80870402998649,69.63968629583567,8
,,,,,,100.0,100.0,100.0,100.0,8
,,,,,,17.36954577503886,24.564612058836445,31.065894819628276,31.06778549134459,8
,,,,,,82.63045422496113,75.43538794116361,68.93410518037176,68.93221450865539,8
,,,,,,100.0,100.0,100.0,100.0,8
,,,,,,16.720446013997144,23.53474937666012,31.361808360801025,30.834264099340537,8
,,,,,,83.27955398600287,76.46525062333987,68.63819163919901,69.16573590065941,8
,,,,,,100.0,100.0,100.0,100.0,8
,,,,,,18.85903080550895,23.74017993194397,30.600410063618583,24.526682142427934,8
,,,,,,81.14096919449105,76.25982006805603,69.39958993638142,75.47331785757208,8
,,,,,,100.0,100.0,100.0,100.0,8
,,,,,,16.073416815295907,21.049308332369968,21.2704643900287,19.492584216830714,8
,,,,,,83.9265831847041,78.95069166763,78.72953560997132,80.5074157831693,8
,,,,,,0.0,0.0,0.0,0.0,8
,,,,,,5.447999512905254,4.993240523899079,4.573549306834663,4.265480932296631,8
,,,,,,1.0938216810710273,1.5368374961093545,2.0897225504366004,1.9015624407732454,8
,,,,,,0.0,0.0,0.0,0.0,8
,,,,,,8.147819193005807,7.048542358319744,5.727950133698433,5.9170774463623,8
,,,,,,1.5385883783301513,2.044878109148225,2.6930309474565544,2.6940631520582548,8
,,,,,,0.0,0.0,0.0,0.0,8
,,,,,,6.532593350405769,5.743587207999757,5.169214674428394,5.148110971412257,8
,,,,,,1.3700766379686655,1.8484865638265395,2.3112442973722622,2.259700275667789,8
,,,,,,0.0,0.0,0.0,0.0,8
,,,,,,5.447999512905254,4.993240523899079,4.573549306834663,4.265480932296631,8
,,,,,,1.0938216810710273,1.5368374961093545,2.0897225504366004,1.9015624407732454,8
,,,,,,0.0,0.0,0.0,0.0,8
,,,,,,9.938949948201351,7.571578040321612,6.219262322832945,6.976177874560347,8
,,,,,,1.843179859467635,2.1923190089173654,2.952513501230361,3.0413541472309564,8
,,,,,,0.0,0.0,0.0,0.0,8
,,,,,,6.333819116420793,6.062607969627517,5.695349633727519,5.099866211972867,8
,,,,,,1.3314166321047947,1.9742141838637544,2.566670477834341,2.298512395655512,8
,,,,,,0.0,0.0,0.0,0.0,8
,,,,,,5.447999512905254,4.993240523899079,4.573549306834663,4.265480932296631,8
,,,,,,1.0938216810710273,1.5368374961093545,2.0897225504366004,1.9015624407732454,8
,,,,,,0.0,0.0,0.0,0.0,8
,,,,,,16.048755908755187,16.47559566986355,15.718362311400181,17.410185123270296,8
,,,,,,3.7301006517168487,5.128960510783543,6.930708563239278,5.657815088573538,8
,,,,,,0.0,0.0,0.0,0.0,8
,,,,,,16.689096097849735,14.87241246098294,15.940676656951922,16.115963212393677,8
,,,,,,3.196255437456637,3.9651836978872743,4.306714024891491,3.902022777616012,8
,,,,,,73.12829643427777,141.3514373542122,243.30650470586838,189.04214095176187,8
,,,,,,33.964639408359815,84.44982890901866,171.24778582985493,120.99281378445994,8
,,,,,,39.16365702591796,56.901608445193546,72.0587188760135,65.8784985674395,8
,,,,,,30.042788335029798,56.035653297502556,104.10749644513727,78.76411379036377,8
,,,,,,12.290168643129496,31.488248323015362,73.0653388801824,51.648906793932575,8
,,,,,,17.752619691900296,24.547404974487197,31.042157564954916,25.725554665409362,8
,,,,,,43.08550809924798,85.31578405670963,139.1990082607311,110.2780271613981,8
,,,,,,21.674470765230314,52.96158058600329,98.18244694967255,69.34390699052736,8
,,,,,,21.411037334017667,32.35420347070634,41.01656131105855,40.15294390203013,8
,,,,,,73.12829643427777,141.3514373542122,243.30650470586838,189.04214095176187,8
,,,,,,33.964639408359815,84.44982890901866,171.24778582985493,120.99281378445994,8
,,,,,,39.16365702591796,56.901608445193546,72.0587188760135,65.8784985674395,8
,,,,,,25.869052525129284,48.60829374855121,87.10909955009863,63.923439973890595,8
,,,,,,10.021019226367835,25.562204805635886,58.43184720736745,42.36912245220678,8
,,,,,,15.848033298761452,23.046088942915333,28.677252342731197,20.7200506848952,8
,,,,,,45.85144419734875,92.743143605661,154.13652054134425,120.19705840955857,8
,,,,,,23.14112986793523,58.887624103382784,111.51782678030173,76.78066495877216,8
,,,,,,22.710314329413517,33.85551950227821,42.61869376104251,42.079831687712584,8
,,,,,,73.12829643427777,141.3514373542122,243.30650470586838,189.04214095176187,8
,,,,,,33.964639408359815,84.44982890901866,171.24778582985493,120.99281378445994,8
,,,,,,39.16365702591796,56.901608445193546,72.0587188760135,65.8784985674395,8
,,,,,,64.68131676144998,129.1421595600685,221.81040995762098,175.3233177040664,8
,,,,,,29.46946734777363,77.29724817564905,155.7113878155165,110.13603243184654,8
,,,,,,35.21184941367635,51.844911384419476,66.09902214210449,63.016456672357435,8
,,,,,,8.446979672827792,12.209277794143675,21.496094748247423,13.71882324769546,8
,,,,,,4.4951720605861825,7.152580733369612,15.53639801433842,10.856781352613389,8
,,,,,,3.9518076122416095,5.056697060774064,5.959696733908999,2.8620418950820694,8
,,,,,,9.460974128727754,8.038208193644701,6.627765246692335,7.077514734016751,8
,,,,,,13.512380168021942,9.674109981373833,8.26564256000352,8.70378251479369,8
,,,,,,13.284415567345171,12.100562827459644,10.303990162804824,11.35245085262746,8
,,,,,,14.438451668228305,10.657954609613974,8.721539119371334,9.417567181573238,8
,,,,,,22.35077959027309,14.235645186181953,11.07295805156301,11.77421828437123,8
,,,,,,19.339748470319986,15.681300511153855,14.175386485527886,15.207246880566345,8
,,,,,,11.139465020224401,9.331653495445341,7.265637703741295,8.012777279166077,8
,,,,,,16.070277664161363,10.788045867687108,8.79270726833867,9.6138281168892,8
,,,,,,15.258026857197665,14.678792776774491,11.986444494752055,14.028282037651648,8
,,,,,,9.460974128727754,8.038208193644701,6.627765246692335,7.077514734016751,8
,,,,,,13.512380168021942,9.674109981373833,8.26564256000352,8.70378251479369,8
,,,,,,13.284415567345171,12.100562827459644,10.303990162804824,11.35245085262746,8
,,,,,,16.37466269227582,11.591566864444701,9.445963826531862,11.484138672156915,8
,,,,,,23.014617684034878,15.361644604089722,11.739561186958342,15.035959331403358,8
,,,,,,22.029615385545753,17.1064057816914,14.167568564199723,16.03703228321316,8
,,,,,,11.642455122562435,9.889115369228964,8.422430172364303,8.21371615670749,8
,,,,,,16.235853210865294,11.348046691835743,10.496140176344685,9.912129068846392,8
,,,,,,16.991738406015028,15.23335672824318,12.895076465086566,14.164922766000169,8
,,,,,,9.460974128727754,8.038208193644701,6.627765246692335,7.077514734016751,8
,,,,,,13.512380168021942,9.674109981373833,8.26564256000352,8.70378251479369,8
,,,,,,13.284415567345171,12.100562827459644,10.303990162804824,11.35245085262746,8
,,,,,,10.384876171760078,8.284015406138938,6.851949683988362,7.347845711003921,8
,,,,,,14.818162922491387,9.946601725149186,8.570199649365929,9.19744323307589,8
,,,,,,14.486345136316967,12.525698328052174,10.547398950907741,11.740037241034264,8
,,,,,,19.25704571331786,18.906130723000736,17.125972350602982,16.603191175213695,8
,,,,,,26.874868841162037,24.597767006041575,21.55996208610426,18.787919894457726,8
,,,,,,27.478513313200338,29.826149226341954,25.29768370562312,35.581039202697276,8
,,,,,,100.0,100.0,100.0,100.0,8
,,,,,,46.445276403894745,59.74458448370499,70.38356250971393,64.74659607281883,8
,,,,,,53.554723596105255,40.255415516295,29.616437490286092,35.25340392718116,8
,,,,,,100.0,100.0,100.0,100.0,8
,,,,,,40.90888137969271,56.193238536613535,70.18259143200744,66.7518788755287,8
,,,,,,59.09111862030729,43.80676146338647,29.81740856799256,33.24812112447128,8
,,,,,,100.0,100.0,100.0,100.0,8
,,,,,,50.305710020415475,62.07711875542231,70.53386958459416,63.32959023503815,8
,,,,,,49.69428997958452,37.9228812445777,29.46613041540583,36.67040976496186,8
,,,,,,100.0,100.0,100.0,100.0,8
,,,,,,46.445276403894745,59.74458448370499,70.38356250971393,64.74659607281883,8
,,,,,,53.554723596105255,40.255415516295,29.616437490286092,35.25340392718116,8
,,,,,,100.0,100.0,100.0,100.0,8
,,,,,,38.73748068907195,52.5881548895095,67.07892460047967,67.15751743985057,8
,,,,,,61.262519310928056,47.41184511049049,32.92107539952032,32.84248256014944,8
,,,,,,100.0,100.0,100.0,100.0,8
,,,,,,50.469794949824745,63.495393636611986,72.35003514328663,64.59729441240133,8
,,,,,,49.53020505017524,36.50460636338802,27.649964856713392,35.40270558759869,8
,,,,,,100.0,100.0,100.0,100.0,8
,,,,,,46.445276403894745,59.74458448370499,70.38356250971393,64.74659607281883,8
,,,,,,53.554723596105255,40.255415516295,29.616437490286092,35.25340392718116,8
,,,,,,100.0,100.0,100.0,100.0,8
,,,,,,45.56101950808988,59.85438716447621,70.20021641241576,63.606381289480716,8
,,,,,,54.43898049191015,40.145612835523785,29.799783587584262,36.39361871051926,8
,,,,,,100.0,100.0,100.0,100.0,8
,,,,,,53.21632387782621,58.583159904842454,72.2754444297614,79.1378470047506,8
,,,,,,46.7836761221738,41.41684009515754,27.724555570238607,20.862152995249403,8
,,,,,,0.0,0.0,0.0,0.0,8
,,,,,,10.175909648701747,5.818456514397593,3.8706060260109942,4.915957820872486,8
,,,,,,8.825046691668174,8.635391346251959,9.198508134935999,9.028675244992034,8
,,,,,,0.0,0.0,0.0,0.0,8
,,,,,,17.70078792717705,9.17605882998469,5.449585188304262,6.293618412488054,8
,,,,,,12.2542854247327,11.770613609277927,12.826936649190726,12.635626909154574,8
,,,,,,0.0,0.0,0.0,0.0,8
,,,,,,10.956447497673299,6.39185274878349,4.291094054391207,6.2002149863538145,8
,,,,,,11.091251548181754,10.46301834489801,10.271707351482185,10.70773620943033,8
,,,,,,0.0,0.0,0.0,0.0,8
,,,,,,10.175909648701747,5.818456514397593,3.8706060260109942,4.915957820872486,8
,,,,,,8.825046691668174,8.635391346251959,9.198508134935999,9.028675244992034,8
,,,,,,0.0,0.0,0.0,0.0,8
,,,,,,19.251964088239095,10.762350834789645,5.831877823284258,7.069549235193214,8
,,,,,,12.173390769482069,11.93735808754532,11.882846718700879,14.456074542624652,8
,,,,,,0.0,0.0,0.0,0.0,8
,,,,,,11.742261007513005,6.283937331700634,4.5741314266021025,6.047750248392825,8
,,,,,,11.965012151598334,10.930156881908133,11.968860401076505,11.034984384497236,8
,,,,,,0.0,0.0,0.0,0.0,8
,,,,,,10.175909648701747,5.818456514397593,3.8706060260109942,4.915957820872486,8
,,,,,,8.825046691668174,8.635391346251959,9.198508134935999,9.028675244992034,8
,,,,,,0.0,0.0,0.0,0.0,8
,,,,,,11.27738038334676,5.994637583449568,4.003794946102008,5.346922040079184,8
,,,,,,9.438254408937102,8.93759824518143,9.431856136176807,9.344999866916286,8
,,,,,,0.0,0.0,0.0,0.0,8
,,,,,,17.956609181887398,16.073918447016496,9.188341330608866,8.402140087822927,8
,,,,,,20.425601602477634,22.73618490728517,23.953186609598212,31.87241877355734,8
,,,,,,142.80461893698097,188.4522015313542,261.8103908246977,225.0888766985945,8
,,,,,,90.96498050968508,111.36776298557784,152.9019649675457,131.29868602976163,8
,,,,,,44.56826774345852,53.820239039087134,86.67752894835864,76.38618141907749,8
,,,,,,31.78818644795139,60.44757811252775,66.80632776285135,58.30574118638849,8
,,,,,,67.9673237759449,102.4695665522817,142.12480401923523,120.74134014493451,8
,,,,,,49.80504438482274,61.36680790435495,104.80656910035074,83.4187170962908,8
,,,,,,30.02259870850559,36.07490785340785,73.63161091710542,61.71096155220611,8
,,,,,,25.109633831378343,29.398896287472375,64.43724934002356,46.53450639900203,8
,,,,,,56.61176230286762,86.73473323467361,125.53178550378307,100.42110128142608,8
,,,,,,61.904656074126294,80.65301232366839,107.44375408373791,91.2631389525867,8
,,,,,,35.98306718977327,44.38176232616381,63.733450420404814,52.209095433666874,8
,,,,,,20.25811616369521,26.343029946034306,36.597055639558675,34.5101736985446,8
,,,,,,16.198239421087877,24.298706213609147,22.760858127865582,22.471404886792758,8
,,,,,,32.745799347337375,45.896191766266135,56.979736822193786,50.36544511517996,8
,,,,,,18.49722904505146,26.122862192821902,54.2387291337422,40.01187131223711,8
,,,,,,9.536737669979017,16.73752703349274,40.19469689811798,30.19066907577465,8
,,,,,,6.442613666266444,13.282411531251437,36.20753938654512,22.967678314726047,8
,,,,,,22.354795110892223,35.14655730041636,55.90842545571516,43.09599534331316,8
,,,,,,80.89996286285472,107.7991892076858,154.3666367409598,133.8257377460078,8
,,,,,,54.98191331991178,66.986000659414,89.16851454714089,79.08959059609472,8
,,,,,,24.310151579763314,27.477209093052846,50.08047330879994,41.87600772053295,8
,,,,,,15.589947026863507,36.1488718989186,44.04546963498577,35.83433629959575,8
,,,,,,35.22152442860751,56.573374786015556,85.14506719704146,70.3758950297546,8
,,,,,,31.3078153397713,35.243945711533044,50.56783996660853,43.40684578405371,8
,,,,,,20.485861038526576,19.337380819915115,33.436914018987416,31.520292476431464,8
,,,,,,18.6670201651119,16.11648475622095,28.22970995347844,23.566828084275997,8
,,,,,,34.256967191975406,51.58817593425726,69.62336004806792,57.32510593811293,8
,,,,,,142.80461893698097,188.4522015313542,261.8103908246977,225.0888766985945,8
,,,,,,90.96498050968508,111.36776298557784,152.9019649675457,131.29868602976163,8
,,,,,,44.56826774345852,53.820239039087134,86.67752894835864,76.38618141907749,8
,,,,,,31.78818644795139,60.44757811252775,66.80632776285135,58.30574118638849,8
,,,,,,67.9673237759449,102.4695665522817,142.12480401923523,120.74134014493451,8
,,,,,,49.80504438482274,61.36680790435495,104.80656910035074,83.4187170962908,8
,,,,,,30.02259870850559,36.07490785340785,73.63161091710542,61.71096155220611,8
,,,,,,25.109633831378343,29.398896287472375,64.43724934002356,46.53450639900203,8
,,,,,,56.61176230286762,86.73473323467361,125.53178550378307,100.42110128142608,8
,,,,,,42.310883616381766,62.8311959917176,76.05372311590841,72.55687191492257,8
,,,,,,24.930263191881025,38.608922828362644,45.387023841275756,40.64095701335914,8
,,,,,,14.371155586115828,16.357130612660367,20.971122704935212,23.99144653642341,8
,,,,,,10.077992504735905,16.04507144907031,20.29714682326434,20.40992248470869,8
,,,,,,21.440258877205416,29.38584356461168,40.27469815751931,39.197280921035826,8
,,,,,,20.396955152338922,21.40632933270785,47.148720155490096,37.78888490570325,8
,,,,,,12.289861919556479,12.200641939322036,35.92589386229014,32.556798089051256,8
,,,,,,10.37760606929985,9.659653869898504,32.305993768549754,25.042403096897925,8
,,,,,,20.16954059757366,24.698638177458133,50.38455119111175,41.68124117094905,8
,,,,,,97.4280664472588,124.40778602019336,181.2320597467094,150.67354008226056,8
,,,,,,64.07105498107606,71.54562063777196,105.58881790501711,89.96423494067665,8
,,,,,,29.394621843285954,37.2025261787363,63.48789740108762,51.229764256968586,8
,,,,,,20.602392223759292,44.40250666345745,45.10049299738128,37.89581870167981,8
,,,,,,44.81243244431946,72.82314073997956,98.22290907717446,80.3790885982132,8
,,,,,,28.33891295204588,39.000967050203066,56.90741834402177,43.418237849176315,8
,,,,,,16.663560508511157,22.91475439264178,36.9552864539764,27.361677254829313,8
,,,,,,13.66285148164054,18.77973089612984,31.380824970634944,19.699617093778574,8
,,,,,,34.265243705399826,61.07658353577146,72.98811576962675,56.94737390215147,8
,,,,,,142.80461893698097,188.4522015313542,261.8103908246977,225.0888766985945,8
,,,,,,90.96498050968508,111.36776298557784,152.9019649675457,131.29868602976163,8
,,,,,,44.56826774345852,53.820239039087134,86.67752894835864,76.38618141907749,8
,,,,,,31.78818644795139,60.44757811252775,66.80632776285135,58.30574118638849,8
,,,,,,67.9673237759449,102.4695665522817,142.12480401923523,120.74134014493451,8
,,,,,,49.80504438482274,61.36680790435495,104.80656910035074,83.4187170962908,8
,,,,,,30.02259870850559,36.07490785340785,73.63161091710542,61.71096155220611,8
,,,,,,25.109633831378343,29.398896287472375,64.43724934002356,46.53450639900203,8
,,,,,,56.61176230286762,86.73473323467361,125.53178550378307,100.42110128142608,8
,,,,,,122.15123682119119,168.1667159306229,229.8736178220369,200.7457941620049,8
,,,,,,78.29065503419652,99.2528852322609,133.03238715577734,118.77535634871965,8
,,,,,,37.83992507096163,47.87455520678996,77.55289863590018,70.42047081321905,8
,,,,,,25.90741977361967,53.59452447801178,58.849822887223425,49.74242819324374,8
,,,,,,56.38054667179978,91.20824919996814,127.16215959154005,107.70577708173631,8
,,,,,,40.19803096275841,56.02530067704519,91.39675656632679,66.87044470462527,8
,,,,,,24.214811916873305,33.79914851606024,66.157212709338,49.550067586131306,8
,,,,,,20.442171397351018,27.123136950124767,57.65223057564049,37.521677499464126,8
,,,,,,46.34959117097066,77.60592026281003,110.79026186377206,83.13940859354416,8
,,,,,,20.653382115789835,20.28548560073124,31.93677300266087,24.343082536589566,8
,,,,,,12.674325475488553,12.114877753316938,19.869577811768384,12.523329681041961,8
,,,,,,6.7283426724968995,5.945683832297175,9.124630312458452,5.965710605858441,8
,,,,,,5.880766674331729,6.853053634515982,7.956504875627912,8.563312993144763,8
,,,,,,11.586777104145105,11.261317352313554,14.962644427695174,13.035563063198227,8
,,,,,,9.607013422064338,5.341507227309768,13.409812534023938,16.54827239166556,8
,,,,,,5.807786791632283,2.275759337347609,7.474398207767402,12.160893966074797,8
,,,,,,4.66746243402733,2.275759337347609,6.785018764383078,9.012828899537908,8
,,,,,,10.26217113189696,9.128812971863592,14.74152364001099,17.281692687881907,8
,,,,,,6.901211419695201,6.962717163837609,6.478075011636321,6.4083779561662935,8
,,,,,,8.437076043879149,8.909709050314115,8.588110187515863,8.535510737212082,8
,,,,,,12.52557895708198,12.421809447539687,10.952333968770182,11.435427846651736,8
,,,,,,14.99366651513951,11.251005688840898,12.458642289306884,14.03161792645922,8
,,,,,,10.190970403723608,9.155177903275256,8.699281831551927,9.447021121660828,8
,,,,,,13.450973987314288,10.192945039784211,10.836436068410757,10.34172844831709,8
,,,,,,14.523057471922868,13.714003182821749,14.149719495650048,12.957892577628236,8
,,,,,,16.30178086475133,15.19426315776351,15.79956455700261,14.633640294050036,8
,,,,,,11.078481181421191,9.115185794465704,10.028357365464213,9.917657520216855,8
,,,,,,10.189046750488066,9.386839157723209,8.154348050988212,8.283017304617289,8
,,,,,,13.143296163728358,12.209312831085528,10.596874853881578,10.534090482577398,8
,,,,,,18.437498514475173,16.711300697878347,13.935384981307465,14.864919467154525,8
,,,,,,21.03832825883388,17.15314420639652,18.7622817046105,18.12635785308522,8
,,,,,,14.299688085969631,12.592175887040469,11.382805254133215,12.382005053620265,8
,,,,,,19.624833874803834,14.479987349252605,13.468770806383926,13.819393384863615,8
,,,,,,23.328998460861463,18.53465747810114,16.693698501837233,16.508641190076673,8
,,,,,,29.03786540893535,21.129654732947724,18.298633769284535,18.122915569707022,8
,,,,,,17.19796572083477,13.512196709799964,13.146123783084068,13.074446252556859,8
,,,,,,8.537500478866209,7.8354941384584205,7.146697994353592,7.7363677299669185,8
,,,,,,10.329428405871962,9.656275327543986,9.272770756795902,10.281076080283535,8
,,,,,,15.779181809290609,13.506085534774348,12.959107359664127,12.707478805781102,8
,,,,,,19.118478738298634,13.055973257154688,13.404891932231926,15.926420329909549,8
,,,,,,12.968170641825575,10.128921288627089,9.826944510873185,10.778177596013865,8
,,,,,,14.430580088944115,12.279406354976107,12.459282354538654,11.71583044489094,8
,,,,,,17.295593072261838,17.121850136422488,16.251631301668315,14.301242074294418,8
,,,,,,18.268264084383688,19.130114774406913,18.143822284335343,16.877963510688293,8
,,,,,,13.585279937534347,10.798858535818212,11.416164751941967,11.511075239726456,8
,,,,,,6.901211419695201,6.962717163837609,6.478075011636321,6.4083779561662935,8
,,,,,,8.437076043879149,8.909709050314115,8.588110187515863,8.535510737212082,8
,,,,,,12.52557895708198,12.421809447539687,10.952333968770182,11.435427846651736,8
,,,,,,14.99366651513951,11.251005688840898,12.458642289306884,14.03161792645922,8
,,,,,,10.190970403723608,9.155177903275256,8.699281831551927,9.447021121660828,8
,,,,,,13.450973987314288,10.192945039784211,10.836436068410757,10.34172844831709,8
,,,,,,14.523057471922868,13.714003182821749,14.149719495650048,12.957892577628236,8
,,,,,,16.30178086475133,15.19426315776351,15.79956455700261,14.633640294050036,8
,,,,,,11.078481181421191,9.115185794465704,10.028357365464213,9.917657520216855,8
,,,,,,11.558584240979242,10.43471765681869,9.35430877731627,10.945431531447165,8
,,,,,,14.87186801267776,13.311047081327082,12.29992546707054,14.03361396157,8
,,,,,,19.55842958486061,17.20737303327328,19.32336195345096,22.637045130304053,8
,,,,,,24.628076116867728,19.90526961834801,17.686938432553543,25.006355622591673,8
,,,,,,16.50837229042737,14.267894737536208,13.31811524484807,16.55155261026729,8
,,,,,,26.659080489334453,15.028338333815592,13.349846951198591,16.036178318644595,8
,,,,,,23.07993918185556,20.480105820873852,15.798797062159709,18.117287875916652,8
,,,,,,25.67936823207102,22.865305437393044,17.11075220770672,21.29509352673858,8
,,,,,,17.742379973190268,15.35302055534612,12.882572748697765,15.51476843408751,8
,,,,,,8.204047936908513,8.217276400406298,7.836655106048752,7.459552333826139,8
,,,,,,10.150627260464896,10.937174276447672,10.69925929598092,9.666082790428696,8
,,,,,,16.040928242002757,15.000099570059414,12.41944763285883,13.271664355895899,8
,,,,,,17.136234817659606,13.277261174760602,14.800317663560206,15.755288436593574,8
,,,,,,12.33434089314184,10.610420133193767,9.979737697703412,11.101538166590801,8
,,,,,,13.62357111781771,13.168847299748196,14.312679664125167,12.286825933853061,8
,,,,,,18.166498174774837,17.388681459201642,19.436391181862433,15.584148804741691,8
,,,,,,20.502088444823364,19.53891263032377,21.961412136022425,18.05845594626629,8
,,,,,,12.971159831009317,11.123300124578988,12.640630674595876,11.988707576175143,8
,,,,,,6.901211419695201,6.962717163837609,6.478075011636321,6.4083779561662935,8
,,,,,,8.437076043879149,8.909709050314115,8.588110187515863,8.535510737212082,8
,,,,,,12.52557895708198,12.421809447539687,10.952333968770182,11.435427846651736,8
,,,,,,14.99366651513951,11.251005688840898,12.458642289306884,14.03161792645922,8
,,,,,,10.190970403723608,9.155177903275256,8.699281831551927,9.447021121660828,8
,,,,,,13.450973987314288,10.192945039784211,10.836436068410757,10.34172844831709,8
,,,,,,14.523057471922868,13.714003182821749,14.149719495650048,12.957892577628236,8
,,,,,,16.30178086475133,15.19426315776351,15.79956455700261,14.633640294050036,8
,,,,,,11.078481181421191,9.115185794465704,10.028357365464213,9.917657520216855,8
,,,,,,7.594738867515686,7.279999903652253,6.97791120681811,6.98065662173675,8
,,,,,,9.36872424869108,9.684686881817374,9.145865390254151,9.197812938943926,8
,,,,,,14.049644012412607,13.001718092314778,11.758269378064966,12.241122338805347,8
,,,,,,16.30020417684211,11.784677417572984,13.761244385100548,15.857192853185524,8
,,,,,,11.166437217838036,9.4420154613432,9.433650534240599,10.289994097443484,8
,,,,,,15.757989086758476,10.907503743792999,12.031467962938267,11.840281120302969,8
,,,,,,16.55012017669872,14.444514575615383,15.386985484881727,14.860870722682154,8
,,,,,,18.51868183940841,16.186725706392263,17.233313656520803,16.659777921106432,8
,,,,,,12.006110709358797,9.614097909162371,11.08122032992933,11.285558488970215,8
,,,,,,14.243467396792454,15.009806368681044,11.940486930054831,12.090289061292903,8
,,,,,,16.999240535009466,19.318620401822724,15.487525475968544,16.300614554369254,8
,,,,,,23.754483406448546,26.094409931108785,21.904635217488018,22.857952042284825,8
,,,,,,29.27980144116139,26.00571419547981,24.58781902169613,21.349103716095254,8
,,,,,,19.686420533644544,20.038585541108763,17.203375669143483,17.336381844332145,8
,,,,,,20.65121781997323,23.840313788008636,22.09944443769547,17.37271133749521,8
,,,,,,25.875820267433458,36.750962848248754,25.8940461319956,18.772854439851145,8
,,,,,,28.519230158853375,36.750962848248754,27.649609730222046,22.139500013739596,8
,,,,,,20.92754705797345,21.495412279389505,18.1723053269158,15.39388117537957,8
,,,,,,71.74816582463241,76.47269107117751,71.9036444108816,73.30186375708166,8
,,,,,,45.70279697131848,45.192321792363046,41.99301824545593,42.75839186724914,8
,,,,,,22.39207308823397,21.839906777253898,23.80512935443332,24.875727070256904,8
,,,,,,15.97108055404308,24.52923833968112,18.347699725459957,18.98769747926421,8
,,,,,,34.14827092592128,41.58149092169852,39.03317717060332,39.320313802102305,8
,,,,,,25.023144279404402,24.902255875812838,28.784091619809026,27.16592452309764,8
,,,,,,15.08401063396159,14.638965537560253,20.222196499179173,20.09663277175421,8
,,,,,,12.615629559745253,11.929882990788046,17.69705567745286,15.154307481085722,8
,,,,,,28.442988326051772,35.19639678336491,34.47606811438897,32.702877158714614,8
,,,,,,77.16562525266089,78.3858750701492,67.43370078643974,69.3731089568965,8
,,,,,,44.85374855943824,43.13420140007359,40.000300272339956,39.6864200336397,8
,,,,,,25.25222332776913,25.602533554882143,22.968993597704245,26.232694465553468,8
,,,,,,20.191490465980873,23.61567528293397,14.285138393813796,17.08149903145344,8
,,,,,,40.81841724489585,44.60606058393177,35.76154385636322,38.28498068046058,8
,,,,,,23.057235678588185,25.38855466555655,34.04123639044649,30.414775778808266,8
,,,,,,11.887770191200786,16.267039075558394,25.22694024370066,22.949249821041334,8
,,,,,,8.030871074115804,12.909046059442069,22.724525944082433,17.458738199244006,8
,,,,,,27.865783472919034,34.158595820825866,35.08916889373925,32.75915352978148,8
,,,,,,68.09026596830208,75.1012684790242,75.38155048680215,76.24655488592303,8
,,,,,,46.276079356741754,46.66763875344684,43.54348208316519,45.06090466495644,8
,,,,,,20.460883147770254,19.14275304219561,24.455697207844583,23.85864912717209,8
,,,,,,13.121435436137586,25.184105313298407,21.508635953351707,20.416436594979718,8
,,,,,,29.64454965472042,39.41339670360053,41.57872009860849,40.09631953769831,8
,,,,,,26.3505371069869,24.55366360912558,24.693691991541478,24.73083657330615,8
,,,,,,17.24213061837406,13.47191791804345,16.328181240839093,17.95853137672146,8
,,,,,,15.711284936346093,11.227992135294786,13.78535771079134,13.427084216230783,8
,,,,,,28.832720372483678,35.94032088420903,33.99903594020352,32.66069673792677,8
,,,,,,71.74816582463241,76.47269107117751,71.9036444108816,73.30186375708166,8
,,,,,,45.70279697131848,45.192321792363046,41.99301824545593,42.75839186724914,8
,,,,,,22.39207308823397,21.839906777253898,23.80512935443332,24.875727070256904,8
,,,,,,15.97108055404308,24.52923833968112,18.347699725459957,18.98769747926421,8
,,,,,,34.14827092592128,41.58149092169852,39.03317717060332,39.320313802102305,8
,,,,,,25.023144279404402,24.902255875812838,28.784091619809026,27.16592452309764,8
,,,,,,15.08401063396159,14.638965537560253,20.222196499179173,20.09663277175421,8
,,,,,,12.615629559745253,11.929882990788046,17.69705567745286,15.154307481085722,8
,,,,,,28.442988326051772,35.19639678336491,34.47606811438897,32.702877158714614,8
,,,,,,63.85165641107882,74.11948060095463,59.405626204380184,67.80218791513757,8
,,,,,,37.6224380941416,45.54542152878651,35.451841966171095,37.977737073641386,8
,,,,,,21.68761345271321,19.29586101293022,16.380561338159954,22.419276403287217,8
,,,,,,15.208770409055656,18.927737141388565,15.854118217994914,19.07245121129596,8
,,,,,,32.355647676945715,34.66531915637948,31.458600134453842,36.628665716002494,8
,,,,,,30.781190580361194,25.25220134155069,36.827904418345256,35.31256251626035,8
,,,,,,18.546718327652556,14.392615471778994,28.061745492575717,30.4233366694389,8
,,,,,,15.66091937748865,11.395112194207751,25.234238527029657,23.401363314193368,8
,,,,,,30.43799765285334,29.13600806684345,39.35541472404997,38.94985094895782,8
,,,,,,75.73892135660074,78.00456116878921,78.51888394912427,76.87876199125809,8
,,,,,,49.80774813049465,44.85960983577187,45.746410160522274,45.90281081836872,8
,,,,,,22.850878943603345,23.326246867472438,27.50616450078953,26.13916717579957,8
,,,,,,16.01594921559742,27.840685522006144,19.539811999372088,19.335734893065766,8
,,,,,,34.83642260862902,45.66062396957243,42.55512633777298,41.01214332684156,8
,,,,,,22.030188811849772,24.453882005549804,24.655168533886513,22.15346086555279,8
,,,,,,12.953968449720723,14.367712969335175,16.01089703688093,13.96085784011721,8
,,,,,,10.621268301932968,11.775024010014805,13.595758705941675,10.051414289759748,8
,,,,,,26.637217517530388,38.29544957598901,31.622139039804313,29.056485975311144,8
,,,,,,71.74816582463241,76.47269107117751,71.9036444108816,73.30186375708166,8
,,,,,,45.70279697131848,45.192321792363046,41.99301824545593,42.75839186724914,8
,,,,,,22.39207308823397,21.839906777253898,23.80512935443332,24.875727070256904,8
,,,,,,15.97108055404308,24.52923833968112,18.347699725459957,18.98769747926421,8
,,,,,,34.14827092592128,41.58149092169852,39.03317717060332,39.320313802102305,8
,,,,,,25.023144279404402,24.902255875812838,28.784091619809026,27.16592452309764,8
,,,,,,15.08401063396159,14.638965537560253,20.222196499179173,20.09663277175421,8
,,,,,,12.615629559745253,11.929882990788046,17.69705567745286,15.154307481085722,8
,,,,,,28.442988326051772,35.19639678336491,34.47606811438897,32.702877158714614,8
,,,,,,71.4778283913385,75.90386920478133,71.99347818241306,75.30655617292238,8
,,,,,,45.81243834126259,44.79886508561371,41.66404284665865,44.55666472202815,8
,,,,,,22.142351898757695,21.60869918011848,24.288576343932775,26.41710708389549,8
,,,,,,15.159945595572555,24.190469282576228,18.43101213707018,18.660071950942324,8
,,,,,,32.99155329483843,41.16783145439784,39.82556262402216,40.404090087229285,8
,,,,,,23.522217487095443,25.28762645578074,28.624295654907357,25.085371882776332,8
,,,,,,14.169501805834694,15.255611873008244,20.719593204846625,18.587910962835743,8
,,,,,,11.961909327410906,12.242321722777648,18.055941536223227,14.075653869168228,8
,,,,,,27.12185492298346,35.028272916830836,34.6980935693468,31.188412039061728,8
,,,,,,73.38980326604242,81.5382626511036,71.26359675008858,60.10685087857963,8
,,,,,,45.03699432669517,48.69620100197947,44.33690218652945,30.922045657539673,8
,,,,,,23.908517368860096,23.898896950280136,20.360666214664107,14.730265866375811,8
,,,,,,20.89673772862354,27.546103564467867,17.754115450224727,21.144149527156245,8
,,,,,,41.172495981207206,45.26528327412944,33.38758924457988,32.18682941982694,8
,,,,,,34.13759649953427,21.47038665110645,29.922605920120525,40.86025422001914,8
,,,,,,20.63741074751877,9.147499164262642,16.67834442081992,30.027135596751027,8
,,,,,,16.58537802014658,9.147499164262642,15.140065689369878,22.254074102752227,8
,,,,,,36.465636292885485,36.69360272873052,32.8941811395946,42.67118281995051,8
,,,,,,4.2138445978831855,2.938865307035872,3.259073508769317,3.2000749622558415,8
,,,,,,6.657052714194689,5.895684832669985,6.623796475161969,6.304572263041069,8
,,,,,,11.328911853837399,10.628719367032701,9.532128987575035,9.95071831776566,8
,,,,,,13.832755477478,9.488678495826791,10.716168491381413,12.3294784030519,8
,,,,,,8.50065624929518,6.749386808781235,6.409549670423292,7.372432342179382,8
,,,,,,11.754425338543275,9.274498484635368,8.667461913270289,8.975858989086559,8
,,,,,,13.621216284723337,12.986493428437896,12.185213247633529,11.52105542350086,8
,,,,,,15.37065423639353,14.623423805960304,13.829242975788238,13.31232480746255,8
,,,,,,9.562751908300275,7.2195053468020145,7.726865990947326,7.85630390786012,8
,,,,,,5.0166386163081755,3.748535404923501,4.652243067432721,4.867426360449,8
,,,,,,10.145375542525361,8.668009543708804,8.779562914647352,8.362036740873574,8
,,,,,,16.06949441273722,13.990656309982183,12.205769758513998,12.726357664660295,8
,,,,,,18.890293256061284,14.635150551333224,17.214197789786848,16.083628991215406,8
,,,,,,11.045083483273284,8.909480965774403,8.826463058198096,9.514101737564449,8
,,,,,,17.279126723668753,13.014623512963,10.30094112711267,11.297588723560615,8
,,,,,,22.1018477996623,17.21132357577839,13.716254898436569,14.236568724063423,8
,,,,,,27.94116720497768,19.902646912772862,15.304271009411066,16.031445621988542,8
,,,,,,14.630989942826025,10.741563512057029,10.144666629692471,10.250960941265815,8
,,,,,,5.268896137726024,3.6300219084913086,3.506969863146508,3.3906918965497677,8
,,,,,,7.952676943093587,6.523750267112409,7.082867575242001,7.304374563001134,8
,,,,,,14.179990867466099,11.916544957700523,11.222363386288537,11.445258437097142,8
,,,,,,17.734982956841677,10.946905325484044,11.494256491300906,13.997119725288018,8
,,,,,,10.853406851716702,7.589461667397902,7.10749293515294,8.533604294084714,8
,,,,,,12.45245240859813,11.097300603757674,10.281868348747288,10.733836664845581,8
,,,,,,15.634672135873851,16.26343295215943,14.294303765354893,13.377489241266971,8
,,,,,,16.584440830110804,18.377404144742364,16.18160076236915,15.957698479004268,8
,,,,,,11.379140906872461,8.478975426580343,8.84349375806906,9.451906237321026,8
,,,,,,4.2138445978831855,2.938865307035872,3.259073508769317,3.2000749622558415,8
,,,,,,6.657052714194689,5.895684832669985,6.623796475161969,6.304572263041069,8
,,,,,,11.328911853837399,10.628719367032701,9.532128987575035,9.95071831776566,8
,,,,,,13.832755477478,9.488678495826791,10.716168491381413,12.3294784030519,8
,,,,,,8.50065624929518,6.749386808781235,6.409549670423292,7.372432342179382,8
,,,,,,11.754425338543275,9.274498484635368,8.667461913270289,8.975858989086559,8
,,,,,,13.621216284723337,12.986493428437896,12.185213247633529,11.52105542350086,8
,,,,,,15.37065423639353,14.623423805960304,13.829242975788238,13.31232480746255,8
,,,,,,9.562751908300275,7.2195053468020145,7.726865990947326,7.85630390786012,8
,,,,,,10.018488725480479,4.705063467742289,6.728396574829959,5.921415451547595,8
,,,,,,14.063405717048646,9.182559786242544,10.268258373673476,10.894602793592112,8
,,,,,,18.72969990986989,15.83609310354307,17.84586082177423,19.161189392455498,8
,,,,,,23.87214702276445,17.64214403721165,16.27329691781548,21.44135949610528,8
,,,,,,15.319357465591516,11.619018095903046,11.167316837400199,12.138589154398979,8
,,,,,,20.62076622906512,13.259395631162525,9.802271305825684,12.509449040741922,8
,,,,,,21.453094808423888,19.00110863607737,12.639913431172728,14.57082965234533,8
,,,,,,24.18933814311924,21.67118311355702,14.038118238063864,17.86939729282022,8
,,,,,,16.00618010968411,12.705682733245096,9.385224136034044,11.22703621423948,8
,,,,,,3.9911414759728627,3.4796572266844294,3.181872771373943,3.3675028431169562,8
,,,,,,7.270766774292582,7.549041486703622,7.61245400476,6.950556074064447,8
,,,,,,14.037239774090404,13.088617848898544,10.66476389186614,11.341613388270238,8
,,,,,,16.051597793628698,11.142371607929244,12.82577088715925,13.887484307509066,8
,,,,,,10.026193917729541,7.709942162061453,7.406817289127214,8.485262827475882,8
,,,,,,12.423953821911638,11.854012753780117,12.13486095141532,11.364049479736765,8
,,,,,,17.202459817012635,16.390703492227416,17.400000143123478,14.714289400887168,8
,,,,,,19.53647506645515,18.63736518903549,19.8831525900229,17.369711675934123,8
,,,,,,11.497818612346597,8.732913825468259,10.300147450036576,9.957501636670166,8
,,,,,,4.2138445978831855,2.938865307035872,3.259073508769317,3.2000749622558415,8
,,,,,,6.657052714194689,5.895684832669985,6.623796475161969,6.304572263041069,8
,,,,,,11.328911853837399,10.628719367032701,9.532128987575035,9.95071831776566,8
,,,,,,13.832755477478,9.488678495826791,10.716168491381413,12.3294784030519,8
,,,,,,8.50065624929518,6.749386808781235,6.409549670423292,7.372432342179382,8
,,,,,,11.754425338543275,9.274498484635368,8.667461913270289,8.975858989086559,8
,,,,,,13.621216284723337,12.986493428437896,12.185213247633529,11.52105542350086,8
,,,,,,15.37065423639353,14.623423805960304,13.829242975788238,13.31232480746255,8
,,,,,,9.562751908300275,7.2195053468020145,7.726865990947326,7.85630390786012,8
,,,,,,4.75112772188689,3.1960844405703606,3.5095457565648824,3.2829768002402844,8
,,,,,,7.298160885942044,6.5310123549865375,7.078488637469549,6.624976885237076,8
,,,,,,12.861533636044928,11.194481606483553,10.410705862985663,10.560037536174237,8
,,,,,,15.332935187415355,10.25289106598768,11.722173299459977,13.880746204100507,8
,,,,,,9.5814485966132,7.1595185661194245,6.973103834936192,7.913118128752481,8
,,,,,,13.926616063166291,9.818778455299467,9.801503945598382,10.410478053863168,8
,,,,,,15.729410202527557,13.599564739056586,13.179147617458083,13.347123890444282,8
,,,,,,17.66621068380253,15.537282024634273,15.014898020887196,15.238672851597984,8
,,,,,,10.676072031734648,7.899359107707777,8.46521401320481,8.987712102281446,8
,,,,,,7.006873529210433,5.521570817162281,7.483912827336145,8.616329939250997,8
,,,,,,13.343492395782006,13.324781488751572,11.946075048935263,14.420005378346183,8
,,,,,,19.967372806144077,22.63406226534504,19.42667640181121,21.56562757407373,8
,,,,,,25.639188077958842,22.04361241642061,22.428425571893964,19.230156587884444,8
,,,,,,13.976100615846617,14.592703906693627,14.390949639166712,14.859599365706824,8
,,,,,,16.498326423931086,22.03194216439133,17.74529071162087,12.741281657028045,8
,,,,,,22.508723985391658,35.989635460162035,23.49692219484566,15.607458220020238,8
,,,,,,25.414883905486928,35.989635460162035,25.418880707670965,19.437090546868117,8
,,,,,,15.783478765810491,17.45451066600025,14.887806718742262,11.744038449971555,8
,,,,,,27.661830865048845,64.47212267204733,117.57367389152145,89.47491005741678,8
,,,,,,18.272722639537587,31.490425230293738,65.72303733569731,44.87689400449904,8
,,,,,,14.098496536022791,23.432921186811388,41.86153643058493,38.349445412813026,8
,,,,,,6.716856748304098,27.579523222770046,35.88992788105517,29.404652595718797,8
,,,,,,16.967392457968423,43.7265369923726,68.69530032886686,57.609185325033756,8
,,,,,,6.357448426952589,23.294747253490492,55.82131721178566,34.620726846023636,8
,,,,,,10.233444793099228,38.677946362623295,66.22588404997472,46.56404955750424,8
,,,,,,15.386014218132793,11.009060173079828,9.737101998277927,9.595041947093586,8
,,,,,,18.515623011378324,15.082428959141023,13.010284043969387,13.873659898110342,8
,,,,,,20.59709095761874,18.5742268310845,14.851782541961454,15.42556453907617,8
,,,,,,28.10912057030167,16.85565362681136,19.27577653169957,19.980948976792746,8
,,,,,,18.60904736015655,14.012204977919207,12.895855502305482,12.654595933801124,8
,,,,,,26.241202342078466,16.90427682070699,16.35408768879645,19.41773381275247,8
,,,,,,22.06077405324193,13.761532306948618,14.371807067073854,15.495488361761991,8
,,,,,,81.44302824024786,76.34369838866799,68.65704763525412,73.95059860068216,8
,,,,,,53.799254041366524,37.28891536798695,38.378912181087784,37.09054496777306,8
,,,,,,41.50933671491501,27.747742641440592,24.44500886696246,31.695638950202294,8
,,,,,,19.77602843812573,32.657879333873645,20.95789309457933,24.30280913054976,8
,,,,,,49.95605062655896,51.77812383667591,40.114562647320795,47.6137247520009,8
,,,,,,18.71784461043862,27.584126047889225,32.5968110719093,28.613870330925597,8
,,,,,,30.129702453371074,45.79991086103049,38.67254909548097,38.48497121527793,8
,,,,,,5.560705326005648,4.709019328871181,5.09017746541159,5.433768758656259,8
,,,,,,11.544742337419153,11.137772891361466,10.723527603455665,11.06144746233455,8
,,,,,,15.10574162917638,15.025457777331171,13.268184271455564,13.047582349152318,8
,,,,,,25.48878680639622,12.923232236072375,15.9792514995332,16.831858385522413,8
,,,,,,12.666194731226268,9.031284053195915,9.32743223091823,9.351119856700807,8
,,,,,,24.677410129585713,13.906256343549552,12.53842230786505,15.173744806065596,8
,,,,,,18.916551634274143,9.443473247140247,10.532083073760358,10.918074974855637,8
,,,,,,56.61176230286762,86.73473323467361,125.53178550378307,100.42110128142608,8
,,,,,,22.354795110892223,35.14655730041636,55.90842545571516,43.09599534331316,8
,,,,,,34.256967191975406,51.58817593425726,69.62336004806792,57.32510593811293,8
,,,,,,56.61176230286762,86.73473323467361,125.53178550378307,100.42110128142608,8
,,,,,,20.16954059757366,24.698638177458133,50.38455119111175,41.68124117094905,8
,,,,,,34.265243705399826,61.07658353577146,72.98811576962675,56.94737390215147,8
,,,,,,56.61176230286762,86.73473323467361,125.53178550378307,100.42110128142608,8
,,,,,,46.34959117097066,77.60592026281003,110.79026186377206,83.13940859354416,8
,,,,,,10.26217113189696,9.128812971863592,14.74152364001099,17.281692687881907,8
,,,,,,11.078481181421191,9.115185794465704,10.028357365464213,9.917657520216855,8
,,,,,,17.19796572083477,13.512196709799964,13.146123783084068,13.074446252556859,8
,,,,,,13.585279937534347,10.798858535818212,11.416164751941967,11.511075239726456,8
,,,,,,11.078481181421191,9.115185794465704,10.028357365464213,9.917657520216855,8
,,,,,,17.742379973190268,15.35302055534612,12.882572748697765,15.51476843408751,8
,,,,,,12.971159831009317,11.123300124578988,12.640630674595876,11.988707576175143,8
,,,,,,11.078481181421191,9.115185794465704,10.028357365464213,9.917657520216855,8
,,,,,,12.006110709358797,9.614097909162371,11.08122032992933,11.285558488970215,8
,,,,,,20.92754705797345,21.495412279389505,18.1723053269158,15.39388117537957,8
,,,,,,100.0,100.0,100.0,100.0,8
,,,,,,39.487898276856605,40.52189473543679,44.537266184292655,42.915278555388824,8
,,,,,,60.51210172314339,59.47810526456318,55.46273381570735,57.084721444611155,8
,,,,,,100.0,100.0,100.0,100.0,8
,,,,,,35.62782675739452,28.476064036113797,40.136887234503114,41.50645694886282,8
,,,,,,60.526721500178674,70.4176761234968,58.143135204132946,56.708573372999325,8
,,,,,,100.0,100.0,100.0,100.0,8
,,,,,,81.87272270911599,89.47502040830145,88.25674025040713,82.79077557668813,8
,,,,,,18.12727729088401,10.524979591698564,11.743259749592852,17.20922442331185,8
,,,,,,0.0,0.0,0.0,0.0,8
,,,,,,12.729523834088665,9.40466569886061,7.786437741072297,8.207306829459421,8
,,,,,,8.306803564237585,6.407313611892366,6.252606506088732,6.1701073397993405,8
,,,,,,0.0,0.0,0.0,0.0,8
,,,,,,12.902891611385742,13.361558244275134,9.305264831644681,10.803715310668832,8
,,,,,,8.44742499336395,5.456027169607564,6.517234358002639,7.913271748739003,8
,,,,,,0.0,0.0,0.0,0.0,8
,,,,,,4.066150328934709,2.382288769803893,2.4896960860469646,3.1543196747194977,8
,,,,,,18.364964193594975,20.25232775413589,18.711368517273964,15.174918163835338,8
,,,,,,28.442988326051772,35.19639678336491,34.47606811438897,32.702877158714614,8
,,,,,,27.865783472919034,34.158595820825866,35.08916889373925,32.75915352978148,8
,,,,,,28.832720372483678,35.94032088420903,33.99903594020352,32.66069673792677,8
,,,,,,28.442988326051772,35.19639678336491,34.47606811438897,32.702877158714614,8
,,,,,,30.43799765285334,29.13600806684345,39.35541472404997,38.94985094895782,8
,,,,,,26.637217517530388,38.29544957598901,31.622139039804313,29.056485975311144,8
,,,,,,28.442988326051772,35.19639678336491,34.47606811438897,32.702877158714614,8
,,,,,,27.12185492298346,35.028272916830836,34.6980935693468,31.188412039061728,8
,,,,,,36.465636292885485,36.69360272873052,32.8941811395946,42.67118281995051,8
,,,,,,9.562751908300275,7.2195053468020145,7.726865990947326,7.85630390786012,8
,,,,,,14.630989942826025,10.741563512057029,10.144666629692471,10.250960941265815,8
,,,,,,11.379140906872461,8.478975426580343,8.84349375806906,9.451906237321026,8
,,,,,,9.562751908300275,7.2195053468020145,7.726865990947326,7.85630390786012,8
,,,,,,16.00618010968411,12.705682733245096,9.385224136034044,11.22703621423948,8
,,,,,,11.497818612346597,8.732913825468259,10.300147450036576,9.957501636670166,8
,,,,,,9.562751908300275,7.2195053468020145,7.726865990947326,7.85630390786012,8
,,,,,,10.676072031734648,7.899359107707777,8.46521401320481,8.987712102281446,8
,,,,,,15.783478765810491,17.45451066600025,14.887806718742262,11.744038449971555,8
,,,,,,10.233444793099228,38.677946362623295,66.22588404997472,46.56404955750424,8
,,,,,,4.910735358745317,13.907485133199328,27.893401042046452,23.01027334274852,8
,,,,,,5.322709434353912,24.77046122942397,38.33248300792825,23.55377621475571,8
,,,,,,10.233444793099228,38.677946362623295,66.22588404997472,46.56404955750424,8
,,,,,,3.2126042735047946,11.509213174319823,26.76947137610418,19.654478059786186,8
,,,,,,6.825180940501492,27.168733188303467,39.45641267387054,25.886202526466,8
,,,,,,10.233444793099228,38.677946362623295,66.22588404997472,46.56404955750424,8
,,,,,,8.596502038439363,34.77136702818909,61.30460820553825,39.99449492696801,8
,,,,,,1.6369427546598645,3.906579334434207,4.921275844436461,6.569554630536218,8
,,,,,,22.06077405324193,13.761532306948618,14.371807067073854,15.495488361761991,8
,,,,,,32.36133142894849,20.95029664534965,19.79101756800327,19.13142328918431,8
,,,,,,29.441493849476984,16.37050831364103,14.620525420432735,17.087759139804113,8
,,,,,,22.06077405324193,13.761532306948618,14.371807067073854,15.495488361761991,8
,,,,,,36.677511691001556,23.312095393806633,17.449466571132067,26.737125771073632,8
,,,,,,28.108383182552682,16.63045180015582,19.01281456188089,16.918036404003278,8
,,,,,,22.06077405324193,13.761532306948618,14.371807067073854,15.495488361761991,8
,,,,,,23.713455540657684,14.222200958970069,15.21690436581386,16.822593441944946,8
,,,,,,47.47976442268868,36.03281264245705,33.370988887296626,26.16319827746348,8
,,,,,,100.0,100.0,100.0,100.0,8
,,,,,,47.98711927440893,35.95714468087407,42.118578622518356,49.41639217682732,8
,,,,,,52.01288072559108,64.04285531912593,57.881421377481615,50.58360782317267,8
,,,,,,100.0,100.0,100.0,100.0,8
,,,,,,31.393185173297333,29.75652602238943,40.421463239212706,42.209554896023185,8
,,,,,,66.69485279388962,70.24347397761058,59.57853676078725,55.59267884228552,8
,,,,,,100.0,100.0,100.0,100.0,8
,,,,,,84.00399095558015,89.8997239982489,92.56895409546692,85.89135890678249,8
,,,,,,15.996009044419852,10.100276001751112,7.431045904533061,14.10864109321753,8
,,,,,,0.0,0.0,0.0,0.0,8
,,,,,,22.491616104531424,15.79496808187326,10.625201305471817,9.515708004141654,8
,,,,,,20.7507803764334,8.868154764800016,7.731641102004853,9.296133249661612,8
,,,,,,0.0,0.0,0.0,0.0,8
,,,,,,31.486515163898908,19.83162969560287,13.942990401694304,17.471956477272073,8
,,,,,,14.981997638398802,8.401070899364871,9.459716612874649,13.147485429505151,8
,,,,,,0.0,0.0,0.0,0.0,8
,,,,,,8.12051928296217,3.726455876720325,2.6961370753694225,4.0435363484915126,8
,,,,,,42.645389015864296,33.16813864796652,33.58593021376862,24.61646231314691,8
,,,,,,30.129702453371074,45.79991086103049,38.67254909548097,38.48497121527793,8
,,,,,,39.95661492806722,44.16722388153323,38.17596889242927,44.55132697107082,8
,,,,,,24.557505887952193,46.77062307307783,39.04209377423356,33.966612550361845,8
,,,,,,30.129702453371074,45.79991086103049,38.67254909548097,38.48497121527793,8
,,,,,,32.05865791626883,45.024336757454925,45.81315268213685,46.38868336713093,8
,,,,,,29.493723856407655,46.1365755572108,35.38126038951831,33.71448077503075,8
,,,,,,30.129702453371074,45.79991086103049,38.67254909548097,38.48497121527793,8
,,,,,,29.17087688416876,44.983964951993094,39.37066457732086,36.313724077283325,8
,,,,,,36.41557503466069,54.61775938030972,31.67578379425304,60.51107061260682,8
,,,,,,18.916551634274143,9.443473247140247,10.532083073760358,10.918074974855637,8
,,,,,,27.440940375349115,15.044891915862696,15.04297328747915,12.799927066652886,8
,,,,,,24.683184818710608,11.285551881627203,10.855682994853282,13.775839973230767,8
,,,,,,18.916551634274143,9.443473247140247,10.532083073760358,10.918074974855637,8
,,,,,,31.70373287003511,16.81905304093251,11.718681637308029,16.503372814034734,8
,,,,,,23.61478509265025,11.475714494050415,14.501683659471338,13.422768649633543,8
,,,,,,18.916551634274143,9.443473247140247,10.532083073760358,10.918074974855637,8
,,,,,,20.851568600535977,10.230229485334611,11.055968798152819,12.061276899375022,8
,,,,,,36.36460281568713,22.27245746272085,27.447092847364445,14.397483295494936,8
,,,,,,6.534647297443888,6.621034692043679,15.228549973162902,15.408836985458542,8
,,,,,,27.44484596243486,24.6976693500503,19.084472178102654,18.28737314963234,8
,,,,,,11.542914460927987,7.633660063413685,9.516378879330057,11.61014540207069,8
,,,,,,25.46516290068115,24.06177225084837,22.65215155950782,18.430824200176684,8
,,,,,,1.738232913061096,3.55905016370284,8.122437431469304,7.601293289811161,8
,,,,,,43.69070470290832,34.97695053150651,28.409920824821892,25.768451602861102,8
,,,,,,16.985804371889,9.201755776625596,9.11011302464864,10.941276931959088,8
,,,,,,39.282252031184065,34.20944205085173,35.105114850973585,24.21504074664044,8
,,,,,,16350.32999999998,16367.334000000004,16384.315000000013,16401.281,8
,,,,,,4821.081207485913,4575.03609439404,4468.557672756334,4349.344116025906,8
,,,,,,11491.200171123028,11646.030993013466,11828.927356769691,11965.75589420672,8
,,,,,,8098.794999999991,8107.008000000003,8115.218000000005,8123.411999999999,8
,,,,,,2302.431266780415,2195.246000925279,2158.200545200423,2090.1230806696503,8
,,,,,,5776.725509964994,5834.585040607113,5914.127371194488,5992.859604303634,8
,,,,,,8251.53499999999,8260.326000000003,8269.097000000005,8277.868999999999,8
,,,,,,2518.649940705499,2379.790093468763,2310.357127555911,2259.221035356257,8
,,,,,,5714.474661158032,5811.445952406357,5914.799985575202,5972.896289903082,8
,,,,,,16350.32999999998,16367.334000000004,16384.315000000013,16401.281,8
,,,,,,4821.081207485913,4575.03609439404,4468.557672756334,4349.344116025906,8
,,,,,,11491.200171123028,11646.030993013466,11828.927356769691,11965.75589420672,8
,,,,,,6030.87504497021,6111.077586611394,6103.625975893464,6110.293666825255,8
,,,,,,2280.120196646298,2226.5305837743126,2172.64717977416,2093.6825712381374,8
,,,,,,3734.5175160824883,3842.4015539616685,3901.4525588768897,3983.8458297707784,8
,,,,,,10099.747449990864,10044.475352423036,10074.307957681762,10090.03870862318,8
,,,,,,2472.353729200297,2281.2966393245415,2228.353658515307,2188.36300187538,8
,,,,,,7607.937830079153,7663.061623613981,7794.5876710414705,7849.207012549087,8
,,,,,,16350.32999999998,16367.334000000004,16384.315000000013,16401.281,8
,,,,,,4821.081207485913,4575.03609439404,4468.557672756334,4349.344116025906,8
,,,,,,11491.200171123028,11646.030993013466,11828.927356769691,11965.75589420672,8
,,,,,,14395.820999999982,14405.466000000004,14415.095000000012,14424.342999999997,8
,,,,,,4174.700615640004,3961.519461857509,3859.418930172323,3778.769060492374,8
,,,,,,10186.636766738291,10305.272457584579,10474.487375119119,10566.875663074567,8
,,,,,,1954.508999999999,1961.8680000000013,1969.22,1976.937999999999,8
,,,,,,646.3805918459093,613.516632536533,609.1387425840107,570.575055533532,8
,,,,,,1304.5634043847356,1340.75853542889,1354.4399816505704,1398.8802311321542,8
,,,,,,0.0,0.0,0.0,0.0,8
,,,,,,2.179163788388199,2.1990438685782503,2.314197546879907,2.400033690176065,8
,,,,,,0.913208887604855,0.8627176070822709,0.8685423429424622,0.867144012082603,8
,,,,,,0.0,0.0,0.0,0.0,8
,,,,,,2.320592115129612,2.3490873132912067,2.474318343214242,2.5429141604322267,8
,,,,,,0.9229873545258175,0.8799178312250671,0.8981471101612551,0.8810690933560104,8
,,,,,,0.0,0.0,0.0,0.0,8
,,,,,,2.2794387323156924,2.307858783750356,2.380782730108738,2.517314626062289,8
,,,,,,1.0044925694895175,0.9485564390240335,0.9249561180840206,0.9484995161670362,8
,,,,,,0.0,0.0,0.0,0.0,8
,,,,,,2.179163788388199,2.1990438685782503,2.314197546879907,2.400033690176065,8
,,,,,,0.913208887604855,0.8627176070822709,0.8685423429424622,0.867144012082603,8
,,,,,,1.445528618594127,1.3727225909578495,1.3783919869854782,1.431642592240708,8
,,,,,,3.148200295724889,3.110629986632431,3.233037812337227,3.374001735365694,8
,,,,,,1.7529971877493493,1.5685193402402442,1.6355735211112241,1.6754581009770286,8
,,,,,,0.8735864661257219,0.845973326002754,0.8478273814038271,0.8854239802869981,8
,,,,,,2.5213248588010853,2.5127901577336687,2.6884589819857725,2.791951823544249,8
,,,,,,1.325210959420908,1.2779688575958277,1.2358126285395759,1.2706198183291288,8
,,,,,,0.0,0.0,0.0,0.0,8
,,,,,,2.179163788388199,2.1990438685782503,2.314197546879907,2.400033690176065,8
,,,,,,0.913208887604855,0.8627176070822709,0.8685423429424622,0.867144012082603,8
,,,,,,0.0,0.0,0.0,0.0,8
,,,,,,2.3496325603398165,2.395097060143075,2.5038094732516276,2.6168359405030883,8
,,,,,,0.9623963280956724,0.9167178374583531,0.9165238947892833,0.928199928330403,8
,,,,,,0.0,0.0,0.0,0.0,8
,,,,,,2.888800247911171,2.77857286857603,2.942700639372912,2.9907618773743314,8
,,,,,,1.4338294179756441,1.2793794823089777,1.3253075142004087,1.2212690014787626,8
,,,,,,100.0,100.0,100.0,100.0,8
,,,,,,29.554916909464424,28.204285635102654,27.418694753581242,26.658396904083027,8
,,,,,,70.44508309053555,71.7957143648973,72.58130524641884,73.34160309591698,8
,,,,,,100.0,100.0,100.0,100.0,8
,,,,,,28.498410544620228,27.338632526274726,26.735788827620805,25.858314462992777,8
,,,,,,71.50158945537972,72.66136747372525,73.26421117237923,74.14168553700723,8
,,,,,,100.0,100.0,100.0,100.0,8
,,,,,,30.59166552799908,29.052881398371618,28.088911807745614,27.443984895891678,8
,,,,,,69.40833447200087,70.94711860162829,71.91108819225448,72.5560151041083,8
,,,,,,100.0,100.0,100.0,100.0,8
,,,,,,29.554916909464424,28.204285635102654,27.418694753581242,26.658396904083027,8
,,,,,,70.44508309053555,71.7957143648973,72.58130524641884,73.34160309591698,8
,,,,,,100.0,100.0,100.0,100.0,8
,,,,,,37.90951850384731,36.687353446086156,35.76904024063102,34.449572804802884,8
,,,,,,62.090481496152684,63.3126465539138,64.23095975936894,65.55042719519713,8
,,,,,,100.0,100.0,100.0,100.0,8
,,,,,,24.526609321377833,22.94061194302172,22.232532200344078,21.80172092180276,8
,,,,,,75.47339067862215,77.05938805697829,77.7674677996559,78.19827907819725,8
,,,,,,100.0,100.0,100.0,100.0,8
,,,,,,29.554916909464424,28.204285635102654,27.418694753581242,26.658396904083027,8
,,,,,,70.44508309053555,71.7957143648973,72.58130524641884,73.34160309591698,8
,,,,,,100.0,100.0,100.0,100.0,8
,,,,,,29.069024036455403,27.76741599811897,26.92510225734908,26.340879990458937,8
,,,,,,70.93097596354454,72.23258400188095,73.07489774265098,73.65912000954104,8
,,,,,,100.0,100.0,100.0,100.0,8
,,,,,,33.1316835898293,31.393564355385013,31.021865080630175,28.971211451036456,8
,,,,,,66.86831641017065,68.60643564461509,68.97813491936988,71.02878854896355,8
,,,,,,0.0,0.0,0.0,0.0,8
,,,,,,2.176107400931632,2.190473291718522,2.30588204219844,2.3909090298980544,8
,,,,,,0.91297604600662,0.8605072732015171,0.8710821007992692,0.8690538410678237,8
,,,,,,0.0,0.0,0.0,0.0,8
,,,,,,2.316340334411381,2.334537812793029,2.4658928171972514,2.5332303337905016,8
,,,,,,0.9232244809370704,0.8783632018172591,0.8998607720898727,0.8835119690615966,8
,,,,,,0.0,0.0,0.0,0.0,8
,,,,,,2.2771787575749802,2.30375887308767,2.3728155935926134,2.5086116431690626,8
,,,,,,1.003664638103368,0.9433904382513743,0.9268363143981081,0.9488710198045527,8
,,,,,,0.0,0.0,0.0,0.0,8
,,,,,,2.176107400931632,2.190473291718522,2.30588204219844,2.3909090298980544,8
,,,,,,0.91297604600662,0.8605072732015171,0.8710821007992692,0.8690538410678237,8
,,,,,,0.0,0.0,0.0,0.0,8
,,,,,,2.412012097930244,2.3473441827462005,2.5162680709508503,2.6453994649581016,8
,,,,,,1.4726607855932945,1.3601997449070549,1.401263412896887,1.390271358483809,8
,,,,,,0.0,0.0,0.0,0.0,8
,,,,,,2.549488330469622,2.584881918839977,2.6948067287602533,2.7980611194880862,8
,,,,,,0.828507950796915,0.7695204246210119,0.7704041171201836,0.7801008969548362,8
,,,,,,0.0,0.0,0.0,0.0,8
,,,,,,2.176107400931632,2.190473291718522,2.30588204219844,2.3909090298980544,8
,,,,,,0.91297604600662,0.8605072732015171,0.8710821007992692,0.8690538410678237,8
,,,,,,0.0,0.0,0.0,0.0,8
,,,,,,2.3467396867253054,2.3831497944183773,2.4946505434076545,2.60520151920599,8
,,,,,,0.9617438845869334,0.9161227255240326,0.9191763937070657,0.9316334563795702,8
,,,,,,0.0,0.0,0.0,0.0,8
,,,,,,2.8885691332533487,2.780478115635046,2.941511686035283,2.988145187365239,8
,,,,,,1.4312183061893422,1.2723167708943612,1.3229000575899759,1.218804203733227,8
,,,,,,5268.3602353884635,5280.57248837349,5269.447797688909,5304.671782022358,8
,,,,,,64.05489102179959,104.45077506720371,159.77498233869005,134.64450914829283,8
,,,,,,5204.305344366662,5176.121713306287,5109.672815350217,5170.027272874064,8
,,,,,,1489.2489049321734,1500.4046984088964,1507.6374211475054,1509.4327593881603,8
,,,,,,15.367149015253979,24.01981843106041,31.956978773661397,24.651340362696672,8
,,,,,,1473.8817559169195,1476.384879977836,1475.6804423738442,1484.781419025463,8
,,,,,,3779.1113304562896,3780.167789964594,3761.810376541404,3795.239022634197,8
,,,,,,48.68774200654562,80.43095663614326,127.81800356502868,109.99316878559615,8
,,,,,,3730.423588449743,3699.7368333284508,3633.992372976375,3685.2458538486003,8
,,,,,,0.5652492977798781,0.5246291576983997,0.5234486221908817,0.5132923095257573,8
,,,,,,9.054807407816003,7.778279482181873,5.661996170031545,6.600624136730178,8
,,,,,,0.57918604122502,0.5524326488351696,0.5597617932070729,0.5347668332659894,8
,,,,,,0.7105591320497701,0.674629160802142,0.6985639231673254,0.6929424538513567,8
,,,,,,16.094059730658742,13.246045924860672,11.771932961393723,12.231449929037556,8
,,,,,,0.7183311729220623,0.6873805013053312,0.7388611813244627,0.7149903576844765,8
,,,,,,0.8187796628038815,0.7634543203084521,0.7647700495449278,0.7449156895132723,8
,,,,,,10.798805416556915,8.664473440113378,6.478351120406692,7.4116328481229505,8
,,,,,,0.8365994872715354,0.7954409738597423,0.8077137533063213,0.7783905789415245,8
,,,,,,100.0,100.0,100.0,100.0,8
,,,,,,100.0,100.0,100.0,100.0,8
,,,,,,100.0,100.0,100.0,100.0,8
,,,,,,28.267788047761766,28.413674875449868,28.610918620519044,28.454781396723895,8
,,,,,,23.990594270192624,22.99630463786032,20.001240686053833,18.30846316617823,8
,,,,,,28.32043199602623,28.52299388908272,28.880135689719328,28.719024884370885,8
,,,,,,71.73221195223819,71.58632512455014,71.38908137948093,71.54521860327606,8
,,,,,,76.00940572980738,77.0036953621397,79.99875931394617,81.69153683382176,8
,,,,,,71.67956800397373,71.47700611091729,71.11986431028069,71.28097511562916,8
,,,,,,0.0,0.0,0.0,0.0,8
,,,,,,0.0,0.0,0.0,0.0,8
,,,,,,0.0,0.0,0.0,0.0,8
,,,,,,0.8784670862629795,0.8268021340755488,0.8405487456672932,0.8241914418743749,8
,,,,,,14.762864987320215,11.229104996028276,10.813258337783047,11.31584143791207,8
,,,,,,0.8891526285299076,0.8404030207770582,0.8713511310324231,0.8523772462294663,8
,,,,,,0.34618089594045975,0.32817003782603904,0.3368704470510047,0.32779531274661794,8
,,,,,,4.659553653601881,3.353448403804113,2.703524210490766,2.5360725748343618,8
,,,,,,0.35130215278324856,0.33536393772275574,0.35383558646594754,0.3434218359895607,8
,,,,,,991.3385254949947,800.6623013764217,796.8942849813594,688.8052220131091,8
,,,,,,767.2927664202626,608.2369286612193,577.1945178951114,463.73164435483693,8
,,,,,,24.020866388716087,45.616414925665204,36.61698811456773,24.196464496214713,8
,,,,,,562.1711984028133,466.7987189828322,481.52141862279467,412.3471285732491,8
,,,,,,128.5829804641353,97.51366172522556,90.38113752713616,75.44647857788395,8
,,,,,,26.0565761677376,14.456726846322859,8.851262512495348,10.095873258253533,8
,,,,,,7.655446015259235,10.067678694901481,5.890701703063948,9.073254797992893,8
,,,,,,424.83312390276404,354.6620089909591,338.89258288254695,288.93737702314525,8
,,,,,,318.22015432572556,262.5872479828459,233.10696243301192,184.69187986969385,8
,,,,,,8.246983473415844,19.91345737123806,16.874857215755803,10.445423333973824,8
,,,,,,238.62211920923488,216.7345060223986,205.2533256625285,167.01185946940655,8
,,,,,,50.12543113418266,37.627460983538874,38.1117643103355,29.031461360493466,8
,,,,,,9.799998845580296,6.268528944662618,2.0848742713242823,4.690415219287376,8
,,,,,,1.9892837580684815,4.069403468691487,1.318528728125218,4.104315443516368,8
,,,,,,566.5054015922303,446.0002923854625,458.00170209881236,399.86784498996377,8
,,,,,,449.07261209453696,345.6496806783735,344.0875554620996,279.0397644851431,8
,,,,,,15.773882915300234,25.702957554427133,19.742130898811926,13.751041162240885,8
,,,,,,323.5490791935783,250.06421296043354,276.26809296026624,245.33526910384262,8
,,,,,,78.45754932995264,59.886200741686736,52.26937321680069,46.41501721739048,8
,,,,,,16.256577322157302,8.188197901660242,6.766388241171065,5.405458038966159,8
,,,,,,5.666162257190754,5.998275226209996,4.57217297493873,4.968939354476526,8
,,,,,,991.3385254949947,800.6623013764217,796.8942849813594,688.8052220131091,8
,,,,,,767.2927664202626,608.2369286612193,577.1945178951114,463.73164435483693,8
,,,,,,24.020866388716087,45.616414925665204,36.61698811456773,24.196464496214713,8
,,,,,,562.1711984028133,466.7987189828322,481.52141862279467,412.3471285732491,8
,,,,,,128.5829804641353,97.51366172522556,90.38113752713616,75.44647857788395,8
,,,,,,26.0565761677376,14.456726846322859,8.851262512495348,10.095873258253533,8
,,,,,,7.655446015259235,10.067678694901481,5.890701703063948,9.073254797992893,8
,,,,,,864.7644171504251,696.8794071280967,683.2151991344614,590.4796852863971,8
,,,,,,660.0480510256865,525.2411154525271,486.797164133828,390.9753949603524,8
,,,,,,19.462384101720087,37.17713056042455,31.496570511305272,19.365218074379772,8
,,,,,,503.5058032307373,410.0128767590275,415.3854161344127,360.7679698094579,8
,,,,,,97.4312113305081,77.39932862384303,69.97835197874954,57.41030148732157,8
,,,,,,19.141193512702714,10.779096001452617,6.210732871579102,6.824583556993477,8
,,,,,,6.320428560126173,7.157523482477538,4.300301707361293,8.784010838104221,8
,,,,,,126.57410834456942,103.782894248325,113.67908584689803,98.3255367267119,8
,,,,,,107.24471539457642,82.99581320869223,90.39735376128358,72.7562493944846,8
,,,,,,4.558482286995997,8.439284365240647,5.120417603262462,4.831246421834942,8
,,,,,,58.665395172075975,56.78584222380467,66.13600248838205,51.57915876379121,8
,,,,,,31.151769133627205,20.11433310138256,20.402785548386625,18.03617709056239,8
,,,,,,6.915382655034885,3.6776308448702415,2.640529640916246,3.271289701260057,8
,,,,,,1.3350174551330616,2.9101552124239443,1.5903999957026547,0.2892439598886731,8
,,,,,,991.3385254949947,800.6623013764217,796.8942849813594,688.8052220131091,8
,,,,,,767.2927664202626,608.2369286612193,577.1945178951114,463.73164435483693,8
,,,,,,24.020866388716087,45.616414925665204,36.61698811456773,24.196464496214713,8
,,,,,,562.1711984028133,466.7987189828322,481.52141862279467,412.3471285732491,8
,,,,,,128.5829804641353,97.51366172522556,90.38113752713616,75.44647857788395,8
,,,,,,26.0565761677376,14.456726846322859,8.851262512495348,10.095873258253533,8
,,,,,,7.655446015259235,10.067678694901481,5.890701703063948,9.073254797992893,8
,,,,,,357.31620642259213,292.7693528693316,269.6745012297467,245.46263619601916,8
,,,,,,281.27832659318796,224.1529872212176,198.49052524172004,162.29436321176786,8
,,,,,,8.589403054306901,21.198005374938486,13.551048053438231,9.533089354037532,8
,,,,,,208.49479887516912,168.54768026839625,152.44705324786057,141.11730254464533,8
,,,,,,42.556862029883234,33.77278336962146,29.21753137250446,25.169127399864273,8
,,,,,,6.492014292482725,4.427447547329929,2.4059097530614126,3.2597898623791752,8
,,,,,,2.906643691887194,6.164505799193048,2.2303143474386102,2.856389694800848,8
,,,,,,611.9509966943781,489.7706789219619,512.166517396506,434.85307350779726,8
,,,,,,467.7522978122773,371.563306961483,368.24410038790217,295.2069027305204,8
,,,,,,15.431463334409177,23.464776881480947,22.37799736509415,14.663375142177182,8
,,,,,,337.8037407191156,287.9984819260205,320.91807791129094,265.0541354686309,8
,,,,,,82.00736372887457,62.143360675277755,59.44532628729939,48.485498455352534,8
,,,,,,19.271632441772738,10.02927929899293,6.445352759433936,6.5078437533968785,8
,,,,,,4.748802323372041,3.9031728957084337,3.660387355625338,6.216865103192046,8
,,,,,,3.250603892933538,3.4084216141238404,3.5442565689605727,3.7965162894902496,8
,,,,,,3.8732965854214028,3.9088924009347217,3.9911377575582634,4.765600576714147,8
,,,,,,15.987449861533518,12.735375921774706,15.067633735491375,21.207590359031293,8
,,,,,,4.286025549739178,4.375086824221968,4.5093656282665,4.6238186123277725,8
,,,,,,7.24234736859047,8.523359782944835,9.428851969065617,10.131933085882237,8
,,,,,,15.03322801375896,29.719124888531606,25.858930131714015,27.0612981275968,8
,,,,,,31.10136354079463,21.089025562604593,35.211035728017706,30.851038974791035,8
,,,,,,4.366155605759191,4.536784928617308,4.34778697981565,4.945496875511921,8
,,,,,,5.263104995535469,5.32419394041493,5.204721321449876,6.422314763778228,8
,,,,,,26.588640186876074,19.967066860910606,21.564020374251935,22.450122882455215,8
,,,,,,6.057272879358961,5.632760235178197,5.835499359111074,6.3108959785833125,8
,,,,,,10.909627525202175,13.407855373746349,14.070647296910868,14.016402185172513,8
,,,,,,23.5646582927227,37.249373930238235,47.07381784713773,31.469412902891143,8
,,,,,,43.467093208172905,32.238609421796525,55.2654568785269,40.70188737597301,8
,,,,,,3.5917914398204576,3.877981767363322,3.968727112200618,4.34875400427257,8
,,,,,,4.225214347129365,4.400239596466182,4.37747613727634,5.149911995111106,8
,,,,,,18.918382231953274,15.451178302160962,16.54924245951723,26.150572809130296,8
,,,,,,4.7569073941549975,5.1161299212500655,4.979487646692833,5.305122593032961,8
,,,,,,8.36014202962362,10.144635131542538,10.254811786569228,11.415553111325364,8
,,,,,,17.57141833448314,33.533329209406624,24.436577904020957,28.099805651303527,8
,,,,,,33.65276104423179,24.062822397087245,42.44640265906439,34.96264167341568,8
,,,,,,3.250603892933538,3.4084216141238404,3.5442565689605727,3.7965162894902496,8
,,,,,,3.8732965854214028,3.9088924009347217,3.9911377575582634,4.765600576714147,8
,,,,,,15.987449861533518,12.735375921774706,15.067633735491375,21.207590359031293,8
,,,,,,4.286025549739178,4.375086824221968,4.5093656282665,4.6238186123277725,8
,,,,,,7.24234736859047,8.523359782944835,9.428851969065617,10.131933085882237,8
,,,,,,15.03322801375896,29.719124888531606,25.858930131714015,27.0612981275968,8
,,,,,,31.10136354079463,21.089025562604593,35.211035728017706,30.851038974791035,8
,,,,,,3.5132846243440032,3.666415640532012,3.8796032967605707,4.08791247885989,8
,,,,,,4.206184046525871,4.207580280960379,4.441943582301409,5.238529000623451,8
,,,,,,18.5622379500481,14.10701274172769,16.3818791173924,24.585796498917052,8
,,,,,,4.589899527221595,4.743358731927015,4.953789187066363,5.037041188649288,8
,,,,,,8.407839677920746,9.804815039214132,11.262468819222116,11.928498153262524,8
,,,,,,18.2270813366444,30.98751784851982,31.253258395409024,35.383592614412905,8
,,,,,,35.387655073360705,25.409534923581457,45.682519803758694,31.363150698778753,8
,,,,,,6.148160993128069,6.620410481934397,6.492393172303033,7.3043544341217626,8
,,,,,,6.655618710687208,7.537955693360102,7.308936037221199,8.352329118974419,8
,,,,,,27.554423500672797,25.086627897180396,25.429807416328217,28.643282151380557,8
,,,,,,8.6410270400378,9.01282999837104,8.635312404410692,8.95738601980396,8
,,,,,,13.307350027950319,14.008588942354482,14.409451764503988,16.25032974647404,8
,,,,,,24.544397352344888,44.777513620320924,44.77280507614934,37.17768503287279,8
,,,,,,47.07703027403408,35.32046921859157,42.04050956210111,99.83020412583254,8
,,,,,,3.250603892933538,3.4084216141238404,3.5442565689605727,3.7965162894902496,8
,,,,,,3.8732965854214028,3.9088924009347217,3.9911377575582634,4.765600576714147,8
,,,,,,15.987449861533518,12.735375921774706,15.067633735491375,21.207590359031293,8
,,,,,,4.286025549739178,4.375086824221968,4.5093656282665,4.6238186123277725,8
,,,,,,7.24234736859047,8.523359782944835,9.428851969065617,10.131933085882237,8
,,,,,,15.03322801375896,29.719124888531606,25.858930131714015,27.0612981275968,8
,,,,,,31.10136354079463,21.089025562604593,35.211035728017706,30.851038974791035,8
,,,,,,4.7267135623261884,5.163608146795695,5.407085063972512,5.5771256277403625,8
,,,,,,5.573177976739049,5.9662418137339035,6.495925927988385,6.978541966730079,8
,,,,,,21.64222218312363,17.724858128750995,23.238608675778885,24.577627713229564,8
,,,,,,6.170065021018766,6.706174715843392,6.8116210198029385,7.48450755254068,8
,,,,,,12.24007188031656,12.28016997490553,15.303530119759461,15.031538080658063,8
,,,,,,27.27220162196524,39.342403877062345,39.14513135514117,38.71426962983907,8
,,,,,,41.57581497030697,26.595967534528388,41.127617425262706,42.13407848602995,8
,,,,,,4.063740023546604,4.325825826581074,4.292285926066362,4.649484529560697,8
,,,,,,4.72529280350344,4.936634246366875,4.8611550624210995,5.641888716117281,8
,,,,,,21.707126228002572,17.61052956367583,18.481878807559905,27.669940251922053,8
,,,,,,5.449103086196971,5.433786611337274,5.397892739496065,5.5094283406583235,8
,,,,,,8.759279135667319,10.941520491779865,11.9341501564908,13.034584104205086,8
,,,,,,17.48906197079502,38.35486373608483,31.854266264604842,34.30275013343079,8
,,,,,,43.266805156831154,31.717544846988442,50.848782084667036,40.42899569795119,8
,,,,,,100.0,100.0,100.0,100.0,8
,,,,,,77.39967192711879,75.96672499949067,72.66754647182539,67.45351172924386,8
,,,,,,2.423074032830712,5.697335174548103,4.624267436512122,3.4449866401228117,8
,,,,,,56.7082973116686,58.301573357501255,59.95099508954625,59.85851599944877,8
,,,,,,12.970642939547952,12.179124901670715,11.263423093897178,10.885854898825126,8
,,,,,,2.6284236411297592,1.8055960448581432,1.0859968481667137,1.4374062169494874,8
,,,,,,0.7722332803959902,1.2574188490695888,0.7227537850093905,1.29181027940696,8
,,,,,,100.0,100.0,100.0,100.0,8
,,,,,,74.90474174950631,74.03873020680363,69.13978032268342,64.00262437920293,8
,,,,,,1.9412289224658992,5.614770363449244,5.06577494777058,3.50649173367896,8
,,,,,,56.168435506420344,61.11015573363077,59.95406988414148,57.70428456438567,8
,,,,,,11.798851905355521,10.609385846144592,11.30892190180358,9.819050447191815,8
,,,,,,2.3067878407295095,1.7674655829354453,0.6030404923254326,1.5745558287196921,8
,,,,,,0.4682506250439618,1.147403264383816,0.3813784957156218,1.377804203329104,8
,,,,,,100.0,100.0,100.0,100.0,8
,,,,,,79.2706672932624,77.49987759641208,75.26635694329246,69.99499770535724,8
,,,,,,2.7844188018271105,5.762991189300158,4.2990207237250635,3.39968978836361,8
,,,,,,57.113149898342606,56.068172427185715,59.94872997103949,61.44504967214329,8
,,,,,,13.849391216648321,13.427390466804715,11.229905345433268,11.671527764399618,8
,,,,,,2.8696244160190303,1.8359176084538236,1.4417778103280514,1.3363992064079113,8
,,,,,,1.000195627661331,1.3449038775575277,0.9742357821175456,1.2284780609048107,8
,,,,,,100.0,100.0,100.0,100.0,8
,,,,,,77.39967192711879,75.96672499949067,72.66754647182539,67.45351172924386,8
,,,,,,2.423074032830712,5.697335174548103,4.624267436512122,3.4449866401228117,8
,,,,,,56.7082973116686,58.301573357501255,59.95099508954625,59.85851599944877,8
,,,,,,12.970642939547952,12.179124901670715,11.263423093897178,10.885854898825126,8
,,,,,,2.6284236411297592,1.8055960448581432,1.0859968481667137,1.4374062169494874,8
,,,,,,0.7722332803959902,1.2574188490695888,0.7227537850093905,1.29181027940696,8
,,,,,,100.0,100.0,100.0,100.0,8
,,,,,,76.32692071219569,75.37044574427782,71.51584516586459,66.36591565864609,8
,,,,,,2.2505995524020985,5.334801140649985,4.663271368775714,3.217550046743625,8
,,,,,,58.22462086147016,58.83555641982989,60.1962499772594,60.93385041904704,8
,,,,,,11.266792365435636,11.106559877097341,10.173844346205613,9.706959768956441,8
,,,,,,2.2134575767787537,1.5467663258804343,0.889260322595612,1.1339112763135473,8
,,,,,,0.7308844391346805,1.0270820760760233,0.6157224537938107,1.4594720479874563,8
,,,,,,100.0,100.0,100.0,100.0,8
,,,,,,84.72879390358958,79.9706096171352,79.56486426270628,73.96643678249141,8
,,,,,,3.6014334579285032,8.131671819681262,4.3906803818446996,4.806960563245226,8
,,,,,,46.348653717056166,54.715994032630455,58.48221069938402,53.41901821956856,8
,,,,,,24.611486141244264,19.381164157220642,17.788700821831593,17.945512279026214,8
,,,,,,5.463504934365658,3.54358092584183,2.264214091573991,3.2548454812484793,8
,,,,,,1.0547318662508591,2.804079837531524,1.3637438586978483,0.28778997942598367,8
,,,,,,100.0,100.0,100.0,100.0,8
,,,,,,77.39967192711879,75.96672499949067,72.66754647182539,67.45351172924386,8
,,,,,,2.423074032830712,5.697335174548103,4.624267436512122,3.4449866401228117,8
,,,,,,56.7082973116686,58.301573357501255,59.95099508954625,59.85851599944877,8
,,,,,,12.970642939547952,12.179124901670715,11.263423093897178,10.885854898825126,8
,,,,,,2.6284236411297592,1.8055960448581432,1.0859968481667137,1.4374062169494874,8
,,,,,,0.7722332803959902,1.2574188490695888,0.7227537850093905,1.29181027940696,8
,,,,,,100.0,100.0,100.0,100.0,8
,,,,,,78.71972262588184,76.56299575907501,73.99985655027945,66.49032550613533,8
,,,,,,2.4038660715401066,7.240513792575674,4.895238104272781,3.8410166486830266,8
,,,,,,58.35022177208096,57.570124268991485,56.569007196874466,57.40686636484911,8
,,,,,,11.910140448416133,11.53562797424869,10.678363081903788,10.228964475631898,8
,,,,,,1.816882127312391,1.5122646902546464,0.8691210489538115,1.3134154802927143,8
,,,,,,0.8134653955352794,2.105584392210746,0.8056882194671001,1.1508798423472213,8
,,,,,,100.0,100.0,100.0,100.0,8
,,,,,,76.43623432905089,75.86475118913484,72.05412833256433,67.87289570890547,8
,,,,,,2.5216828500593156,4.790972161324449,4.482448280154994,3.290470210498469,8
,,,,,,55.20110965483439,58.802720195487446,61.90648104989441,60.985774952903704,8
,,,,,,13.40096905991819,12.688256637180073,11.568644794679702,11.058325689094659,8
,,,,,,3.149211709086802,2.0477500451983883,1.232000683845424,1.4603640565354516,8
,,,,,,0.776010227783598,0.7969388662260749,0.6996668597648048,1.3950682722356924,8
,,,,,,0.0,0.0,0.0,0.0,8
,,,,,,1.8476301796850514,1.8573419778648355,2.2278158583886696,2.6858754349654,8
,,,,,,15.866611383222573,12.450815145985024,14.667863889006135,20.872529683509754,8
,,,,,,2.5301131103544696,2.7198936327131937,2.7120394013921176,2.688969413609422,8
,,,,,,6.7299392445537425,7.679491587376859,8.671950711661765,9.395974705901166,8
,,,,,,14.844486562800057,28.939080765533408,25.433662505504934,26.671820212904514,8
,,,,,,30.88439923015075,21.10453840303708,35.140783300529094,30.81971585116692,8
,,,,,,0.0,0.0,0.0,0.0,8
,,,,,,2.5104201515071862,2.635021184532228,3.0241122096287496,3.7126058592252953,8
,,,,,,26.301811965482447,19.416349131806264,20.500838724720623,22.206140900990444,8
,,,,,,3.7003089239672833,3.5524280545026716,3.6636550765318208,3.947842496401073,8
,,,,,,10.220789378271384,12.182347705678358,13.022787176760552,13.073954613079456,8
,,,,,,23.393122793869153,36.82743865624826,46.67856537925941,31.38996025848692,8
,,,,,,43.3937183555009,32.16947583676177,55.28503240273095,40.454154579243486,8
,,,,,,0.0,0.0,0.0,0.0,8
,,,,,,2.0422980147907865,2.1216780841198006,2.3408083178752057,2.9803130263735276,8
,,,,,,18.867789419346856,14.8853064917465,16.474905834782962,25.765585460879837,8
,,,,,,2.8948659039744062,3.289266714544575,2.9184020911581343,3.0380928834248153,8
,,,,,,7.834768346900682,9.24267145961867,9.3814954297136,10.659726343746884,8
,,,,,,17.4408300257322,32.58071264227611,24.01383875251428,27.667718069989583,8
,,,,,,33.43053279830196,24.09788993085928,42.349965579504065,34.99015561302187,8
,,,,,,0.0,0.0,0.0,0.0,8
,,,,,,1.8476301796850514,1.8573419778648355,2.2278158583886696,2.6858754349654,8
,,,,,,15.866611383222573,12.450815145985024,14.667863889006135,20.872529683509754,8
,,,,,,2.5301131103544696,2.7198936327131937,2.7120394013921176,2.688969413609422,8
,,,,,,6.7299392445537425,7.679491587376859,8.671950711661765,9.395974705901166,8
,,,,,,14.844486562800057,28.939080765533408,25.433662505504934,26.671820212904514,8
,,,,,,30.88439923015075,21.10453840303708,35.140783300529094,30.81971585116692,8
,,,,,,0.0,0.0,0.0,0.0,8
,,,,,,2.0379662939589815,1.9989682150518797,2.4093114007247,2.948274543961506,8
,,,,,,18.43053809796392,13.751889448035271,15.874434573582215,24.197304805691246,8
,,,,,,2.5885224895170524,2.9838158798929806,3.0243999030431787,3.000212026470351,8
,,,,,,7.886183544980244,8.860988394293637,10.400000357683389,11.182658328194844,8
,,,,,,18.126903460011242,30.290652844847028,30.745277530196347,35.11018112246077,8
,,,,,,35.14451010159361,25.38940690224752,45.602039387934106,31.327241215984884,8
,,,,,,0.0,0.0,0.0,0.0,8
,,,,,,2.8238655207630448,3.31804833898293,3.3661183570785824,4.53779937625407,8
,,,,,,27.08453149556256,23.36070906111364,25.01739127984934,28.340701877926893,8
,,,,,,6.622649623561102,5.903598499805283,5.513397906738658,5.546320642773245,8
,,,,,,11.259220960664404,12.644488501996367,13.082797074713634,14.456334566861631,8
,,,,,,23.158878894205024,43.494021432402654,44.02033446439212,35.920962553277,8
,,,,,,47.122140392029074,34.94575346452163,41.9913327577185,99.82235511545778,8
,,,,,,0.0,0.0,0.0,0.0,8
,,,,,,1.8476301796850514,1.8573419778648355,2.2278158583886696,2.6858754349654,8
,,,,,,15.866611383222573,12.450815145985024,14.667863889006135,20.872529683509754,8
,,,,,,2.5301131103544696,2.7198936327131937,2.7120394013921176,2.688969413609422,8
,,,,,,6.7299392445537425,7.679491587376859,8.671950711661765,9.395974705901166,8
,,,,,,14.844486562800057,28.939080765533408,25.433662505504934,26.671820212904514,8
,,,,,,30.88439923015075,21.10453840303708,35.140783300529094,30.81971585116692,8
,,,,,,0.0,0.0,0.0,0.0,8
,,,,,,2.407009721939463,2.641273208342088,3.200745955517777,3.9747633347806266,8
,,,,,,21.451387073991228,17.36241421907761,22.713275041405332,24.23633626508138,8
,,,,,,3.561161813013091,4.250069199026658,4.646825167676252,4.74148090406688,8
,,,,,,11.386840679162935,11.291794319804932,13.942337672321301,14.14911316286236,8
,,,,,,27.06504968521415,38.21775221903803,38.976261258868824,38.44493527281477,8
,,,,,,41.50315721088106,26.610756865827323,41.15768557088026,42.18367190841118,8
,,,,,,0.0,0.0,0.0,0.0,8
,,,,,,2.339433549442392,2.368015836426623,2.666829960855063,3.1007646018233457,8
,,,,,,21.42804761269935,16.953383313005986,17.73680238982317,27.23253760876147,8
,,,,,,3.25910459416635,3.30308699632334,2.995551884720266,3.2126338934709806,8
,,,,,,8.325381986038156,9.83032525068492,11.052972107910202,12.035133875115564,8
,,,,,,17.275515368385097,37.369835373862664,31.23530109948775,33.73004755170553,8
,,,,,,42.88627810380169,31.677598994494932,50.72798762460137,40.18162073713707,8
,,,,,,16350.32999999998,16367.334000000004,16384.315000000013,16401.281,8
,,,,,,8098.794999999991,8107.008000000003,8115.218000000005,8123.411999999999,8
,,,,,,8251.53499999999,8260.326000000003,8269.097000000005,8277.868999999999,8
,,,,,,16350.32999999998,16367.334000000004,16384.315000000013,16401.281,8
,,,,,,2394.9709999999964,2396.5980000000013,2398.1740000000023,2399.6339999999977,8
,,,,,,2391.7589999999955,2390.1360000000013,2388.969000000002,2388.068999999998,8
,,,,,,2687.7159999999985,2687.4319999999984,2687.012000000001,2686.211000000001,8
,,,,,,6921.374999999991,6931.300000000004,6940.940000000006,6950.429000000002,8
,,,,,,1954.508999999999,1961.8680000000013,1969.22,1976.937999999999,8
,,,,,,16350.32999999998,16367.334000000004,16384.315000000013,16401.281,8
,,,,,,6030.87504497021,6111.077586611394,6103.625975893464,6110.293666825255,8
,,,,,,10099.747449990864,10044.475352423036,10074.307957681762,10090.03870862318,8
,,,,,,16350.32999999998,16367.334000000004,16384.315000000013,16401.281,8
,,,,,,6676.132098142137,6718.726644980881,6759.036329180238,6772.778164129765,8
,,,,,,2596.981623025749,2601.8422098728724,2526.3438787350397,2561.7190197002024,8
,,,,,,4651.674259857523,4592.461444657494,4647.463438299591,4595.1062872891725,8
,,,,,,2425.5420189745773,2454.3037004887524,2451.4713537851467,2471.677528880851,8
,,,,,,0.0,0.0,0.0,0.0,8
,,,,,,0.0,0.0,0.0,0.0,8
,,,,,,0.0,0.0,0.0,0.0,8
,,,,,,0.0,0.0,0.0,0.0,8
,,,,,,0.0,0.0,0.0,0.0,8
,,,,,,0.0,0.0,0.0,0.0,8
,,,,,,0.0,0.0,0.0,0.0,8
,,,,,,0.0,0.0,0.0,0.0,8
,,,,,,0.0,0.0,0.0,0.0,8
,,,,,,0.0,0.0,0.0,0.0,8
,,,,,,1.445528618594127,1.3727225909578495,1.3783919869854782,1.431642592240708,8
,,,,,,0.8735864661257219,0.845973326002754,0.8478273814038271,0.8854239802869981,8
,,,,,,0.0,0.0,0.0,0.0,8
,,,,,,0.8439742777735361,0.8289010934054695,0.8325070022584107,0.8202607741333237,8
,,,,,,1.59793688237674,1.5183602444373572,1.498364015457186,1.4783517921228482,8
,,,,,,1.0761496185834805,1.0424917212293783,1.0665081858048648,1.0846360828212884,8
,,,,,,2.5812545140448973,2.5176749062478336,2.4818375670605612,2.53944864094561,8
,,,,,,100.0,100.0,100.0,100.0,8
,,,,,,49.532914626187974,49.53163416839908,49.530407587988876,49.52913129163509,8
,,,,,,50.467085373812026,50.46836583160091,50.469592412011124,50.47086870836491,8
,,,,,,100.0,100.0,100.0,100.0,8
,,,,,,14.647845028204323,14.64256793439909,14.637011068207611,14.630771828127328,8
,,,,,,14.628200164767316,14.603086855806815,14.580829287034582,14.560259043180835,8
,,,,,,16.438298187253714,16.419485299194115,16.399904420782928,16.378056079887905,8
,,,,,,42.33171440576429,42.348375123279084,42.363321261828766,42.37735454931843,8
,,,,,,11.95394221401036,11.986484787320892,12.018933962146114,12.053558499485497,8
,,,,,,100.0,100.0,100.0,100.0,8
,,,,,,36.88534142717739,37.33703721456039,37.252860286764886,37.254978235085765,8
,,,,,,61.77090890514666,61.36903757461681,61.48751386726732,61.5198209738812,8
,,,,,,100.0,100.0,100.0,100.0,8
,,,,,,40.83178809321977,41.049609209299945,41.25309071011047,41.29420234998577,8
,,,,,,15.883359069974414,15.89655474662442,15.419282885705249,15.619017927320453,8
,,,,,,28.450032873082826,28.05870183047217,28.365320358523334,28.016752394457328,8
,,,,,,14.83481996372292,14.995134213603464,14.962306045661036,15.07002732823645,8
,,,,,,0.0,0.0,0.0,0.0,8
,,,,,,0.0,0.0,0.0,0.0,8
,,,,,,0.0,0.0,0.0,0.0,8
,,,,,,0.0,0.0,0.0,0.0,8
,,,,,,0.0,0.0,0.0,0.0,8
,,,,,,0.0,0.0,0.0,0.0,8
,,,,,,0.0,0.0,0.0,0.0,8
,,,,,,0.0,0.0,0.0,0.0,8
,,,,,,0.0,0.0,0.0,0.0,8
,,,,,,0.0,0.0,0.0,0.0,8
,,,,,,1.445528618594126,1.3727225909578489,1.3783919869854784,1.4316425922407074,8
,,,,,,0.8735864661257213,0.8459733260027547,0.8478273814038272,0.8854239802869969,8
,,,,,,0.0,0.0,0.0,0.0,8
,,,,,,0.8439742777735354,0.8289010934054695,0.832507002258411,0.8202607741333228,8
,,,,,,1.5979368823767406,1.5183602444373576,1.4983640154571871,1.4783517921228475,8
,,,,,,1.0761496185834805,1.0424917212293783,1.0665081858048644,1.084636082821288,8
,,,,,,2.5812545140448973,2.5176749062478336,2.4818375670605604,2.5394486409456083,8
,,,,,,,,1452.6424289783404,1926.476737441281,8
,,,,,,,,692.6247418686846,910.1818145023225,8
,,,,,,,,760.0176871096555,1016.2949229389591,8
,,,,,,,,1452.6424289783404,1926.476737441281,8
,,,,,,,,69.19978252714328,91.53125975950678,8
,,,,,,,,91.17407589251991,130.686604774225,8
,,,,,,,,296.24576686368874,382.17909568098105,8
,,,,,,,,866.8713391122853,1122.6310173333188,8
,,,,,,,,129.1514645827031,199.44875989324962,8
,,,,,,,,1452.6424289783404,1926.476737441281,8
,,,,,,,,1323.4909643956373,1727.0279775480315,8
,,,,,,,,129.1514645827031,199.44875989324962,8
,,,,,,,,1452.6424289783404,1926.476737441281,8
,,,,,,,,583.7893367895243,790.9616764423834,8
,,,,,,,,852.085173802861,1107.222602188266,8
,,,,,,,,1452.6424289783404,1926.476737441281,8
,,,,,,,,277.3879787594018,392.7132954413146,8
,,,,,,,,169.03632549910233,230.93082335206233,8
,,,,,,,,540.7866446898366,691.0977453563314,8
,,,,,,,,465.4314800299996,611.7348732915727,8
,,,,,,,,150.4803252930341,177.7138829281677,8
,,,,,,,,408.8367840078095,515.0493616048827,8
,,,,,,,,457.29970793654,644.4188862665847,8
,,,,,,,,237.7406976788534,346.0167595386158,8
,,,,,,,,196.98157556678905,240.4574236638094,8
,,,,,,,,2.7176546813094036,2.370460002879632,8
,,,,,,,,3.273815815371569,2.959550074737598,8
,,,,,,,,3.1351700585148405,2.658927879525511,8
,,,,,,,,2.7176546813094036,2.370460002879632,8
,,,,,,,,12.488603967189835,10.906877740210255,8
,,,,,,,,7.967218037609704,7.143411232392048,8
,,,,,,,,5.079483096264813,3.968097319661458,8
,,,,,,,,2.855798612066865,2.580416831178778,8
,,,,,,,,6.2551057331602875,5.052321888822373,8
,,,,,,,,2.7176546813094036,2.370460002879632,8
,,,,,,,,2.7861062184491225,2.491077283660423,8
,,,,,,,,6.2551057331602875,5.052321888822373,8
,,,,,,,,2.7176546813094036,2.370460002879632,8
,,,,,,,,4.127876859298814,3.959556356080874,8
,,,,,,,,3.387868708258071,2.919869354711684,8
,,,,,,,,2.7176546813094036,2.370460002879632,8
,,,,,,,,6.411563713518399,4.967425633089132,8
,,,,,,,,6.215618196394942,5.529359665694896,8
,,,,,,,,3.8526346202150443,3.4404469768534076,8
,,,,,,,,4.7183527318260445,4.101964132272886,8
,,,,,,,,9.353970746314191,8.578770487622316,8
,,,,,,,,5.8814193553643115,5.0433194145225855,8
,,,,,,,,4.493740829288788,4.149832112948908,8
,,,,,,,,6.907516092373121,6.291711439021445,8
,,,,,,,,9.179760698108646,7.460262109355755,8
,,,,,,,,100.0,100.0,8
,,,,,,,,47.68033261673455,47.24592811389008,8
,,,,,,,,52.31966738326543,52.75407188610994,8
,,,,,,,,100.0,100.0,8
,,,,,,,,4.763717563709897,4.751225798920225,8
,,,,,,,,6.276429358919637,6.783710502925723,8
,,,,,,,,20.39357800336602,19.838240880530222,8
,,,,,,,,59.67547978906037,58.27379046499058,8
,,,,,,,,8.890795284944057,10.353032352633267,8
,,,,,,,,100.0,100.0,8
,,,,,,,,91.10920471505592,89.64696764736672,8
,,,,,,,,8.890795284944057,10.353032352633267,8
,,,,,,,,100.0,100.0,8
,,,,,,,,40.188096199290406,41.05742161688012,8
,,,,,,,,58.65759920024794,57.47396688832398,8
,,,,,,,,100.0,100.0,8
,,,,,,,,19.095406634548866,20.385052557806173,8
,,,,,,,,11.636471724014525,11.987210583128105,8
,,,,,,,,37.2277880572563,35.87366158774581,8
,,,,,,,,32.040333584180296,31.75407527131993,8
,,,,,,,,10.368378160540836,9.238338555313124,8
,,,,,,,,28.1696253266177,26.77450009421647,8
,,,,,,,,31.50881216768881,33.499689189588494,8
,,,,,,,,16.380782357328354,17.987452177397905,8
,,,,,,,,13.572401987824273,12.500019983484007,8
,,,,,,,,0.0,0.0,8
,,,,,,,,1.7737853052561048,1.5846124344474835,8
,,,,,,,,1.6164986815711009,1.4191603129311123,8
,,,,,,,,0.0,0.0,8
,,,,,,,,11.450031730038045,9.990444594201305,8
,,,,,,,,7.028606680023996,6.263066905240794,8
,,,,,,,,4.291571182673119,3.4686877077822578,8
,,,,,,,,1.662615031113653,1.330969667741169,8
,,,,,,,,5.69527345856857,4.732625960692197,8
,,,,,,,,0.0,0.0,8
,,,,,,,,0.5557672308771773,0.5465553489404352,8
,,,,,,,,5.69527345856857,4.732625960692197,8
,,,,,,,,0.0,0.0,8
,,,,,,,,3.029062272117236,2.871437101569367,8
,,,,,,,,2.06491309061152,2.0252142697620727,8
,,,,,,,,0.0,0.0,8
,,,,,,,,5.294049392997251,4.150696226890154,8
,,,,,,,,5.773017937826149,5.017322812170151,8
,,,,,,,,3.0787007945481686,2.8402821332103336,8
,,,,,,,,3.894599989505047,3.1950520980736314,8
,,,,,,,,8.673976886730566,8.345975138172582,8
,,,,,,,,5.020261713734139,4.522893294063836,8
,,,,,,,,4.029372666217116,3.5605868531825893,8
,,,,,,,,6.464197055523736,5.588770346380819,8
,,,,,,,,8.662210862798,6.960910900036031,8
,,,,,,,,8.866055303369961,11.745891905890053,8
,,,,,,,,8.534887687166067,11.204427579228083,8
,,,,,,,,9.191060246477399,12.27725303382984,8
,,,,,,,,8.866055303369961,11.745891905890053,8
,,,,,,,,2.8855196715143796,3.8143841835674497,8
,,,,,,,,3.8164612388239396,5.472480266450641,8
,,,,,,,,11.025100254992857,14.227441391647245,8
,,,,,,,,12.489249858265373,16.151967271852136,8
,,,,,,,,6.558508677684721,10.088771620215194,8
,,,,,,,,8.866055303369961,11.745891905890053,8
,,,,,,,,9.181285065382063,11.973009637583031,8
,,,,,,,,6.558508677684721,10.088771620215194,8
,,,,,,,,8.866055303369961,11.745891905890053,8
,,,,,,,,9.564631566469274,12.94474078613877,8
,,,,,,,,8.458002052172107,10.97342274060859,8
,,,,,,,,8.866055303369961,11.745891905890053,8
,,,,,,,,4.103957505922218,5.798407771883289,8
,,,,,,,,6.690946823270167,9.014681999710028,8
,,,,,,,,11.636167812171072,15.039864197875513,8
,,,,,,,,18.98580129485744,24.74978495955172,8
,,,,,,,,4.903852827418825,6.217555699022543,8
,,,,,,,,6.842828266927798,8.794914852368422,8
,,,,,,,,9.663974848409946,13.06266007961654,8
,,,,,,,,13.707511024761818,19.018218753751537,8
,,,,,,,,22.76335591861008,26.028413209229544,8
,,,,,,,,2.717654681309403,2.3704600028796325,8
,,,,,,,,3.2738158153715684,2.9595500747375976,8
,,,,,,,,3.1351700585148414,2.658927879525511,8
,,,,,,,,2.717654681309403,2.3704600028796325,8
,,,,,,,,12.488603967189833,10.906877740210254,8
,,,,,,,,7.9672180376097055,7.143411232392048,8
,,,,,,,,5.0794830962648145,3.9680973196614575,8
,,,,,,,,2.8557986120668652,2.5804168311787783,8
,,,,,,,,6.2551057331602875,5.052321888822372,8
,,,,,,,,2.717654681309403,2.3704600028796325,8
,,,,,,,,2.786106218449123,2.491077283660424,8
,,,,,,,,6.2551057331602875,5.052321888822372,8
,,,,,,,,2.717654681309403,2.3704600028796325,8
,,,,,,,,3.7453464252121433,3.5485959784488728,8
,,,,,,,,3.3224778890612003,2.848941173610671,8
,,,,,,,,2.717654681309403,2.3704600028796325,8
,,,,,,,,6.352476445845151,4.8900646566846495,8
,,,,,,,,6.02047719168936,5.301526489691148,8
,,,,,,,,3.617968446212421,3.160753333549144,8
,,,,,,,,3.6985194895129783,3.126894362552055,8
,,,,,,,,8.811511259702197,8.117895266190512,8
,,,,,,,,5.645772563204815,4.732810570328234,8
,,,,,,,,4.226313276610016,3.7564368232641927,8
,,,,,,,,5.984043703050963,5.176574037974815,8
,,,,,,,,7.060599790949107,5.377208516761518,8
,,,,,,,,263.97054690608184,428.00867587540114,8
,,,,,,,,123.77427138039263,195.56283033269946,8
,,,,,,,,140.19627552568915,232.4458455427016,8
,,,,,,,,263.97054690608184,428.00867587540114,8
,,,,,,,,8.231402106187696,14.230484932999587,8
,,,,,,,,16.807075906461524,28.3721719345244,8
,,,,,,,,58.11736730942939,91.17944510930181,8
,,,,,,,,156.55569170973118,248.85403601608166,8
,,,,,,,,24.25900987427203,45.37253788249362,8
,,,,,,,,263.97054690608184,428.00867587540114,8
,,,,,,,,239.71153703180983,382.6361379929075,8
,,,,,,,,24.25900987427203,45.37253788249362,8
,,,,,,,,263.97054690608184,428.00867587540114,8
,,,,,,,,110.32062034049488,173.10013330769178,8
,,,,,,,,152.18953466297557,251.5862919072121,8
,,,,,,,,263.97054690608184,428.00867587540114,8
,,,,,,,,50.511679531743205,81.82464614760458,8
,,,,,,,,35.129442931119705,56.557141946782245,8
,,,,,,,,104.74806951440677,156.2423017657299,8
,,,,,,,,73.58135492881216,133.3845860152843,8
,,,,,,,,28.306566114676073,44.05937723859524,8
,,,,,,,,89.40151319856183,119.58423502337544,8
,,,,,,,,77.76994932790639,134.120446922775,8
,,,,,,,,41.80141736626173,81.3165196313535,8
,,,,,,,,26.691100898675803,48.92809705930193,8
,,,,,,,,6.147506739021538,5.215686350197736,8
,,,,,,,,7.75765886251409,6.353404514125804,8
,,,,,,,,7.122492274724862,5.8090806084114615,8
,,,,,,,,6.147506739021538,5.215686350197736,8
,,,,,,,,31.614382173124483,28.174335919725024,8
,,,,,,,,18.321360369188426,16.218871032098253,8
,,,,,,,,11.571112929803403,9.416892380670573,8
,,,,,,,,7.085003267424042,5.791603850109143,8
,,,,,,,,15.01345766160404,10.194228547860163,8
,,,,,,,,6.147506739021538,5.215686350197736,8
,,,,,,,,6.479464668291102,5.556403268952404,8
,,,,,,,,15.01345766160404,10.194228547860163,8
,,,,,,,,6.147506739021538,5.215686350197736,8
,,,,,,,,8.97933508166343,7.868666460752537,8
,,,,,,,,7.791617543775682,6.363235317688458,8
,,,,,,,,6.147506739021538,5.215686350197736,8
,,,,,,,,12.844465855496907,9.32178565628299,8
,,,,,,,,13.747542197118664,10.475105239814258,8
,,,,,,,,8.968134571585864,7.205613650958504,8
,,,,,,,,10.521647659858644,8.657708479586265,8
,,,,,,,,16.788925215273736,15.626068987841535,8
,,,,,,,,11.600599929552157,10.725390967266064,8
,,,,,,,,10.70244537306116,8.280429822653636,8
,,,,,,,,17.35524421286328,11.797315261458115,8
,,,,,,,,19.811942944450603,17.320330445002085,8
,,,,,,,,100.0,100.0,8
,,,,,,,,46.889424911647566,45.69132388092767,8
,,,,,,,,53.11057508835244,54.30867611907231,8
,,,,,,,,100.0,100.0,8
,,,,,,,,3.1183032359728946,3.324812260848251,8
,,,,,,,,6.36702696700527,6.6288777619974955,8
,,,,,,,,22.016610561521095,21.303176839304378,8
,,,,,,,,59.308015058752815,58.14228777187831,8
,,,,,,,,9.190044176747929,10.60084536597154,8
,,,,,,,,100.0,100.0,8
,,,,,,,,90.8099558232521,89.39915463402846,8
,,,,,,,,9.190044176747929,10.60084536597154,8
,,,,,,,,100.0,100.0,8
,,,,,,,,41.792776365973076,40.44313656812028,8
,,,,,,,,57.65398316090287,58.780652376414,8
,,,,,,,,100.0,100.0,8
,,,,,,,,19.135346774015197,19.11752045218467,8
,,,,,,,,13.308091884818666,13.214017643709344,8
,,,,,,,,39.68172614033153,36.50447072040523,8
,,,,,,,,27.87483520083463,31.16399118370075,8
,,,,,,,,10.723380485606707,10.294038350620141,8
,,,,,,,,33.867988018515575,27.93967547008041,8
,,,,,,,,29.46160101550123,31.33591781719377,8
,,,,,,,,15.835636913361501,18.998801710044255,8
,,,,,,,,10.111393567014979,11.431566652061404,8
,,,,,,,,0.0,0.0,8
,,,,,,,,4.435574343722976,3.372131484861744,8
,,,,,,,,3.9160097548188832,2.8370632991692855,8
,,,,,,,,0.0,0.0,8
,,,,,,,,30.22976566299115,25.78908544469611,8
,,,,,,,,16.553359719435893,14.676080173348987,8
,,,,,,,,9.569170584521473,8.030162987339724,8
,,,,,,,,4.000991175291593,3.132450400515516,8
,,,,,,,,14.42161174258091,9.811052337429352,8
,,,,,,,,0.0,0.0,8
,,,,,,,,1.459479280798078,1.1633829104123774,8
,,,,,,,,14.42161174258091,9.811052337429352,8
,,,,,,,,0.0,0.0,8
,,,,,,,,6.53648403668297,5.631350124312095,8
,,,,,,,,4.743208352988592,3.886758075182728,8
,,,,,,,,0.0,0.0,8
,,,,,,,,10.932354709497323,7.213611033583344,8
,,,,,,,,12.08541257429084,9.277667297195437,8
,,,,,,,,6.617682285264369,5.446986164995149,8
,,,,,,,,8.887520211849882,6.718840711530666,8
,,,,,,,,16.140212812635728,14.942284542152937,8
,,,,,,,,9.39964599434828,8.865239536720061,8
,,,,,,,,9.342640009587782,7.340302966015059,8
,,,,,,,,15.817671127344902,10.76029733136155,8
,,,,,,,,18.855472967674867,15.781254394390945,8
,,,,,,,,1.6111173821187013,2.6096051636174127,8
,,,,,,,,1.5252119090379652,2.407397659169567,8
,,,,,,,,1.6954242467549856,2.8080396723202767,8
,,,,,,,,1.6111173821187013,2.6096051636174127,8
,,,,,,,,0.3432362333253422,0.5930273088729202,8
,,,,,,,,0.7035284219452625,1.1880800736714239,8
,,,,,,,,2.1628994328804407,3.3943515646872813,8
,,,,,,,,2.255540196424851,3.58041260497851,8
,,,,,,,,1.2319095821834036,2.295091595310205,8
,,,,,,,,1.6111173821187013,2.6096051636174127,8
,,,,,,,,1.6629202723381962,2.652711031572863,8
,,,,,,,,1.2319095821834036,2.295091595310205,8
,,,,,,,,1.6111173821187013,2.6096051636174127,8
,,,,,,,,1.8074603649733938,2.8329265784312105,8
,,,,,,,,1.5106698673721757,2.493412554425589,8
,,,,,,,,1.6111173821187013,2.6096051636174127,8
,,,,,,,,0.7473207284546355,1.2081400595839273,8
,,,,,,,,1.3905249885739754,2.20778084996227,8
,,,,,,,,2.2538761392113673,3.400189070662456,8
,,,,,,,,3.001518039980369,5.396520559689653,8
,,,,,,,,0.9224543740562865,1.5414756997681478,8
,,,,,,,,1.4963409006992667,2.0420045982369968,8
,,,,,,,,1.6434885507761987,2.718681660663965,8
,,,,,,,,2.41016113350823,4.4694232750602385,8
,,,,,,,,3.084445983680762,5.296242088916941,8
,,,,,,,,6.147506739021539,5.215686350197736,8
,,,,,,,,7.757658862514089,6.353404514125804,8
,,,,,,,,7.122492274724861,5.809080608411462,8
,,,,,,,,6.147506739021539,5.215686350197736,8
,,,,,,,,31.614382173124483,28.174335919725024,8
,,,,,,,,18.321360369188426,16.218871032098253,8
,,,,,,,,11.571112929803402,9.416892380670573,8
,,,,,,,,7.085003267424042,5.791603850109146,8
,,,,,,,,15.013457661604047,10.194228547860162,8
,,,,,,,,6.147506739021539,5.215686350197736,8
,,,,,,,,6.479464668291102,5.556403268952403,8
,,,,,,,,15.013457661604047,10.194228547860162,8
,,,,,,,,6.147506739021539,5.215686350197736,8
,,,,,,,,8.900487375784433,7.774640332641011,8
,,,,,,,,7.785947184909691,6.3467877507193124,8
,,,,,,,,6.147506739021539,5.215686350197736,8
,,,,,,,,12.814952923819432,9.279246023832014,8
,,,,,,,,13.656204515540177,10.281795442629145,8
,,,,,,,,8.834560125669505,7.016713031108939,8
,,,,,,,,9.924838883697879,8.23577132112914,8
,,,,,,,,16.46351502294809,15.446132782959834,8
,,,,,,,,11.498264663495302,10.468984396588455,8
,,,,,,,,10.47125950048106,8.024940965681497,8
,,,,,,,,17.081255109878253,11.31928318825373,8
,,,,,,,,18.473863284787733,16.33353274781341,8
,,,,,,,,598.6771303505237,930.1099258309451,8
,,,,,,,,159.8897338911686,271.45621633695623,8
,,,,,,,,386.3222075210256,622.5205482378127,8
,,,,,,,,1.602700675646857,6.388849904429753,8
,,,,,,,,50.86248826268269,29.74431135174633,8
,,,,,,,,4.712604356304078,3.5382438596028694,8
,,,,,,,,8.012370565487043,6.8437793333065295,8
,,,,,,,,5.3773164178188075,3.9745530705304635,8
,,,,,,,,46.03728551245235,37.53202975213176,8
,,,,,,,,15.788892033265745,14.90635012235691,8
,,,,,,,,100.0,100.0,8
,,,,,,,,26.707172495056497,29.185390758457032,8
,,,,,,,,64.52930769124838,66.92978227080663,8
,,,,,,,,0.26770701508315176,0.686891917503413,8
,,,,,,,,8.495812798611976,3.1979350532329005,8
,,,,,,,,0.0,0.0,8
,,,,,,,,6.850520097977247,5.32727623176539,8
,,,,,,,,2.8180553365361507,2.3156016135754762,8
,,,,,,,,46.26682758219231,37.43212444271303,8
,,,,,,,,14.170615448166224,14.804590763731214,8
,,,,,,,,3.6539649680229145,5.670959029547426,8
,,,,,,,,4.712604356304078,3.5382438596028685,8
,,,,,,,,640.549938709309,675.5510238571973,8
,,,,,,,,69.53591524779152,83.23347150838991,8
,,,,,,,,562.8957372766622,587.2576892456508,8
,,,,,,,,1.2414414691139168,1.6978537784119638,8
,,,,,,,,6.876844715741146,3.36200932474479,8
,,,,,,,,4.413759301701533,3.9744160839648766,8
,,,,,,,,11.483846764223813,10.526846171242166,8
,,,,,,,,4.554998657926903,3.9847544227804206,8
,,,,,,,,52.726009626830425,47.53829446542119,8
,,,,,,,,33.32925060191372,41.46801251635297,8
,,,,,,,,100.0,100.0,8
,,,,,,,,10.855658715369566,12.320826787168679,8
,,,,,,,,87.87694811287969,86.93017529491442,8
,,,,,,,,0.19380869376326668,0.2513287255073227,8
,,,,,,,,1.0735844779874315,0.4976691924095839,8
,,,,,,,,0.0,0.0,8
,,,,,,,,10.314669407247532,9.093523472207766,8
,,,,,,,,1.3262951519190354,1.3099089584475458,8
,,,,,,,,52.61576777933765,47.56146122115988,8
,,,,,,,,33.32206508366096,41.40688104747674,8
,,,,,,,,3.909531394564306,4.118891834468284,8
,,,,,,,,4.413759301701533,3.9744160839648752,8
,,,,,,,,429.01576484461793,639.2628436863031,8
,,,,,,,,83.93744606703585,150.20866904531354,8
,,,,,,,,326.261980767495,467.47680972458585,8
,,,,,,,,2.681543012869099,5.073348975686471,8
,,,,,,,,15.633224882096185,16.112237750627184,8
,,,,,,,,4.785888139196139,4.553745429487974,8
,,,,,,,,9.959070415540053,8.102537544632996,8
,,,,,,,,5.467517182861894,4.9927113824010485,8
,,,,,,,,44.18559546707126,36.723211283073184,8
,,,,,,,,20.405095179742865,21.72894979589567,8
,,,,,,,,100.0,100.0,8
,,,,,,,,19.565119267222368,23.497168735654434,8
,,,,,,,,76.04894913026362,73.12748024410195,8
,,,,,,,,0.6250453322712525,0.7936248799368741,8
,,,,,,,,3.643974455754153,2.5204402085558604,8
,,,,,,,,0.0,0.0,8
,,,,,,,,8.79693034293761,6.539311425995566,8
,,,,,,,,2.4283289446098255,2.156720856881324,8
,,,,,,,,44.033004052081,36.49725644263213,8
,,,,,,,,20.186759338736728,21.34351065617647,8
,,,,,,,,2.6184540815079425,3.8976397251306394,8
,,,,,,,,4.785888139196137,4.553745429487973,8
,,,,,,,,3531.4198705405065,3315.108332976851,8
,,,,,,,,1591.3967697527976,1470.2708342905944,8
,,,,,,,,1940.023100787709,1844.8374986862575,8
,,,,,,,,3531.4198705405065,3315.108332976851,8
,,,,,,,,131.56453762058186,118.89770774182938,8
,,,,,,,,242.77381490769062,202.9843663586051,8
,,,,,,,,258.0342326884666,225.85475068220995,8
,,,,,,,,1720.4676194815313,1637.274975784538,8
,,,,,,,,1178.5796658422357,1130.0965324096692,8
,,,,,,,,3531.4198705405065,3315.108332976851,8
,,,,,,,,2352.8402046982706,2185.0118005671825,8
,,,,,,,,1178.5796658422357,1130.0965324096692,8
,,,,,,,,3531.4198705405065,3315.108332976851,8
,,,,,,,,1342.795946170991,1259.6174943528706,8
,,,,,,,,2143.318386218845,2017.3156001231555,8
,,,,,,,,3531.4198705405065,3315.108332976851,8
,,,,,,,,1478.9405103394915,1395.4892441604773,8
,,,,,,,,541.9021294079664,501.3398755025633,8
,,,,,,,,975.3342113707081,897.2921107272184,8
,,,,,,,,535.2430194223408,520.9871025865928,8
,,,,,,,,1.202145130926306,1.376839426408711,8
,,,,,,,,1.7447524271808834,1.9397730140613714,8
,,,,,,,,1.373261143294702,1.5099373164007197,8
,,,,,,,,1.202145130926306,1.376839426408711,8
,,,,,,,,7.787048693337723,8.6900600289347,8
,,,,,,,,5.106019483569649,6.013965884878377,8
,,,,,,,,4.668212483813218,5.138264079382506,8
,,,,,,,,1.5853681578209802,1.7726773815784265,8
,,,,,,,,1.2639269746673816,1.3925194471873235,8
,,,,,,,,1.202145130926306,1.376839426408711,8
,,,,,,,,1.6268564107924317,1.863994583353687,8
,,,,,,,,1.2639269746673816,1.3925194471873235,8
,,,,,,,,1.202145130926306,1.376839426408711,8
,,,,,,,,2.236644765425905,2.337975789705711,8
,,,,,,,,1.7388199325708409,1.962346598941107,8
,,,,,,,,1.202145130926306,1.376839426408711,8
,,,,,,,,2.023490891303785,2.2716644090835554,8
,,,,,,,,3.237777008136336,3.3537734348787116,8
,,,,,,,,2.535697118534539,2.6119907469812005,8
,,,,,,,,3.825077537690275,4.0969803401905045,8
,,,,,,,,21.553661965974815,20.212496407913836,8
,,,,,,,,19.610031052188575,18.09917845223898,8
,,,,,,,,23.461123999243316,22.286381901987806,8
,,,,,,,,21.553661965974815,20.212496407913836,8
,,,,,,,,5.4860296884455355,4.954826766991531,8
,,,,,,,,10.162284019076457,8.499937244635953,8
,,,,,,,,9.603017503772465,8.407930377852301,8
,,,,,,,,24.787242354515822,23.556459260062063,8
,,,,,,,,59.85007596115397,57.16398452605344,8
,,,,,,,,21.553661965974815,20.212496407913836,8
,,,,,,,,16.322058263912027,15.148085431462535,8
,,,,,,,,59.85007596115397,57.16398452605344,8
,,,,,,,,21.553661965974815,20.212496407913836,8
,,,,,,,,21.999971025000914,20.614680128906688,8
,,,,,,,,21.275092991221747,19.99314034741126,8
,,,,,,,,21.553661965974815,20.212496407913836,8
,,,,,,,,21.880937434151416,20.604384350742762,8
,,,,,,,,21.450054126412184,19.57044748651767,8
,,,,,,,,20.98637728557499,19.52712417576231,8
,,,,,,,,21.833541664515433,21.078279690574764,8
,,,,,,,,1.2021451309263051,1.376839426408711,8
,,,,,,,,1.7447524271808834,1.9397730140613718,8
,,,,,,,,1.3732611432947017,1.5099373164007197,8
,,,,,,,,1.2021451309263051,1.376839426408711,8
,,,,,,,,7.78704869333772,8.690060028934699,8
,,,,,,,,5.106019483569648,6.013965884878375,8
,,,,,,,,4.668212483813218,5.138264079382505,8
,,,,,,,,1.5853681578209793,1.7726773815784267,8
,,,,,,,,1.2639269746673805,1.3925194471873232,8
,,,,,,,,1.2021451309263051,1.376839426408711,8
,,,,,,,,1.6268564107924322,1.8639945833536862,8
,,,,,,,,1.2639269746673805,1.3925194471873232,8
,,,,,,,,1.2021451309263051,1.376839426408711,8
,,,,,,,,1.9273707716072765,2.024589989970821,8
,,,,,,,,1.5083976550023328,1.7381995680915943,8
,,,,,,,,1.2021451309263051,1.376839426408711,8
,,,,,,,,1.7001534426552067,1.9470886487938883,8
,,,,,,,,2.842556599228973,2.9905880310229382,8
,,,,,,,,2.218085429874215,2.2879562728685032,8
,,,,,,,,3.0230654242704698,3.2265613718185,8
,,,,,,,,78.66628944602388,120.2671534186247,8
,,,,,,,,33.26094030284742,49.25102952777671,8
,,,,,,,,45.40534914317647,71.01612389084804,8
,,,,,,,,78.66628944602388,120.2671534186247,8
,,,,,,,,60.903357868714515,89.4221125553687,8
,,,,,,,,17.76293157730938,30.84504086325601,8
,,,,,,,,78.66628944602388,120.2671534186247,8
,,,,,,,,33.6462764792996,50.09919163153259,8
,,,,,,,,44.06524941894557,69.0962281634962,8
,,,,,,,,78.66628944602388,120.2671534186247,8
,,,,,,,,19.405992052611293,28.2557623269385,8
,,,,,,,,11.883740933287335,17.775562206889248,8
,,,,,,,,24.671829986577272,38.653463830039286,8
,,,,,,,,22.704726473547986,35.582365054757716,8
,,,,,,,,9.042977943213932,7.3954871270836815,8
,,,,,,,,13.283796504192411,10.616380406844499,8
,,,,,,,,11.026052896067782,8.549685091517697,8
,,,,,,,,9.042977943213932,7.3954871270836815,8
,,,,,,,,10.114813055434402,8.121404559927003,8
,,,,,,,,17.685119506540644,12.475163467224679,8
,,,,,,,,9.042977943213932,7.3954871270836815,8
,,,,,,,,13.755286537885327,10.87741544381323,8
,,,,,,,,12.340996043139691,9.454724167811813,8
,,,,,,,,9.042977943213932,7.3954871270836815,8
,,,,,,,,18.84504188447013,13.002836845021301,8
,,,,,,,,21.35618805766906,16.25497010407383,8
,,,,,,,,14.921889684010662,12.61287662873451,8
,,,,,,,,16.652137485172823,14.835519224880425,8
,,,,,,,,2.227610772150508,3.62784987212255,8
,,,,,,,,2.090046991110461,3.3497930026980582,8
,,,,,,,,2.340454045353402,3.8494514525761705,8
,,,,,,,,2.227610772150508,3.62784987212255,8
,,,,,,,,2.5885037898918752,4.09252309448199,8
,,,,,,,,1.5071472970489133,2.7294164682981634,8
,,,,,,,,2.227610772150508,3.62784987212255,8
,,,,,,,,2.5056879695863414,3.977333742674882,8
,,,,,,,,2.0559357724114737,3.4251570829709497,8
,,,,,,,,2.227610772150508,3.62784987212255,8
,,,,,,,,1.3121550134668123,2.0247925553834767,8
,,,,,,,,2.1929681188502514,3.5456110865049983,8
,,,,,,,,2.529577010520748,4.3077904472727635,8
,,,,,,,,4.2419472369862925,6.829797681765764,8
,,,,,,,,9.029624014082353,7.299858516645025,8
,,,,,,,,13.247139858310367,10.493421445732546,8
,,,,,,,,10.889794770463688,8.4694465253718,8
,,,,,,,,9.029624014082353,7.299858516645025,8
,,,,,,,,10.0847870190712,8.073798005455538,8
,,,,,,,,17.708675412993692,12.368763677507454,8
,,,,,,,,9.029624014082353,7.299858516645025,8
,,,,,,,,13.712800992884272,10.723958342460998,8
,,,,,,,,12.225049726551077,9.32786032137329,8
,,,,,,,,9.029624014082353,7.299858516645025,8
,,,,,,,,18.77651039903717,12.936226231929565,8
,,,,,,,,21.05041285503968,15.852337539741729,8
,,,,,,,,14.644650448818252,12.267437038281454,8
,,,,,,,,16.181948176547674,14.284126270960549,8
,,,,,,,,3531.4198705405065,3315.108332976851,8
,,,,,,,,827.0479282671176,754.8556064511232,8
,,,,,,,,1945.4526151330722,1907.070517532813,8
,,,,,,,,907.3588156443002,778.3074788170433,8
,,,,,,,,435.96032704913125,382.45299272255255,8
,,,,,,,,499.49110449808416,449.00124314508054,8
,,,,,,,,147.94106283316987,125.57549197206902,8
,,,,,,,,1.202145130926306,1.376839426408711,8
,,,,,,,,2.3737513264685024,2.6395570912670276,8
,,,,,,,,1.4513409416044178,1.5202576052914711,8
,,,,,,,,3.0373544323632604,3.29038394927167,8
,,,,,,,,3.5646780375846814,3.676698514707135,8
,,,,,,,,3.777014185257822,4.030138082978926,8
,,,,,,,,5.6488409857771416,6.431919470767284,8
,,,,,,,,21.553661965974815,20.212496407913836,8
,,,,,,,,5.047802903368968,4.6024185943227485,8
,,,,,,,,11.873872146214675,11.6275705387452,8
,,,,,,,,5.537972235301261,4.745406647304219,8
,,,,,,,,2.6608395105265688,2.3318483033279715,8
,,,,,,,,3.048593148374431,2.7375986250408184,8
,,,,,,,,0.9029432285278323,0.7656444150433687,8
,,,,,,,,1.2021451309263051,1.376839426408711,8
,,,,,,,,2.3737513264685015,2.639557091267028,8
,,,,,,,,1.4513409416044165,1.5202576052914718,8
,,,,,,,,3.0373544323632604,3.2903839492716713,8
,,,,,,,,3.564678037584681,3.6766985147071343,8
,,,,,,,,3.7770141852578196,4.030138082978926,8
,,,,,,,,5.64884098577714,6.431919470767284,8
